Timestamp,Milliseconds,centimeters
2019-10-27 18:41:01,1,8.0
2019-10-27 18:41:02,1000,8.0
2019-10-27 18:41:03,2000,8.0
2019-10-27 18:41:04,3001,8.0
2019-10-27 18:41:05,4000,8.0
2019-10-27 18:41:06,5001,0.0
2019-10-27 18:41:07,6000,0.0
2019-10-27 18:41:08,7000,0.0
2019-10-27 18:41:09,8001,0.0
2019-10-27 18:41:10,9000,0.0
2019-10-27 18:41:11,10000,0.0
2019-10-27 18:41:12,11000,0.0
2019-10-27 18:41:13,12001,8.0
2019-10-27 18:41:14,13000,8.0
2019-10-27 18:41:15,14000,8.0
2019-10-27 18:41:16,15000,8.0
2019-10-27 18:41:17,16001,8.0
2019-10-27 18:41:18,17000,8.0
2019-10-27 18:41:19,18001,8.0
2019-10-27 18:41:20,19000,8.0
2019-10-27 18:41:21,20000,8.0
2019-10-27 18:41:22,21001,8.0
2019-10-27 18:41:23,22000,8.0
2019-10-27 18:41:24,23000,8.0
2019-10-27 18:41:25,24000,8.0
2019-10-27 18:41:26,25000,8.0
2019-10-27 18:41:27,26001,8.0
2019-10-27 18:41:28,27000,8.0
2019-10-27 18:41:29,28000,8.0
2019-10-27 18:41:30,29001,8.0
2019-10-27 18:41:31,30000,8.0
2019-10-27 18:41:32,31001,8.0
2019-10-27 18:41:33,32000,8.0
2019-10-27 18:41:34,33000,8.0
2019-10-27 18:41:35,34001,8.0
2019-10-27 18:41:36,35000,8.0
2019-10-27 18:41:37,36000,8.0
2019-10-27 18:41:38,37001,8.0
2019-10-27 18:41:39,38000,8.0
2019-10-27 18:41:40,39000,8.0
2019-10-27 18:41:41,40001,8.0
2019-10-27 18:41:42,41000,8.0
2019-10-27 18:41:43,42001,8.0
2019-10-27 18:41:44,43000,8.0
2019-10-27 18:41:45,44000,8.0
2019-10-27 18:41:46,45000,8.0
2019-10-27 18:41:47,46001,8.0
2019-10-27 18:41:48,47000,8.0
2019-10-27 18:41:49,48000,8.0
2019-10-27 18:41:50,49001,8.0
2019-10-27 18:41:51,50000,8.0
2019-10-27 18:41:52,51000,8.0
2019-10-27 18:41:53,52000,8.0
2019-10-27 18:41:54,53001,8.0
2019-10-27 18:41:55,54000,8.0
2019-10-27 18:41:56,55000,8.0
2019-10-27 18:41:57,56001,8.0
2019-10-27 18:41:58,57000,8.0
2019-10-27 18:41:59,58000,8.0
2019-10-27 18:42:00,59000,8.0
2019-10-27 18:42:01,60001,8.0
2019-10-27 18:42:02,61000,8.0
2019-10-27 18:42:03,62000,8.0
2019-10-27 18:42:04,63001,8.0
2019-10-27 18:42:05,64000,8.0
2019-10-27 18:42:06,65000,8.0
2019-10-27 18:42:07,66001,8.0
2019-10-27 18:42:08,67000,8.0
2019-10-27 18:42:09,68000,8.0
2019-10-27 18:42:10,69000,8.0
2019-10-27 18:42:11,70001,8.0
2019-10-27 18:42:12,71000,8.0
2019-10-27 18:42:13,72000,8.0
2019-10-27 18:42:14,73001,8.0
2019-10-27 18:42:15,74000,8.0
2019-10-27 18:42:16,75000,8.0
2019-10-27 18:42:17,76000,8.0
2019-10-27 18:42:18,77000,8.0
2019-10-27 18:42:19,78000,8.0
2019-10-27 18:42:20,79000,8.0
2019-10-27 18:42:21,80001,8.0
2019-10-27 18:42:22,81000,8.0
2019-10-27 18:42:23,82001,8.0
2019-10-27 18:42:24,83000,8.0
2019-10-27 18:42:25,84000,8.0
2019-10-27 18:42:26,85001,8.0
2019-10-27 18:42:27,86000,8.0
2019-10-27 18:42:28,87000,8.0
2019-10-27 18:42:29,88001,8.0
2019-10-27 18:42:30,89000,8.0
2019-10-27 18:42:31,90000,8.0
2019-10-27 18:42:32,91001,8.0
2019-10-27 18:42:33,92000,8.0
2019-10-27 18:42:34,93000,8.0
2019-10-27 18:42:35,94001,8.0
2019-10-27 18:42:36,95000,8.0
2019-10-27 18:42:37,96000,8.0
2019-10-27 18:42:38,97000,8.0
2019-10-27 18:42:39,98000,8.0
2019-10-27 18:42:40,99001,8.0
2019-10-27 18:42:41,100001,8.0
2019-10-27 18:42:42,101000,8.0
2019-10-27 18:42:43,102000,8.0
2019-10-27 18:42:44,103001,8.0
2019-10-27 18:42:45,104000,8.0
2019-10-27 18:42:46,105000,8.0
2019-10-27 18:42:47,106001,8.0
2019-10-27 18:42:48,107000,8.0
2019-10-27 18:42:49,108000,8.0
2019-10-27 18:42:50,109001,8.0
2019-10-27 18:42:51,110000,8.0
2019-10-27 18:42:52,111000,8.0
2019-10-27 18:42:53,112001,8.0
2019-10-27 18:42:54,113000,8.0
2019-10-27 18:42:55,114002,8.0
2019-10-27 18:42:56,115000,8.0
2019-10-27 18:42:57,116000,8.0
2019-10-27 18:42:58,117001,8.0
2019-10-27 18:42:59,118000,8.0
2019-10-27 18:43:00,119000,8.0
2019-10-27 18:43:01,120001,8.0
2019-10-27 18:43:02,121000,8.0
2019-10-27 18:43:03,122000,8.0
2019-10-27 18:43:04,123001,8.0
2019-10-27 18:43:05,124001,8.0
2019-10-27 18:43:06,125000,8.0
2019-10-27 18:43:07,126001,8.0
2019-10-27 18:43:08,127000,8.0
2019-10-27 18:43:09,128000,8.0
2019-10-27 18:43:10,129001,8.0
2019-10-27 18:43:11,130000,8.0
2019-10-27 18:43:12,131000,8.0
2019-10-27 18:43:13,132000,8.0
2019-10-27 18:43:14,133001,8.0
2019-10-27 18:43:15,134000,8.0
2019-10-27 18:43:16,135000,8.0
2019-10-27 18:43:17,136000,8.0
2019-10-27 18:43:18,137001,8.0
2019-10-27 18:43:19,138000,8.0
2019-10-27 18:43:20,139000,0.0
2019-10-27 18:43:21,140001,0.0
2019-10-27 18:43:22,141000,0.0
2019-10-27 18:43:23,142000,0.0
2019-10-27 18:43:24,143000,0.0
2019-10-27 18:43:25,144001,0.0
2019-10-27 18:43:26,145000,0.0
2019-10-27 18:43:27,146000,0.0
2019-10-27 18:43:28,147003,0.0
2019-10-27 18:43:29,148000,0.0
2019-10-27 18:43:30,149000,0.0
2019-10-27 18:43:31,150001,0.0
2019-10-27 18:43:32,151000,0.0
2019-10-27 18:43:33,152000,0.0
2019-10-27 18:43:34,153000,0.0
2019-10-27 18:43:35,154001,0.0
2019-10-27 18:43:36,155000,0.0
2019-10-27 18:43:37,156001,0.0
2019-10-27 18:43:38,157000,0.0
2019-10-27 18:43:39,158001,0.0
2019-10-27 18:43:40,159000,0.0
2019-10-27 18:43:41,160000,0.0
2019-10-27 18:43:42,161000,0.0
2019-10-27 18:43:43,162000,0.0
2019-10-27 18:43:44,163001,0.0
2019-10-27 18:43:45,164000,0.0
2019-10-27 18:43:46,165000,0.0
2019-10-27 18:43:47,166001,0.0
2019-10-27 18:43:48,167000,0.0
2019-10-27 18:43:49,168000,0.0
2019-10-27 18:43:50,169000,0.0
2019-10-27 18:43:51,170000,0.0
2019-10-27 18:43:52,171001,0.0
2019-10-27 18:43:53,172000,0.0
2019-10-27 18:43:54,173000,0.0
2019-10-27 18:43:55,174000,0.0
2019-10-27 18:43:56,175001,0.0
2019-10-27 18:43:57,176000,0.0
2019-10-27 18:43:58,177000,0.0
2019-10-27 18:43:59,178000,0.0
2019-10-27 18:44:00,179001,0.0
2019-10-27 18:44:01,180000,0.0
2019-10-27 18:44:02,181000,0.0
2019-10-27 18:44:03,182000,0.0
2019-10-27 18:44:04,183001,0.0
2019-10-27 18:44:05,184000,0.0
2019-10-27 18:44:06,185001,0.0
2019-10-27 18:44:07,186000,0.0
2019-10-27 18:44:08,187000,0.0
2019-10-27 18:44:09,188000,0.0
2019-10-27 18:44:10,189001,0.0
2019-10-27 18:44:11,190001,0.0
2019-10-27 18:44:12,191000,0.0
2019-10-27 18:44:13,192000,0.0
2019-10-27 18:44:14,193000,0.0
2019-10-27 18:44:15,194000,0.0
2019-10-27 18:44:16,195000,0.0
2019-10-27 18:44:17,196001,0.0
2019-10-27 18:44:18,197000,0.0
2019-10-27 18:44:19,198001,0.0
2019-10-27 18:44:20,199000,0.0
2019-10-27 18:44:21,200000,0.0
2019-10-27 18:44:22,201000,0.0
2019-10-27 18:44:23,202001,0.0
2019-10-27 18:44:24,203000,0.0
2019-10-27 18:44:25,204000,0.0
2019-10-27 18:44:26,205001,0.0
2019-10-27 18:44:27,206000,0.0
2019-10-27 18:44:28,207001,0.0
2019-10-27 18:44:29,208000,0.0
2019-10-27 18:44:30,209000,0.0
2019-10-27 18:44:31,210001,0.0
2019-10-27 18:44:32,211000,0.0
2019-10-27 18:44:33,212000,0.0
2019-10-27 18:44:34,213000,0.0
2019-10-27 18:44:35,214001,0.0
2019-10-27 18:44:36,215000,0.0
2019-10-27 18:44:37,216000,0.0
2019-10-27 18:44:38,217001,0.0
2019-10-27 18:44:39,218000,0.0
2019-10-27 18:44:40,219001,0.0
2019-10-27 18:44:41,220000,0.0
2019-10-27 18:44:42,221001,0.0
2019-10-27 18:44:43,222000,0.0
2019-10-27 18:44:44,223000,0.0
2019-10-27 18:44:45,224001,0.0
2019-10-27 18:44:46,225000,0.0
2019-10-27 18:44:47,226001,0.0
2019-10-27 18:44:48,227000,0.0
2019-10-27 18:44:49,228001,0.0
2019-10-27 18:44:50,229000,0.0
2019-10-27 18:44:51,230000,0.0
2019-10-27 18:44:52,231001,0.0
2019-10-27 18:44:53,232000,0.0
2019-10-27 18:44:54,233000,0.0
2019-10-27 18:44:55,234000,0.0
2019-10-27 18:44:56,235001,0.0
2019-10-27 18:44:57,236000,0.0
2019-10-27 18:44:58,237000,0.0
2019-10-27 18:44:59,238001,0.0
2019-10-27 18:45:00,239000,0.0
2019-10-27 18:45:01,240000,0.0
2019-10-27 18:45:02,241000,0.0
2019-10-27 18:45:03,242000,0.0
2019-10-27 18:45:04,243000,0.0
2019-10-27 18:45:05,244001,0.0
2019-10-27 18:45:06,245000,0.0
2019-10-27 18:45:07,246000,0.0
2019-10-27 18:45:08,247000,0.0
2019-10-27 18:45:09,248000,0.0
2019-10-27 18:45:10,249001,0.0
2019-10-27 18:45:11,250000,0.0
2019-10-27 18:45:12,251000,0.0
2019-10-27 18:45:13,252000,0.0
2019-10-27 18:45:14,253000,0.0
2019-10-27 18:45:15,254001,0.0
2019-10-27 18:45:16,255000,0.0
2019-10-27 18:45:17,256000,0.0
2019-10-27 18:45:18,257000,0.0
2019-10-27 18:45:19,258001,0.0
2019-10-27 18:45:20,259000,0.0
2019-10-27 18:45:21,260000,0.0
2019-10-27 18:45:22,261000,0.0
2019-10-27 18:45:23,262001,0.0
2019-10-27 18:45:24,263000,0.0
2019-10-27 18:45:25,264000,0.0
2019-10-27 18:45:26,265000,0.0
2019-10-27 18:45:27,266001,0.0
2019-10-27 18:45:28,267000,0.0
2019-10-27 18:45:29,268000,0.0
2019-10-27 18:45:30,269000,0.0
2019-10-27 18:45:31,270000,0.0
2019-10-27 18:45:32,271000,0.0
2019-10-27 18:45:33,272000,0.0
2019-10-27 18:45:34,273001,0.0
2019-10-27 18:45:35,274000,0.0
2019-10-27 18:45:36,275002,0.0
2019-10-27 18:45:37,276000,0.0
2019-10-27 18:45:38,277000,0.0
2019-10-27 18:45:39,278001,0.0
2019-10-27 18:45:40,279000,0.0
2019-10-27 18:45:41,280000,0.0
2019-10-27 18:45:42,281000,0.0
2019-10-27 18:45:43,282000,0.0
2019-10-27 18:45:44,283001,0.0
2019-10-27 18:45:45,284001,0.0
2019-10-27 18:45:46,285000,0.0
2019-10-27 18:45:47,286001,0.0
2019-10-27 18:45:48,287000,0.0
2019-10-27 18:45:49,288000,0.0
2019-10-27 18:45:50,289001,0.0
2019-10-27 18:45:51,290000,0.0
2019-10-27 18:45:52,291000,0.0
2019-10-27 18:45:53,292001,0.0
2019-10-27 18:45:54,293000,8.0
2019-10-27 18:45:55,294000,8.0
2019-10-27 18:45:56,295000,8.0
2019-10-27 18:45:57,296002,8.0
2019-10-27 18:45:58,297000,8.0
2019-10-27 18:45:59,298000,8.0
2019-10-27 18:46:00,299001,8.0
2019-10-27 18:46:01,300000,8.0
2019-10-27 18:46:02,301000,8.0
2019-10-27 18:46:03,302000,8.0
2019-10-27 18:46:04,303001,8.0
2019-10-27 18:46:05,304000,8.0
2019-10-27 18:46:06,305000,8.0
2019-10-27 18:46:07,306000,8.0
2019-10-27 18:46:08,307001,8.0
2019-10-27 18:46:09,308000,8.0
2019-10-27 18:46:10,309000,8.0
2019-10-27 18:46:11,310000,8.0
2019-10-27 18:46:12,311000,8.0
2019-10-27 18:46:13,312001,8.0
2019-10-27 18:46:14,313000,8.0
2019-10-27 18:46:15,314000,8.0
2019-10-27 18:46:16,315000,8.0
2019-10-27 18:46:17,316000,8.0
2019-10-27 18:46:18,317000,8.0
2019-10-27 18:46:19,318000,8.0
2019-10-27 18:46:20,319000,8.0
2019-10-27 18:46:21,320001,8.0
2019-10-27 18:46:22,321000,8.0
2019-10-27 18:46:23,322000,8.0
2019-10-27 18:46:24,323000,8.0
2019-10-27 18:46:25,324001,8.0
2019-10-27 18:46:26,325000,8.0
2019-10-27 18:46:27,326002,8.0
2019-10-27 18:46:28,327001,8.0
2019-10-27 18:46:29,328000,8.0
2019-10-27 18:46:30,329000,8.0
2019-10-27 18:46:31,330001,8.0
2019-10-27 18:46:32,331000,8.0
2019-10-27 18:46:33,332000,8.0
2019-10-27 18:46:34,333001,8.0
2019-10-27 18:46:35,334000,8.0
2019-10-27 18:46:36,335000,8.0
2019-10-27 18:46:37,336001,8.0
2019-10-27 18:46:38,337000,8.0
2019-10-27 18:46:39,338000,8.0
2019-10-27 18:46:40,339000,8.0
2019-10-27 18:46:41,340000,8.0
2019-10-27 18:46:42,341001,8.0
2019-10-27 18:46:43,342000,8.0
2019-10-27 18:46:44,343000,8.0
2019-10-27 18:46:45,344000,8.0
2019-10-27 18:46:46,345002,8.0
2019-10-27 18:46:47,346000,8.0
2019-10-27 18:46:48,347000,8.0
2019-10-27 18:46:49,348001,8.0
2019-10-27 18:46:50,349001,8.0
2019-10-27 18:46:51,350000,8.0
2019-10-27 18:46:52,351000,8.0
2019-10-27 18:46:53,352001,8.0
2019-10-27 18:46:54,353000,8.0
2019-10-27 18:46:55,354000,8.0
2019-10-27 18:46:56,355000,8.0
2019-10-27 18:46:57,356001,8.0
2019-10-27 18:46:58,357000,8.0
2019-10-27 18:46:59,358000,8.0
2019-10-27 18:47:00,359000,8.0
2019-10-27 18:47:01,360001,8.0
2019-10-27 18:47:02,361000,8.0
2019-10-27 18:47:03,362000,8.0
2019-10-27 18:47:04,363000,8.0
2019-10-27 18:47:05,364001,8.0
2019-10-27 18:47:06,365000,8.0
2019-10-27 18:47:07,366001,8.0
2019-10-27 18:47:08,367000,8.0
2019-10-27 18:47:09,368000,8.0
2019-10-27 18:47:10,369000,8.0
2019-10-27 18:47:11,370001,8.0
2019-10-27 18:47:12,371000,8.0
2019-10-27 18:47:13,372000,8.0
2019-10-27 18:47:14,373000,8.0
2019-10-27 18:47:15,374000,8.0
2019-10-27 18:47:16,375000,8.0
2019-10-27 18:47:17,376001,8.0
2019-10-27 18:47:18,377000,8.0
2019-10-27 18:47:19,378000,8.0
2019-10-27 18:47:20,379000,8.0
2019-10-27 18:47:21,380001,8.0
2019-10-27 18:47:22,381000,8.0
2019-10-27 18:47:23,382000,8.0
2019-10-27 18:47:24,383000,8.0
2019-10-27 18:47:25,384000,8.0
2019-10-27 18:47:26,385000,8.0
2019-10-27 18:47:28,386036,8.0
2019-10-27 18:47:29,387039,8.0
2019-10-27 18:47:30,388039,8.0
2019-10-27 18:47:31,389040,8.0
2019-10-27 18:47:32,390036,8.0
2019-10-27 18:47:32,391003,8.0
2019-10-27 18:47:34,392039,8.0
2019-10-27 18:47:34,393008,8.0
2019-10-27 18:47:36,394038,8.0
2019-10-27 18:47:37,395039,8.0
2019-10-27 18:47:38,396037,8.0
2019-10-27 18:47:39,397040,8.0
2019-10-27 18:47:40,398039,8.0
2019-10-27 18:47:41,399039,8.0
2019-10-27 18:47:42,400037,8.0
2019-10-27 18:47:43,401041,8.0
2019-10-27 18:47:44,402039,8.0
2019-10-27 18:47:45,403040,8.0
2019-10-27 18:47:45,404021,8.0
2019-10-27 18:47:47,405040,8.0
2019-10-27 18:47:48,406040,8.0
2019-10-27 18:47:49,407027,8.0
2019-10-27 18:47:50,408039,8.0
2019-10-27 18:47:51,409039,8.0
2019-10-27 18:47:51,410023,8.0
2019-10-27 18:47:53,411051,8.0
2019-10-27 18:47:54,412031,8.0
2019-10-27 18:47:55,413039,8.0
2019-10-27 18:47:56,414031,8.0
2019-10-27 18:47:57,415051,8.0
2019-10-27 18:47:58,416039,8.0
2019-10-27 18:47:59,417032,8.0
2019-10-27 18:48:00,418039,8.0
2019-10-27 18:48:00,419003,8.0
2019-10-27 18:48:02,420039,8.0
2019-10-27 18:48:03,421039,8.0
2019-10-27 18:48:04,422036,8.0
2019-10-27 18:48:04,423014,8.0
2019-10-27 18:48:05,424015,8.0
2019-10-27 18:48:07,425040,8.0
2019-10-27 18:48:07,426015,8.0
2019-10-27 18:48:08,427020,8.0
2019-10-27 18:48:09,428012,8.0
2019-10-27 18:48:11,429037,8.0
2019-10-27 18:48:12,430037,8.0
2019-10-27 18:48:13,431037,8.0
2019-10-27 18:48:14,432039,8.0
2019-10-27 18:48:15,433031,8.0
2019-10-27 18:48:16,434037,8.0
2019-10-27 18:48:17,435037,8.0
2019-10-27 18:48:18,436037,8.0
2019-10-27 18:48:19,437051,8.0
2019-10-27 18:48:20,438037,8.0
2019-10-27 18:48:21,439040,8.0
2019-10-27 18:48:22,440038,8.0
2019-10-27 18:48:23,441036,8.0
2019-10-27 18:48:24,442039,8.0
2019-10-27 18:48:25,443040,8.0
2019-10-27 18:48:26,444027,8.0
2019-10-27 18:48:27,445036,8.0
2019-10-27 18:48:28,446051,8.0
2019-10-27 18:48:29,447035,8.0
2019-10-27 18:48:30,448039,8.0
2019-10-27 18:48:31,449036,8.0
2019-10-27 18:48:31,450005,8.0
2019-10-27 18:48:33,451051,8.0
2019-10-27 18:48:33,452001,8.0
2019-10-27 18:48:34,453001,8.0
2019-10-27 18:48:36,454038,8.0
2019-10-27 18:48:36,455023,8.0
2019-10-27 18:48:37,456008,8.0
2019-10-27 18:48:39,457051,8.0
2019-10-27 18:48:40,458031,8.0
2019-10-27 18:48:41,459026,8.0
2019-10-27 18:48:42,460039,8.0
2019-10-27 18:48:43,461038,8.0
2019-10-27 18:48:44,462040,8.0
2019-10-27 18:48:45,463051,8.0
2019-10-27 18:48:46,464036,8.0
2019-10-27 18:48:47,465039,8.0
2019-10-27 18:48:48,466036,8.0
2019-10-27 18:48:48,467012,8.0
2019-10-27 18:48:50,468037,8.0
2019-10-27 18:48:51,469031,8.0
2019-10-27 18:48:52,470036,8.0
2019-10-27 18:48:53,471036,8.0
2019-10-27 18:48:54,472039,8.0
2019-10-27 18:48:55,473039,8.0
2019-10-27 18:48:56,474039,8.0
2019-10-27 18:48:57,475038,8.0
2019-10-27 18:48:58,476051,8.0
2019-10-27 18:48:58,477015,8.0
2019-10-27 18:49:00,478036,8.0
2019-10-27 18:49:01,479036,8.0
2019-10-27 18:49:02,480036,8.0
2019-10-27 18:49:03,481039,8.0
2019-10-27 18:49:04,482031,8.0
2019-10-27 18:49:05,483039,8.0
2019-10-27 18:49:06,484039,8.0
2019-10-27 18:49:07,485036,8.0
2019-10-27 18:49:08,486040,8.0
2019-10-27 18:49:09,487040,8.0
2019-10-27 18:49:09,488017,8.0
2019-10-27 18:49:10,489017,8.0
2019-10-27 18:49:12,490037,8.0
2019-10-27 18:49:13,491039,8.0
2019-10-27 18:49:14,492027,8.0
2019-10-27 18:49:14,493006,8.0
2019-10-27 18:49:16,494051,8.0
2019-10-27 18:49:17,495051,8.0
2019-10-27 18:49:18,496051,8.0
2019-10-27 18:49:19,497036,8.0
2019-10-27 18:49:20,498038,8.0
2019-10-27 18:49:21,499037,8.0
2019-10-27 18:49:22,500038,8.0
2019-10-27 18:49:23,501030,8.0
2019-10-27 18:49:23,502008,8.0
2019-10-27 18:49:25,503037,8.0
2019-10-27 18:49:26,504051,8.0
2019-10-27 18:49:27,505036,8.0
2019-10-27 18:49:28,506031,8.0
2019-10-27 18:49:29,507039,8.0
2019-10-27 18:49:29,508022,8.0
2019-10-27 18:49:30,509022,8.0
2019-10-27 18:49:32,510038,8.0
2019-10-27 18:49:33,511037,8.0
2019-10-27 18:49:34,512040,8.0
2019-10-27 18:49:35,513040,8.0
2019-10-27 18:49:36,514037,8.0
2019-10-27 18:49:37,515038,8.0
2019-10-27 18:49:38,516039,8.0
2019-10-27 18:49:39,517037,8.0
2019-10-27 18:49:40,518038,8.0
2019-10-27 18:49:41,519039,8.0
2019-10-27 18:49:42,520029,8.0
2019-10-27 18:49:43,521039,8.0
2019-10-27 18:49:43,522022,8.0
2019-10-27 18:49:44,523015,8.0
2019-10-27 18:49:46,524031,8.0
2019-10-27 18:49:47,525051,8.0
2019-10-27 18:49:48,526037,8.0
2019-10-27 18:49:49,527037,8.0
2019-10-27 18:49:50,528031,8.0
2019-10-27 18:49:51,529051,8.0
2019-10-27 18:49:51,530015,8.0
2019-10-27 18:49:53,531037,8.0
2019-10-27 18:49:54,532032,8.0
2019-10-27 18:49:55,533040,8.0
2019-10-27 18:49:56,534038,8.0
2019-10-27 18:49:57,535036,8.0
2019-10-27 18:49:57,536018,8.0
2019-10-27 18:49:59,537039,8.0
2019-10-27 18:50:00,538039,8.0
2019-10-27 18:50:01,539039,8.0
2019-10-27 18:50:02,540039,8.0
2019-10-27 18:50:03,541037,8.0
2019-10-27 18:50:04,542037,8.0
2019-10-27 18:50:05,543039,8.0
2019-10-27 18:50:06,544040,8.0
2019-10-27 18:50:07,545036,8.0
2019-10-27 18:50:08,546040,8.0
2019-10-27 18:50:09,547037,8.0
2019-10-27 18:50:10,548039,8.0
2019-10-27 18:50:11,549039,8.0
2019-10-27 18:50:12,550039,8.0
2019-10-27 18:50:12,551011,8.0
2019-10-27 18:50:14,552040,8.0
2019-10-27 18:50:15,553039,8.0
2019-10-27 18:50:16,554039,8.0
2019-10-27 18:50:17,555040,8.0
2019-10-27 18:50:18,556039,8.0
2019-10-27 18:50:19,557039,8.0
2019-10-27 18:50:20,558039,8.0
2019-10-27 18:50:21,559039,8.0
2019-10-27 18:50:22,560037,8.0
2019-10-27 18:50:23,561040,8.0
2019-10-27 18:50:24,562037,8.0
2019-10-27 18:50:25,563039,8.0
2019-10-27 18:50:26,564040,8.0
2019-10-27 18:50:27,565038,8.0
2019-10-27 18:50:28,566037,8.0
2019-10-27 18:50:29,567036,8.0
2019-10-27 18:50:30,568038,8.0
2019-10-27 18:50:30,569001,8.0
2019-10-27 18:50:32,570038,8.0
2019-10-27 18:50:33,571038,8.0
2019-10-27 18:50:34,572039,8.0
2019-10-27 18:50:35,573038,8.0
2019-10-27 18:50:36,574041,8.0
2019-10-27 18:50:37,575040,8.0
2019-10-27 18:50:38,576037,8.0
2019-10-27 18:50:39,577039,8.0
2019-10-27 18:50:39,578021,8.0
2019-10-27 18:50:41,579037,8.0
2019-10-27 18:50:41,580014,8.0
2019-10-27 18:50:42,581011,8.0
2019-10-27 18:50:44,582039,8.0
2019-10-27 18:50:45,583039,8.0
2019-10-27 18:50:45,584011,8.0
2019-10-27 18:50:47,585038,8.0
2019-10-27 18:50:48,586031,8.0
2019-10-27 18:50:49,587039,8.0
2019-10-27 18:50:49,588011,8.0
2019-10-27 18:50:50,589021,8.0
2019-10-27 18:50:52,590039,8.0
2019-10-27 18:50:53,591037,8.0
2019-10-27 18:50:54,592039,8.0
2019-10-27 18:50:55,593031,8.0
2019-10-27 18:50:56,594032,8.0
2019-10-27 18:50:57,595037,8.0
2019-10-27 18:50:58,596031,8.0
2019-10-27 18:50:59,597040,8.0
2019-10-27 18:50:59,598014,8.0
2019-10-27 18:51:00,599014,8.0
2019-10-27 18:51:02,600031,8.0
2019-10-27 18:51:02,601025,8.0
2019-10-27 18:51:04,602030,8.0
2019-10-27 18:51:05,603039,8.0
2019-10-27 18:51:06,604037,8.0
2019-10-27 18:51:07,605037,8.0
2019-10-27 18:51:08,606030,8.0
2019-10-27 18:51:09,607029,8.0
2019-10-27 18:51:10,608031,8.0
2019-10-27 18:51:11,609029,8.0
2019-10-27 18:51:12,610031,8.0
2019-10-27 18:51:13,611029,8.0
2019-10-27 18:51:13,612020,8.0
2019-10-27 18:51:15,613051,8.0
2019-10-27 18:51:16,614038,8.0
2019-10-27 18:51:17,615037,8.0
2019-10-27 18:51:18,616039,8.0
2019-10-27 18:51:19,617051,8.0
2019-10-27 18:51:20,618029,8.0
2019-10-27 18:51:21,619051,8.0
2019-10-27 18:51:22,620030,8.0
2019-10-27 18:51:23,621029,8.0
2019-10-27 18:51:24,622039,8.0
2019-10-27 18:51:25,623031,8.0
2019-10-27 18:51:26,624037,8.0
2019-10-27 18:51:26,625011,8.0
2019-10-27 18:51:28,626037,8.0
2019-10-27 18:51:29,627036,8.0
2019-10-27 18:51:30,628039,8.0
2019-10-27 18:51:31,629036,8.0
2019-10-27 18:51:31,630021,8.0
2019-10-27 18:51:33,631039,8.0
2019-10-27 18:51:34,632037,8.0
2019-10-27 18:51:35,633038,8.0
2019-10-27 18:51:36,634028,8.0
2019-10-27 18:51:37,635039,8.0
2019-10-27 18:51:37,636024,8.0
2019-10-27 18:51:39,637040,8.0
2019-10-27 18:51:40,638029,8.0
2019-10-27 18:51:41,639031,8.0
2019-10-27 18:51:42,640039,8.0
2019-10-27 18:51:42,641012,8.0
2019-10-27 18:51:44,642037,8.0
2019-10-27 18:51:45,643039,8.0
2019-10-27 18:51:46,644038,8.0
2019-10-27 18:51:47,645038,8.0
2019-10-27 18:51:48,646031,8.0
2019-10-27 18:51:49,647038,8.0
2019-10-27 18:51:50,648038,8.0
2019-10-27 18:51:51,649037,8.0
2019-10-27 18:51:52,650039,8.0
2019-10-27 18:51:53,651039,8.0
2019-10-27 18:51:54,652039,8.0
2019-10-27 18:51:55,653038,8.0
2019-10-27 18:51:56,654040,8.0
2019-10-27 18:51:57,655036,8.0
2019-10-27 18:51:57,656015,8.0
2019-10-27 18:51:59,657040,8.0
2019-10-27 18:52:00,658039,8.0
2019-10-27 18:52:01,659036,8.0
2019-10-27 18:52:02,660051,8.0
2019-10-27 18:52:03,661051,8.0
2019-10-27 18:52:04,662041,8.0
2019-10-27 18:52:05,663039,8.0
2019-10-27 18:52:06,664040,8.0
2019-10-27 18:52:06,665024,8.0
2019-10-27 18:52:08,666038,8.0
2019-10-27 18:52:08,667014,8.0
2019-10-27 18:52:10,668037,8.0
2019-10-27 18:52:11,669039,8.0
2019-10-27 18:52:12,670040,8.0
2019-10-27 18:52:13,671037,8.0
2019-10-27 18:52:13,672015,8.0
2019-10-27 18:52:15,673031,8.0
2019-10-27 18:52:16,674038,8.0
2019-10-27 18:52:16,675011,8.0
2019-10-27 18:52:18,676031,8.0
2019-10-27 18:52:18,677002,8.0
2019-10-27 18:52:20,678031,8.0
2019-10-27 18:52:21,679036,8.0
2019-10-27 18:52:22,680037,8.0
2019-10-27 18:52:23,681037,8.0
2019-10-27 18:52:24,682037,8.0
2019-10-27 18:52:25,683031,8.0
2019-10-27 18:52:26,684037,8.0
2019-10-27 18:52:27,685037,8.0
2019-10-27 18:52:28,686040,8.0
2019-10-27 18:52:29,687040,8.0
2019-10-27 18:52:30,688031,8.0
2019-10-27 18:52:31,689041,8.0
2019-10-27 18:52:32,690036,8.0
2019-10-27 18:52:33,691038,8.0
2019-10-27 18:52:34,692031,8.0
2019-10-27 18:52:35,693037,8.0
2019-10-27 18:52:36,694051,8.0
2019-10-27 18:52:37,695051,8.0
2019-10-27 18:52:38,696031,8.0
2019-10-27 18:52:39,697037,8.0
2019-10-27 18:52:39,698001,8.0
2019-10-27 18:52:41,699038,8.0
2019-10-27 18:52:42,700039,8.0
2019-10-27 18:52:43,701038,8.0
2019-10-27 18:52:44,702039,8.0
2019-10-27 18:52:45,703037,8.0
2019-10-27 18:52:45,704011,8.0
2019-10-27 18:52:46,705020,8.0
2019-10-27 18:52:47,706021,8.0
2019-10-27 18:52:49,707034,8.0
2019-10-27 18:52:50,708051,8.0
2019-10-27 18:52:51,709032,8.0
2019-10-27 18:52:52,710039,8.0
2019-10-27 18:52:53,711039,8.0
2019-10-27 18:52:54,712051,8.0
2019-10-27 18:52:54,713022,8.0
2019-10-27 18:52:56,714031,8.0
2019-10-27 18:52:57,715032,8.0
2019-10-27 18:52:58,716039,8.0
2019-10-27 18:52:59,717052,8.0
2019-10-27 18:53:00,718039,8.0
2019-10-27 18:53:01,719039,8.0
2019-10-27 18:53:02,720040,8.0
2019-10-27 18:53:03,721038,8.0
2019-10-27 18:53:04,722040,8.0
2019-10-27 18:53:04,723021,8.0
2019-10-27 18:53:06,724035,8.0
2019-10-27 18:53:07,725052,8.0
2019-10-27 18:53:07,726003,8.0
2019-10-27 18:53:09,727040,8.0
2019-10-27 18:53:10,728039,8.0
2019-10-27 18:53:11,729038,8.0
2019-10-27 18:53:12,730039,8.0
2019-10-27 18:53:13,731039,8.0
2019-10-27 18:53:14,732031,8.0
2019-10-27 18:53:15,733039,8.0
2019-10-27 18:53:16,734039,8.0
2019-10-27 18:53:17,735039,8.0
2019-10-27 18:53:18,736041,8.0
2019-10-27 18:53:19,737040,8.0
2019-10-27 18:53:20,738040,8.0
2019-10-27 18:53:21,739051,8.0
2019-10-27 18:53:22,740040,8.0
2019-10-27 18:53:23,741037,8.0
2019-10-27 18:53:23,742021,8.0
2019-10-27 18:53:25,743040,8.0
2019-10-27 18:53:25,744020,8.0
2019-10-27 18:53:26,745001,8.0
2019-10-27 18:53:28,746039,8.0
2019-10-27 18:53:29,747041,8.0
2019-10-27 18:53:30,748039,8.0
2019-10-27 18:53:30,749018,8.0
2019-10-27 18:53:31,750022,8.0
2019-10-27 18:53:33,751028,8.0
2019-10-27 18:53:34,752040,8.0
2019-10-27 18:53:35,753039,8.0
2019-10-27 18:53:36,754039,8.0
2019-10-27 18:53:36,755000,8.0
2019-10-27 18:53:37,756000,8.0
2019-10-27 18:53:38,757001,8.0
2019-10-27 18:53:39,758000,8.0
2019-10-27 18:53:40,759000,8.0
2019-10-27 18:53:41,760000,8.0
2019-10-27 18:53:42,761000,8.0
2019-10-27 18:53:43,762000,8.0
2019-10-27 18:53:44,763000,8.0
2019-10-27 18:53:45,764001,8.0
2019-10-27 18:53:46,765000,8.0
2019-10-27 18:53:47,766000,8.0
2019-10-27 18:53:48,767000,8.0
2019-10-27 18:53:49,768001,8.0
2019-10-27 18:53:50,769000,8.0
2019-10-27 18:53:51,770000,8.0
2019-10-27 18:53:52,771000,8.0
2019-10-27 18:53:53,772000,8.0
2019-10-27 18:53:54,773001,8.0
2019-10-27 18:53:55,774000,8.0
2019-10-27 18:53:56,775000,8.0
2019-10-27 18:53:57,776000,8.0
2019-10-27 18:53:58,777000,8.0
2019-10-27 18:53:59,778001,8.0
2019-10-27 18:54:00,779000,8.0
2019-10-27 18:54:01,780000,8.0
2019-10-27 18:54:02,781000,8.0
2019-10-27 18:54:03,782000,8.0
2019-10-27 18:54:04,783000,8.0
2019-10-27 18:54:05,784000,8.0
2019-10-27 18:54:06,785001,8.0
2019-10-27 18:54:07,786000,8.0
2019-10-27 18:54:08,787000,8.0
2019-10-27 18:54:09,788000,8.0
2019-10-27 18:54:10,789000,8.0
2019-10-27 18:54:11,790000,8.0
2019-10-27 18:54:12,791001,8.0
2019-10-27 18:54:13,792000,8.0
2019-10-27 18:54:14,793000,8.0
2019-10-27 18:54:15,794000,8.0
2019-10-27 18:54:16,795001,8.0
2019-10-27 18:54:17,796000,8.0
2019-10-27 18:54:18,797000,8.0
2019-10-27 18:54:19,798001,8.0
2019-10-27 18:54:20,799000,8.0
2019-10-27 18:54:21,800000,8.0
2019-10-27 18:54:22,801000,8.0
2019-10-27 18:54:23,802001,8.0
2019-10-27 18:54:24,803000,8.0
2019-10-27 18:54:25,804000,8.0
2019-10-27 18:54:26,805000,8.0
2019-10-27 18:54:27,806000,8.0
2019-10-27 18:54:28,807000,8.0
2019-10-27 18:54:29,808001,8.0
2019-10-27 18:54:30,809000,8.0
2019-10-27 18:54:31,810000,8.0
2019-10-27 18:54:32,811000,8.0
2019-10-27 18:54:33,812000,8.0
2019-10-27 18:54:34,813000,8.0
2019-10-27 18:54:35,814001,8.0
2019-10-27 18:54:36,815000,8.0
2019-10-27 18:54:37,816000,8.0
2019-10-27 18:54:38,817000,8.0
2019-10-27 18:54:39,818000,8.0
2019-10-27 18:54:40,819001,8.0
2019-10-27 18:54:41,820000,8.0
2019-10-27 18:54:42,821000,8.0
2019-10-27 18:54:43,822000,8.0
2019-10-27 18:54:44,823001,8.0
2019-10-27 18:54:45,824000,8.0
2019-10-27 18:54:46,825000,8.0
2019-10-27 18:54:47,826000,8.0
2019-10-27 18:54:48,827000,8.0
2019-10-27 18:54:49,828000,8.0
2019-10-27 18:54:50,829001,8.0
2019-10-27 18:54:51,830000,8.0
2019-10-27 18:54:52,831000,8.0
2019-10-27 18:54:53,832000,8.0
2019-10-27 18:54:54,833000,8.0
2019-10-27 18:54:55,834001,8.0
2019-10-27 18:54:56,835000,8.0
2019-10-27 18:54:57,836001,8.0
2019-10-27 18:54:58,837000,8.0
2019-10-27 18:54:59,838000,8.0
2019-10-27 18:55:00,839001,8.0
2019-10-27 18:55:01,840000,8.0
2019-10-27 18:55:02,841000,8.0
2019-10-27 18:55:03,842000,8.0
2019-10-27 18:55:04,843000,8.0
2019-10-27 18:55:05,844001,8.0
2019-10-27 18:55:06,845000,8.0
2019-10-27 18:55:07,846000,8.0
2019-10-27 18:55:08,847000,8.0
2019-10-27 18:55:09,848000,8.0
2019-10-27 18:55:10,849001,8.0
2019-10-27 18:55:11,850000,8.0
2019-10-27 18:55:12,851000,8.0
2019-10-27 18:55:13,852000,8.0
2019-10-27 18:55:14,853001,8.0
2019-10-27 18:55:15,854000,8.0
2019-10-27 18:55:16,855000,8.0
2019-10-27 18:55:17,856000,8.0
2019-10-27 18:55:18,857000,8.0
2019-10-27 18:55:19,858000,8.0
2019-10-27 18:55:20,859001,8.0
2019-10-27 18:55:21,860000,8.0
2019-10-27 18:55:22,861000,8.0
2019-10-27 18:55:23,862000,8.0
2019-10-27 18:55:24,863001,8.0
2019-10-27 18:55:25,864000,8.0
2019-10-27 18:55:26,865000,8.0
2019-10-27 18:55:27,866000,8.0
2019-10-27 18:55:28,867000,8.0
2019-10-27 18:55:29,868000,8.0
2019-10-27 18:55:30,869001,8.0
2019-10-27 18:55:31,870000,8.0
2019-10-27 18:55:32,871001,8.0
2019-10-27 18:55:33,872000,8.0
2019-10-27 18:55:34,873001,8.0
2019-10-27 18:55:35,874000,8.0
2019-10-27 18:55:36,875000,8.0
2019-10-27 18:55:37,876000,8.0
2019-10-27 18:55:38,877001,8.0
2019-10-27 18:55:39,878000,8.0
2019-10-27 18:55:40,879000,8.0
2019-10-27 18:55:41,880000,8.0
2019-10-27 18:55:42,881000,8.0
2019-10-27 18:55:43,882000,8.0
2019-10-27 18:55:44,883000,8.0
2019-10-27 18:55:45,884000,8.0
2019-10-27 18:55:46,885000,8.0
2019-10-27 18:55:47,886001,8.0
2019-10-27 18:55:48,887000,8.0
2019-10-27 18:55:49,888000,8.0
2019-10-27 18:55:50,889001,8.0
2019-10-27 18:55:51,890000,8.0
2019-10-27 18:55:52,891000,8.0
2019-10-27 18:55:53,892001,8.0
2019-10-27 18:55:54,893001,8.0
2019-10-27 18:55:55,894000,8.0
2019-10-27 18:55:56,895001,8.0
2019-10-27 18:55:57,896000,8.0
2019-10-27 18:55:58,897000,8.0
2019-10-27 18:55:59,898000,8.0
2019-10-27 18:56:00,899001,8.0
2019-10-27 18:56:01,900000,8.0
2019-10-27 18:56:02,901000,8.0
2019-10-27 18:56:03,902000,8.0
2019-10-27 18:56:04,903000,8.0
2019-10-27 18:56:05,904001,8.0
2019-10-27 18:56:06,905000,8.0
2019-10-27 18:56:07,906000,8.0
2019-10-27 18:56:08,907001,8.0
2019-10-27 18:56:09,908000,8.0
2019-10-27 18:56:10,909000,8.0
2019-10-27 18:56:11,910000,8.0
2019-10-27 18:56:12,911001,8.0
2019-10-27 18:56:13,912000,8.0
2019-10-27 18:56:14,913000,8.0
2019-10-27 18:56:15,914000,8.0
2019-10-27 18:56:16,915000,8.0
2019-10-27 18:56:17,916001,8.0
2019-10-27 18:56:18,917000,8.0
2019-10-27 18:56:19,918000,8.0
2019-10-27 18:56:20,919000,8.0
2019-10-27 18:56:21,920000,8.0
2019-10-27 18:56:22,921001,8.0
2019-10-27 18:56:23,922000,8.0
2019-10-27 18:56:24,923000,8.0
2019-10-27 18:56:25,924000,8.0
2019-10-27 18:56:26,925000,8.0
2019-10-27 18:56:27,926001,8.0
2019-10-27 18:56:28,927000,8.0
2019-10-27 18:56:29,928000,8.0
2019-10-27 18:56:30,929001,8.0
2019-10-27 18:56:31,930001,8.0
2019-10-27 18:56:32,931000,8.0
2019-10-27 18:56:33,932000,8.0
2019-10-27 18:56:34,933000,8.0
2019-10-27 18:56:35,934001,8.0
2019-10-27 18:56:36,935000,8.0
2019-10-27 18:56:37,936003,8.0
2019-10-27 18:56:38,937000,8.0
2019-10-27 18:56:39,938000,8.0
2019-10-27 18:56:40,939001,8.0
2019-10-27 18:56:41,940001,8.0
2019-10-27 18:56:42,941000,8.0
2019-10-27 18:56:43,942000,8.0
2019-10-27 18:56:44,943001,8.0
2019-10-27 18:56:45,944000,8.0
2019-10-27 18:56:46,945000,8.0
2019-10-27 18:56:47,946000,8.0
2019-10-27 18:56:48,947000,8.0
2019-10-27 18:56:49,948001,8.0
2019-10-27 18:56:50,949000,8.0
2019-10-27 18:56:51,950000,8.0
2019-10-27 18:56:52,951001,8.0
2019-10-27 18:56:53,952000,8.0
2019-10-27 18:56:54,953000,8.0
2019-10-27 18:56:55,954000,8.0
2019-10-27 18:56:56,955000,8.0
2019-10-27 18:56:57,956001,8.0
2019-10-27 18:56:58,957000,8.0
2019-10-27 18:56:59,958000,8.0
2019-10-27 18:57:00,959000,8.0
2019-10-27 18:57:01,960001,8.0
2019-10-27 18:57:02,961000,8.0
2019-10-27 18:57:03,962000,8.0
2019-10-27 18:57:04,963001,8.0
2019-10-27 18:57:05,964000,8.0
2019-10-27 18:57:06,965000,8.0
2019-10-27 18:57:07,966000,8.0
2019-10-27 18:57:08,967000,8.0
2019-10-27 18:57:09,968001,8.0
2019-10-27 18:57:10,969000,8.0
2019-10-27 18:57:11,970000,8.0
2019-10-27 18:57:12,971003,8.0
2019-10-27 18:57:13,972000,8.0
2019-10-27 18:57:14,973000,8.0
2019-10-27 18:57:15,974000,8.0
2019-10-27 18:57:16,975000,8.0
2019-10-27 18:57:17,976001,8.0
2019-10-27 18:57:18,977000,8.0
2019-10-27 18:57:19,978000,8.0
2019-10-27 18:57:20,979000,8.0
2019-10-27 18:57:21,980000,8.0
2019-10-27 18:57:22,981000,8.0
2019-10-27 18:57:23,982001,8.0
2019-10-27 18:57:24,983000,8.0
2019-10-27 18:57:25,984000,8.0
2019-10-27 18:57:26,985000,8.0
2019-10-27 18:57:27,986000,8.0
2019-10-27 18:57:28,987001,8.0
2019-10-27 18:57:29,988000,8.0
2019-10-27 18:57:30,989000,8.0
2019-10-27 18:57:31,990000,8.0
2019-10-27 18:57:32,991001,8.0
2019-10-27 18:57:33,992000,8.0
2019-10-27 18:57:34,993000,8.0
2019-10-27 18:57:35,994000,8.0
2019-10-27 18:57:36,995001,8.0
2019-10-27 18:57:37,996000,8.0
2019-10-27 18:57:38,997001,8.0
2019-10-27 18:57:39,998000,8.0
2019-10-27 18:57:40,999000,8.0
2019-10-27 18:57:41,1000000,8.0
2019-10-27 18:57:42,1001000,8.0
2019-10-27 18:57:43,1002001,8.0
2019-10-27 18:57:44,1003000,8.0
2019-10-27 18:57:45,1004000,8.0
2019-10-27 18:57:46,1005000,8.0
2019-10-27 18:57:47,1006001,8.0
2019-10-27 18:57:48,1007000,8.0
2019-10-27 18:57:49,1008000,8.0
2019-10-27 18:57:50,1009000,8.0
2019-10-27 18:57:51,1010001,8.0
2019-10-27 18:57:52,1011000,8.0
2019-10-27 18:57:53,1012000,8.0
2019-10-27 18:57:54,1013000,8.0
2019-10-27 18:57:55,1014001,8.0
2019-10-27 18:57:56,1015000,8.0
2019-10-27 18:57:57,1016000,8.0
2019-10-27 18:57:58,1017000,8.0
2019-10-27 18:57:59,1018000,8.0
2019-10-27 18:58:00,1019001,8.0
2019-10-27 18:58:01,1020000,8.0
2019-10-27 18:58:02,1021000,8.0
2019-10-27 18:58:03,1022000,8.0
2019-10-27 18:58:04,1023001,8.0
2019-10-27 18:58:05,1024000,8.0
2019-10-27 18:58:06,1025000,8.0
2019-10-27 18:58:07,1026000,8.0
2019-10-27 18:58:08,1027001,8.0
2019-10-27 18:58:09,1028000,8.0
2019-10-27 18:58:10,1029000,8.0
2019-10-27 18:58:11,1030000,8.0
2019-10-27 18:58:12,1031001,8.0
2019-10-27 18:58:13,1032000,8.0
2019-10-27 18:58:14,1033000,8.0
2019-10-27 18:58:15,1034000,8.0
2019-10-27 18:58:16,1035000,8.0
2019-10-27 18:58:17,1036001,8.0
2019-10-27 18:58:18,1037000,8.0
2019-10-27 18:58:19,1038000,8.0
2019-10-27 18:58:20,1039000,8.0
2019-10-27 18:58:21,1040001,8.0
2019-10-27 18:58:22,1041000,8.0
2019-10-27 18:58:23,1042001,8.0
2019-10-27 18:58:24,1043000,8.0
2019-10-27 18:58:25,1044000,8.0
2019-10-27 18:58:26,1045000,8.0
2019-10-27 18:58:27,1046001,8.0
2019-10-27 18:58:28,1047000,8.0
2019-10-27 18:58:29,1048001,8.0
2019-10-27 18:58:30,1049000,8.0
2019-10-27 18:58:31,1050000,8.0
2019-10-27 18:58:32,1051000,8.0
2019-10-27 18:58:33,1052000,8.0
2019-10-27 18:58:34,1053000,8.0
2019-10-27 18:58:35,1054001,8.0
2019-10-27 18:58:36,1055000,8.0
2019-10-27 18:58:37,1056000,8.0
2019-10-27 18:58:38,1057000,8.0
2019-10-27 18:58:39,1058001,8.0
2019-10-27 18:58:40,1059000,8.0
2019-10-27 18:58:41,1060000,8.0
2019-10-27 18:58:42,1061001,8.0
2019-10-27 18:58:43,1062000,8.0
2019-10-27 18:58:44,1063000,8.0
2019-10-27 18:58:45,1064000,8.0
2019-10-27 18:58:46,1065000,8.0
2019-10-27 18:58:47,1066001,8.0
2019-10-27 18:58:48,1067000,8.0
2019-10-27 18:58:49,1068000,8.0
2019-10-27 18:58:50,1069000,8.0
2019-10-27 18:58:51,1070000,8.0
2019-10-27 18:58:52,1071001,8.0
2019-10-27 18:58:53,1072000,8.0
2019-10-27 18:58:54,1073000,8.0
2019-10-27 18:58:55,1074001,8.0
2019-10-27 18:58:56,1075000,8.0
2019-10-27 18:58:57,1076000,8.0
2019-10-27 18:58:58,1077000,8.0
2019-10-27 18:58:59,1078001,8.0
2019-10-27 18:59:00,1079000,8.0
2019-10-27 18:59:01,1080000,8.0
2019-10-27 18:59:02,1081000,8.0
2019-10-27 18:59:03,1082001,8.0
2019-10-27 18:59:04,1083000,8.0
2019-10-27 18:59:05,1084000,8.0
2019-10-27 18:59:06,1085000,8.0
2019-10-27 18:59:07,1086001,8.0
2019-10-27 18:59:08,1087000,8.0
2019-10-27 18:59:09,1088000,8.0
2019-10-27 18:59:10,1089000,8.0
2019-10-27 18:59:11,1090000,8.0
2019-10-27 18:59:12,1091002,8.0
2019-10-27 18:59:13,1092000,8.0
2019-10-27 18:59:14,1093000,8.0
2019-10-27 18:59:15,1094000,8.0
2019-10-27 18:59:16,1095001,8.0
2019-10-27 18:59:17,1096000,8.0
2019-10-27 18:59:18,1097000,8.0
2019-10-27 18:59:19,1098000,8.0
2019-10-27 18:59:20,1099001,8.0
2019-10-27 18:59:21,1100000,8.0
2019-10-27 18:59:22,1101000,8.0
2019-10-27 18:59:23,1102000,8.0
2019-10-27 18:59:24,1103000,8.0
2019-10-27 18:59:25,1104000,8.0
2019-10-27 18:59:26,1105000,8.0
2019-10-27 18:59:27,1106000,8.0
2019-10-27 18:59:28,1107001,8.0
2019-10-27 18:59:29,1108000,8.0
2019-10-27 18:59:30,1109000,8.0
2019-10-27 18:59:31,1110001,8.0
2019-10-27 18:59:32,1111000,8.0
2019-10-27 18:59:33,1112000,8.0
2019-10-27 18:59:34,1113001,8.0
2019-10-27 18:59:35,1114000,8.0
2019-10-27 18:59:36,1115001,8.0
2019-10-27 18:59:37,1116000,8.0
2019-10-27 18:59:38,1117000,8.0
2019-10-27 18:59:39,1118000,8.0
2019-10-27 18:59:40,1119001,8.0
2019-10-27 18:59:41,1120000,8.0
2019-10-27 18:59:42,1121000,8.0
2019-10-27 18:59:43,1122000,8.0
2019-10-27 18:59:44,1123001,8.0
2019-10-27 18:59:45,1124000,8.0
2019-10-27 18:59:46,1125001,8.0
2019-10-27 18:59:47,1126000,8.0
2019-10-27 18:59:48,1127000,8.0
2019-10-27 18:59:49,1128000,8.0
2019-10-27 18:59:50,1129000,8.0
2019-10-27 18:59:51,1130001,8.0
2019-10-27 18:59:52,1131000,8.0
2019-10-27 18:59:53,1132000,8.0
2019-10-27 18:59:54,1133000,8.0
2019-10-27 18:59:55,1134000,8.0
2019-10-27 18:59:56,1135001,8.0
2019-10-27 18:59:57,1136000,8.0
2019-10-27 18:59:58,1137001,8.0
2019-10-27 18:59:59,1138000,8.0
2019-10-27 19:00:00,1139000,8.0
2019-10-27 19:00:01,1140000,8.0
2019-10-27 19:00:02,1141000,8.0
2019-10-27 19:00:03,1142000,8.0
2019-10-27 19:00:04,1143000,8.0
2019-10-27 19:00:05,1144001,8.0
2019-10-27 19:00:06,1145000,8.0
2019-10-27 19:00:07,1146000,8.0
2019-10-27 19:00:08,1147000,8.0
2019-10-27 19:00:09,1148000,8.0
2019-10-27 19:00:10,1149002,8.0
2019-10-27 19:00:11,1150002,8.0
2019-10-27 19:00:12,1151001,8.0
2019-10-27 19:00:13,1152000,8.0
2019-10-27 19:00:14,1153000,8.0
2019-10-27 19:00:15,1154000,8.0
2019-10-27 19:00:16,1155000,8.0
2019-10-27 19:00:17,1156001,8.0
2019-10-27 19:00:18,1157000,8.0
2019-10-27 19:00:19,1158000,8.0
2019-10-27 19:00:20,1159000,8.0
2019-10-27 19:00:21,1160001,8.0
2019-10-27 19:00:22,1161000,8.0
2019-10-27 19:00:23,1162000,8.0
2019-10-27 19:00:24,1163000,8.0
2019-10-27 19:00:25,1164000,8.0
2019-10-27 19:00:26,1165000,8.0
2019-10-27 19:00:27,1166001,8.0
2019-10-27 19:00:28,1167000,8.0
2019-10-27 19:00:29,1168000,8.0
2019-10-27 19:00:30,1169001,8.0
2019-10-27 19:00:31,1170000,8.0
2019-10-27 19:00:32,1171000,8.0
2019-10-27 19:00:33,1172000,8.0
2019-10-27 19:00:34,1173001,8.0
2019-10-27 19:00:35,1174000,8.0
2019-10-27 19:00:36,1175000,8.0
2019-10-27 19:00:37,1176000,8.0
2019-10-27 19:00:38,1177001,8.0
2019-10-27 19:00:39,1178000,8.0
2019-10-27 19:00:40,1179000,8.0
2019-10-27 19:00:41,1180000,8.0
2019-10-27 19:00:42,1181000,8.0
2019-10-27 19:00:43,1182000,8.0
2019-10-27 19:00:44,1183001,8.0
2019-10-27 19:00:45,1184001,8.0
2019-10-27 19:00:46,1185000,8.0
2019-10-27 19:00:47,1186000,8.0
2019-10-27 19:00:48,1187000,8.0
2019-10-27 19:00:49,1188001,8.0
2019-10-27 19:00:50,1189000,8.0
2019-10-27 19:00:51,1190000,8.0
2019-10-27 19:00:52,1191000,8.0
2019-10-27 19:00:53,1192000,8.0
2019-10-27 19:00:54,1193000,8.0
2019-10-27 19:00:55,1194001,8.0
2019-10-27 19:00:56,1195000,8.0
2019-10-27 19:00:57,1196000,8.0
2019-10-27 19:00:58,1197000,8.0
2019-10-27 19:00:59,1198000,8.0
2019-10-27 19:01:00,1199001,8.0
2019-10-27 19:01:01,1200000,8.0
2019-10-27 19:01:02,1201000,8.0
2019-10-27 19:01:03,1202001,8.0
2019-10-27 19:01:04,1203000,8.0
2019-10-27 19:01:05,1204000,8.0
2019-10-27 19:01:06,1205000,8.0
2019-10-27 19:01:07,1206000,8.0
2019-10-27 19:01:08,1207000,8.0
2019-10-27 19:01:09,1208001,8.0
2019-10-27 19:01:10,1209000,8.0
2019-10-27 19:01:11,1210000,8.0
2019-10-27 19:01:12,1211000,8.0
2019-10-27 19:01:13,1212000,8.0
2019-10-27 19:01:14,1213001,8.0
2019-10-27 19:01:15,1214000,8.0
2019-10-27 19:01:16,1215000,8.0
2019-10-27 19:01:17,1216000,8.0
2019-10-27 19:01:18,1217001,8.0
2019-10-27 19:01:19,1218000,8.0
2019-10-27 19:01:20,1219000,8.0
2019-10-27 19:01:21,1220000,8.0
2019-10-27 19:01:22,1221001,8.0
2019-10-27 19:01:23,1222000,8.0
2019-10-27 19:01:24,1223001,8.0
2019-10-27 19:01:25,1224000,8.0
2019-10-27 19:01:26,1225000,8.0
2019-10-27 19:01:27,1226000,8.0
2019-10-27 19:01:28,1227001,8.0
2019-10-27 19:01:29,1228000,8.0
2019-10-27 19:01:30,1229000,8.0
2019-10-27 19:01:31,1230000,8.0
2019-10-27 19:01:32,1231001,8.0
2019-10-27 19:01:33,1232001,8.0
2019-10-27 19:01:34,1233000,8.0
2019-10-27 19:01:35,1234001,8.0
2019-10-27 19:01:36,1235000,8.0
2019-10-27 19:01:37,1236000,8.0
2019-10-27 19:01:38,1237000,8.0
2019-10-27 19:01:39,1238000,8.0
2019-10-27 19:01:40,1239001,8.0
2019-10-27 19:01:41,1240000,8.0
2019-10-27 19:01:42,1241000,8.0
2019-10-27 19:01:43,1242001,8.0
2019-10-27 19:01:44,1243000,8.0
2019-10-27 19:01:45,1244001,8.0
2019-10-27 19:01:46,1245000,8.0
2019-10-27 19:01:47,1246000,8.0
2019-10-27 19:01:48,1247000,8.0
2019-10-27 19:01:49,1248002,8.0
2019-10-27 19:01:50,1249000,8.0
2019-10-27 19:01:51,1250000,8.0
2019-10-27 19:01:52,1251000,8.0
2019-10-27 19:01:53,1252001,8.0
2019-10-27 19:01:54,1253000,8.0
2019-10-27 19:01:55,1254001,8.0
2019-10-27 19:01:56,1255000,8.0
2019-10-27 19:01:57,1256000,8.0
2019-10-27 19:01:58,1257000,8.0
2019-10-27 19:01:59,1258001,8.0
2019-10-27 19:02:00,1259000,8.0
2019-10-27 19:02:01,1260000,8.0
2019-10-27 19:02:02,1261001,8.0
2019-10-27 19:02:03,1262000,8.0
2019-10-27 19:02:04,1263000,8.0
2019-10-27 19:02:05,1264000,8.0
2019-10-27 19:02:06,1265001,8.0
2019-10-27 19:02:07,1266000,8.0
2019-10-27 19:02:08,1267000,8.0
2019-10-27 19:02:09,1268000,8.0
2019-10-27 19:02:10,1269000,8.0
2019-10-27 19:02:11,1270001,8.0
2019-10-27 19:02:12,1271000,8.0
2019-10-27 19:02:13,1272000,8.0
2019-10-27 19:02:14,1273000,8.0
2019-10-27 19:02:15,1274001,8.0
2019-10-27 19:02:16,1275000,8.0
2019-10-27 19:02:17,1276000,8.0
2019-10-27 19:02:18,1277000,8.0
2019-10-27 19:02:19,1278001,8.0
2019-10-27 19:02:20,1279000,8.0
2019-10-27 19:02:21,1280000,8.0
2019-10-27 19:02:22,1281000,8.0
2019-10-27 19:02:23,1282001,8.0
2019-10-27 19:02:24,1283000,8.0
2019-10-27 19:02:25,1284000,8.0
2019-10-27 19:02:26,1285000,8.0
2019-10-27 19:02:27,1286000,8.0
2019-10-27 19:02:28,1287000,8.0
2019-10-27 19:02:29,1288000,8.0
2019-10-27 19:02:30,1289000,8.0
2019-10-27 19:02:31,1290001,8.0
2019-10-27 19:02:32,1291000,8.0
2019-10-27 19:02:33,1292000,8.0
2019-10-27 19:02:34,1293000,8.0
2019-10-27 19:02:35,1294001,8.0
2019-10-27 19:02:36,1295000,8.0
2019-10-27 19:02:37,1296000,8.0
2019-10-27 19:02:38,1297000,8.0
2019-10-27 19:02:39,1298000,8.0
2019-10-27 19:02:40,1299001,8.0
2019-10-27 19:02:41,1300000,8.0
2019-10-27 19:02:42,1301000,8.0
2019-10-27 19:02:43,1302000,8.0
2019-10-27 19:02:44,1303001,8.0
2019-10-27 19:02:45,1304000,8.0
2019-10-27 19:02:46,1305001,8.0
2019-10-27 19:02:47,1306000,8.0
2019-10-27 19:02:48,1307001,8.0
2019-10-27 19:02:49,1308000,8.0
2019-10-27 19:02:50,1309000,8.0
2019-10-27 19:02:51,1310000,8.0
2019-10-27 19:02:52,1311000,8.0
2019-10-27 19:02:53,1312000,8.0
2019-10-27 19:02:54,1313000,8.0
2019-10-27 19:02:55,1314000,8.0
2019-10-27 19:02:56,1315000,8.0
2019-10-27 19:02:57,1316000,8.0
2019-10-27 19:02:58,1317000,8.0
2019-10-27 19:02:59,1318000,8.0
2019-10-27 19:03:00,1319000,8.0
2019-10-27 19:03:01,1320000,8.0
2019-10-27 19:03:02,1321000,8.0
2019-10-27 19:03:03,1322000,8.0
2019-10-27 19:03:04,1323000,8.0
2019-10-27 19:03:05,1324001,8.0
2019-10-27 19:03:06,1325000,8.0
2019-10-27 19:03:07,1326000,8.0
2019-10-27 19:03:08,1327000,8.0
2019-10-27 19:03:09,1328000,8.0
2019-10-27 19:03:10,1329001,8.0
2019-10-27 19:03:11,1330000,8.0
2019-10-27 19:03:12,1331000,8.0
2019-10-27 19:03:13,1332000,8.0
2019-10-27 19:03:14,1333001,8.0
2019-10-27 19:03:15,1334000,8.0
2019-10-27 19:03:16,1335000,8.0
2019-10-27 19:03:17,1336000,8.0
2019-10-27 19:03:18,1337000,8.0
2019-10-27 19:03:19,1338000,8.0
2019-10-27 19:03:20,1339000,8.0
2019-10-27 19:03:21,1340000,8.0
2019-10-27 19:03:22,1341001,8.0
2019-10-27 19:03:23,1342000,8.0
2019-10-27 19:03:24,1343000,8.0
2019-10-27 19:03:25,1344000,8.0
2019-10-27 19:03:26,1345001,8.0
2019-10-27 19:03:27,1346001,8.0
2019-10-27 19:03:28,1347000,8.0
2019-10-27 19:03:29,1348000,8.0
2019-10-27 19:03:30,1349000,8.0
2019-10-27 19:03:31,1350001,8.0
2019-10-27 19:03:32,1351000,8.0
2019-10-27 19:03:33,1352000,8.0
2019-10-27 19:03:34,1353000,8.0
2019-10-27 19:03:35,1354000,8.0
2019-10-27 19:03:36,1355000,8.0
2019-10-27 19:03:37,1356000,8.0
2019-10-27 19:03:38,1357008,8.0
2019-10-27 19:03:39,1358001,8.0
2019-10-27 19:03:40,1359000,8.0
2019-10-27 19:03:41,1360000,8.0
2019-10-27 19:03:42,1361001,8.0
2019-10-27 19:03:43,1362000,8.0
2019-10-27 19:03:44,1363001,8.0
2019-10-27 19:03:45,1364000,8.0
2019-10-27 19:03:46,1365000,8.0
2019-10-27 19:03:47,1366000,8.0
2019-10-27 19:03:48,1367000,8.0
2019-10-27 19:03:49,1368001,8.0
2019-10-27 19:03:50,1369000,8.0
2019-10-27 19:03:51,1370000,8.0
2019-10-27 19:03:52,1371001,8.0
2019-10-27 19:03:53,1372000,8.0
2019-10-27 19:03:54,1373000,8.0
2019-10-27 19:03:55,1374000,8.0
2019-10-27 19:03:56,1375000,8.0
2019-10-27 19:03:57,1376001,8.0
2019-10-27 19:03:58,1377000,8.0
2019-10-27 19:03:59,1378001,8.0
2019-10-27 19:04:00,1379000,8.0
2019-10-27 19:04:01,1380000,8.0
2019-10-27 19:04:02,1381001,8.0
2019-10-27 19:04:03,1382000,8.0
2019-10-27 19:04:04,1383000,8.0
2019-10-27 19:04:05,1384000,8.0
2019-10-27 19:04:06,1385000,8.0
2019-10-27 19:04:07,1386000,8.0
2019-10-27 19:04:08,1387000,8.0
2019-10-27 19:04:09,1388001,8.0
2019-10-27 19:04:10,1389000,8.0
2019-10-27 19:04:11,1390000,8.0
2019-10-27 19:04:12,1391000,8.0
2019-10-27 19:04:13,1392000,8.0
2019-10-27 19:04:14,1393000,8.0
2019-10-27 19:04:15,1394001,8.0
2019-10-27 19:04:16,1395000,8.0
2019-10-27 19:04:17,1396000,8.0
2019-10-27 19:04:18,1397000,8.0
2019-10-27 19:04:19,1398000,8.0
2019-10-27 19:04:20,1399000,8.0
2019-10-27 19:04:21,1400000,8.0
2019-10-27 19:04:22,1401000,8.0
2019-10-27 19:04:23,1402000,8.0
2019-10-27 19:04:24,1403000,8.0
2019-10-27 19:04:25,1404000,8.0
2019-10-27 19:04:26,1405000,8.0
2019-10-27 19:04:27,1406001,8.0
2019-10-27 19:04:28,1407000,8.0
2019-10-27 19:04:29,1408000,8.0
2019-10-27 19:04:30,1409000,8.0
2019-10-27 19:04:31,1410000,8.0
2019-10-27 19:04:32,1411000,8.0
2019-10-27 19:04:33,1412000,8.0
2019-10-27 19:04:34,1413000,8.0
2019-10-27 19:04:35,1414001,8.0
2019-10-27 19:04:36,1415000,8.0
2019-10-27 19:04:37,1416000,8.0
2019-10-27 19:04:38,1417000,8.0
2019-10-27 19:04:39,1418000,8.0
2019-10-27 19:04:40,1419000,8.0
2019-10-27 19:04:41,1420001,8.0
2019-10-27 19:04:42,1421000,8.0
2019-10-27 19:04:43,1422000,8.0
2019-10-27 19:04:44,1423000,8.0
2019-10-27 19:04:45,1424000,8.0
2019-10-27 19:04:46,1425000,8.0
2019-10-27 19:04:47,1426001,8.0
2019-10-27 19:04:48,1427000,8.0
2019-10-27 19:04:49,1428000,8.0
2019-10-27 19:04:50,1429000,8.0
2019-10-27 19:04:51,1430000,8.0
2019-10-27 19:04:52,1431000,8.0
2019-10-27 19:04:53,1432000,8.0
2019-10-27 19:04:54,1433000,8.0
2019-10-27 19:04:55,1434001,8.0
2019-10-27 19:04:56,1435000,8.0
2019-10-27 19:04:57,1436000,8.0
2019-10-27 19:04:58,1437000,8.0
2019-10-27 19:04:59,1438000,8.0
2019-10-27 19:05:00,1439000,8.0
2019-10-27 19:05:01,1440001,8.0
2019-10-27 19:05:02,1441000,8.0
2019-10-27 19:05:03,1442000,8.0
2019-10-27 19:05:04,1443000,8.0
2019-10-27 19:05:05,1444000,8.0
2019-10-27 19:05:06,1445000,8.0
2019-10-27 19:05:07,1446000,8.0
2019-10-27 19:05:08,1447001,8.0
2019-10-27 19:05:09,1448000,8.0
2019-10-27 19:05:10,1449000,8.0
2019-10-27 19:05:11,1450000,8.0
2019-10-27 19:05:12,1451000,8.0
2019-10-27 19:05:13,1452000,8.0
2019-10-27 19:05:14,1453001,8.0
2019-10-27 19:05:15,1454000,8.0
2019-10-27 19:05:16,1455000,8.0
2019-10-27 19:05:17,1456000,8.0
2019-10-27 19:05:18,1457000,8.0
2019-10-27 19:05:19,1458000,8.0
2019-10-27 19:05:20,1459001,8.0
2019-10-27 19:05:21,1460000,8.0
2019-10-27 19:05:22,1461000,8.0
2019-10-27 19:05:23,1462000,8.0
2019-10-27 19:05:24,1463000,8.0
2019-10-27 19:05:25,1464000,8.0
2019-10-27 19:05:26,1465000,8.0
2019-10-27 19:05:27,1466001,8.0
2019-10-27 19:05:28,1467000,8.0
2019-10-27 19:05:29,1468000,8.0
2019-10-27 19:05:30,1469000,8.0
2019-10-27 19:05:31,1470000,8.0
2019-10-27 19:05:32,1471000,8.0
2019-10-27 19:05:33,1472000,8.0
2019-10-27 19:05:34,1473001,8.0
2019-10-27 19:05:35,1474000,8.0
2019-10-27 19:05:36,1475000,8.0
2019-10-27 19:05:37,1476000,8.0
2019-10-27 19:05:38,1477000,8.0
2019-10-27 19:05:39,1478000,8.0
2019-10-27 19:05:40,1479000,8.0
2019-10-27 19:05:41,1480001,8.0
2019-10-27 19:05:42,1481000,8.0
2019-10-27 19:05:43,1482000,8.0
2019-10-27 19:05:44,1483000,8.0
2019-10-27 19:05:45,1484000,8.0
2019-10-27 19:05:46,1485000,8.0
2019-10-27 19:05:47,1486000,8.0
2019-10-27 19:05:48,1487001,8.0
2019-10-27 19:05:49,1488000,8.0
2019-10-27 19:05:50,1489000,8.0
2019-10-27 19:05:51,1490000,8.0
2019-10-27 19:05:52,1491000,8.0
2019-10-27 19:05:53,1492000,8.0
2019-10-27 19:05:54,1493000,8.0
2019-10-27 19:05:55,1494001,8.0
2019-10-27 19:05:56,1495000,8.0
2019-10-27 19:05:57,1496000,8.0
2019-10-27 19:05:58,1497000,8.0
2019-10-27 19:05:59,1498000,8.0
2019-10-27 19:06:00,1499000,8.0
2019-10-27 19:06:01,1500000,8.0
2019-10-27 19:06:02,1501000,8.0
2019-10-27 19:06:03,1502000,8.0
2019-10-27 19:06:04,1503000,8.0
2019-10-27 19:06:05,1504000,8.0
2019-10-27 19:06:06,1505000,8.0
2019-10-27 19:06:07,1506000,8.0
2019-10-27 19:06:08,1507000,8.0
2019-10-27 19:06:09,1508000,8.0
2019-10-27 19:06:10,1509000,8.0
2019-10-27 19:06:11,1510000,8.0
2019-10-27 19:06:12,1511000,8.0
2019-10-27 19:06:13,1512000,8.0
2019-10-27 19:06:14,1513001,8.0
2019-10-27 19:06:15,1514000,8.0
2019-10-27 19:06:16,1515000,8.0
2019-10-27 19:06:17,1516000,8.0
2019-10-27 19:06:18,1517000,8.0
2019-10-27 19:06:19,1518000,8.0
2019-10-27 19:06:20,1519000,8.0
2019-10-27 19:06:21,1520000,8.0
2019-10-27 19:06:22,1521001,8.0
2019-10-27 19:06:23,1522000,8.0
2019-10-27 19:06:24,1523000,8.0
2019-10-27 19:06:25,1524000,8.0
2019-10-27 19:06:26,1525000,8.0
2019-10-27 19:06:27,1526001,8.0
2019-10-27 19:06:28,1527000,8.0
2019-10-27 19:06:29,1528000,8.0
2019-10-27 19:06:30,1529000,8.0
2019-10-27 19:06:31,1530000,8.0
2019-10-27 19:06:32,1531001,8.0
2019-10-27 19:06:33,1532000,8.0
2019-10-27 19:06:34,1533000,8.0
2019-10-27 19:06:35,1534000,8.0
2019-10-27 19:06:36,1535000,8.0
2019-10-27 19:06:37,1536000,8.0
2019-10-27 19:06:38,1537000,8.0
2019-10-27 19:06:39,1538001,8.0
2019-10-27 19:06:40,1539000,8.0
2019-10-27 19:06:41,1540000,8.0
2019-10-27 19:06:42,1541000,8.0
2019-10-27 19:06:43,1542000,8.0
2019-10-27 19:06:44,1543000,8.0
2019-10-27 19:06:45,1544000,8.0
2019-10-27 19:06:46,1545001,8.0
2019-10-27 19:06:47,1546000,8.0
2019-10-27 19:06:48,1547000,8.0
2019-10-27 19:06:49,1548000,8.0
2019-10-27 19:06:50,1549000,8.0
2019-10-27 19:06:51,1550000,8.0
2019-10-27 19:06:52,1551000,8.0
2019-10-27 19:06:53,1552001,8.0
2019-10-27 19:06:54,1553000,8.0
2019-10-27 19:06:55,1554000,8.0
2019-10-27 19:06:56,1555000,8.0
2019-10-27 19:06:57,1556000,8.0
2019-10-27 19:06:58,1557000,8.0
2019-10-27 19:06:59,1558000,8.0
2019-10-27 19:07:00,1559001,8.0
2019-10-27 19:07:01,1560000,8.0
2019-10-27 19:07:02,1561000,8.0
2019-10-27 19:07:03,1562000,8.0
2019-10-27 19:07:04,1563000,8.0
2019-10-27 19:07:05,1564000,8.0
2019-10-27 19:07:06,1565000,8.0
2019-10-27 19:07:07,1566000,8.0
2019-10-27 19:07:08,1567001,8.0
2019-10-27 19:07:09,1568000,8.0
2019-10-27 19:07:10,1569000,8.0
2019-10-27 19:07:11,1570000,8.0
2019-10-27 19:07:12,1571000,8.0
2019-10-27 19:07:13,1572000,8.0
2019-10-27 19:07:14,1573000,8.0
2019-10-27 19:07:15,1574001,8.0
2019-10-27 19:07:16,1575000,8.0
2019-10-27 19:07:17,1576000,8.0
2019-10-27 19:07:18,1577000,8.0
2019-10-27 19:07:19,1578001,8.0
2019-10-27 19:07:20,1579000,8.0
2019-10-27 19:07:21,1580000,8.0
2019-10-27 19:07:22,1581000,8.0
2019-10-27 19:07:23,1582000,8.0
2019-10-27 19:07:24,1583000,8.0
2019-10-27 19:07:25,1584001,8.0
2019-10-27 19:07:26,1585000,8.0
2019-10-27 19:07:27,1586000,8.0
2019-10-27 19:07:28,1587000,8.0
2019-10-27 19:07:29,1588000,8.0
2019-10-27 19:07:30,1589000,8.0
2019-10-27 19:07:31,1590000,8.0
2019-10-27 19:07:32,1591001,8.0
2019-10-27 19:07:33,1592000,8.0
2019-10-27 19:07:34,1593000,8.0
2019-10-27 19:07:35,1594000,8.0
2019-10-27 19:07:36,1595000,8.0
2019-10-27 19:07:37,1596000,8.0
2019-10-27 19:07:38,1597000,8.0
2019-10-27 19:07:39,1598001,8.0
2019-10-27 19:07:40,1599000,8.0
2019-10-27 19:07:41,1600000,8.0
2019-10-27 19:07:42,1601000,8.0
2019-10-27 19:07:43,1602000,8.0
2019-10-27 19:07:44,1603000,8.0
2019-10-27 19:07:45,1604000,8.0
2019-10-27 19:07:46,1605000,8.0
2019-10-27 19:07:47,1606001,8.0
2019-10-27 19:07:48,1607000,8.0
2019-10-27 19:07:49,1608000,8.0
2019-10-27 19:07:50,1609000,8.0
2019-10-27 19:07:51,1610000,8.0
2019-10-27 19:07:52,1611001,8.0
2019-10-27 19:07:53,1612000,8.0
2019-10-27 19:07:54,1613000,8.0
2019-10-27 19:07:55,1614000,8.0
2019-10-27 19:07:56,1615000,8.0
2019-10-27 19:07:57,1616000,8.0
2019-10-27 19:07:58,1617001,8.0
2019-10-27 19:07:59,1618000,8.0
2019-10-27 19:08:00,1619000,8.0
2019-10-27 19:08:01,1620000,8.0
2019-10-27 19:08:02,1621000,8.0
2019-10-27 19:08:03,1622000,8.0
2019-10-27 19:08:04,1623000,8.0
2019-10-27 19:08:05,1624001,8.0
2019-10-27 19:08:06,1625000,8.0
2019-10-27 19:08:07,1626000,8.0
2019-10-27 19:08:08,1627000,8.0
2019-10-27 19:08:09,1628000,8.0
2019-10-27 19:08:10,1629000,8.0
2019-10-27 19:08:11,1630001,8.0
2019-10-27 19:08:12,1631000,8.0
2019-10-27 19:08:13,1632000,8.0
2019-10-27 19:08:14,1633000,8.0
2019-10-27 19:08:15,1634000,8.0
2019-10-27 19:08:16,1635000,8.0
2019-10-27 19:08:17,1636000,8.0
2019-10-27 19:08:18,1637000,8.0
2019-10-27 19:08:19,1638001,8.0
2019-10-27 19:08:20,1639000,8.0
2019-10-27 19:08:21,1640000,8.0
2019-10-27 19:08:22,1641000,8.0
2019-10-27 19:08:23,1642000,8.0
2019-10-27 19:08:24,1643000,8.0
2019-10-27 19:08:25,1644001,8.0
2019-10-27 19:08:26,1645000,8.0
2019-10-27 19:08:27,1646000,8.0
2019-10-27 19:08:28,1647000,8.0
2019-10-27 19:08:29,1648000,8.0
2019-10-27 19:08:30,1649000,8.0
2019-10-27 19:08:31,1650000,8.0
2019-10-27 19:08:32,1651001,8.0
2019-10-27 19:08:33,1652000,8.0
2019-10-27 19:08:34,1653000,8.0
2019-10-27 19:08:35,1654000,8.0
2019-10-27 19:08:36,1655000,8.0
2019-10-27 19:08:37,1656000,8.0
2019-10-27 19:08:38,1657001,8.0
2019-10-27 19:08:39,1658000,8.0
2019-10-27 19:08:40,1659000,8.0
2019-10-27 19:08:41,1660000,8.0
2019-10-27 19:08:42,1661000,8.0
2019-10-27 19:08:43,1662001,8.0
2019-10-27 19:08:44,1663000,8.0
2019-10-27 19:08:45,1664000,8.0
2019-10-27 19:08:46,1665000,8.0
2019-10-27 19:08:47,1666000,8.0
2019-10-27 19:08:48,1667000,8.0
2019-10-27 19:08:49,1668000,8.0
2019-10-27 19:08:50,1669001,8.0
2019-10-27 19:08:51,1670000,8.0
2019-10-27 19:08:52,1671000,8.0
2019-10-27 19:08:53,1672000,8.0
2019-10-27 19:08:54,1673000,8.0
2019-10-27 19:08:55,1674000,8.0
2019-10-27 19:08:56,1675000,8.0
2019-10-27 19:08:57,1676000,8.0
2019-10-27 19:08:58,1677000,8.0
2019-10-27 19:08:59,1678000,8.0
2019-10-27 19:09:00,1679000,8.0
2019-10-27 19:09:01,1680001,8.0
2019-10-27 19:09:02,1681000,8.0
2019-10-27 19:09:03,1682000,8.0
2019-10-27 19:09:04,1683000,8.0
2019-10-27 19:09:05,1684000,8.0
2019-10-27 19:09:06,1685000,8.0
2019-10-27 19:09:07,1686000,8.0
2019-10-27 19:09:08,1687001,8.0
2019-10-27 19:09:09,1688000,8.0
2019-10-27 19:09:10,1689000,8.0
2019-10-27 19:09:11,1690000,8.0
2019-10-27 19:09:12,1691000,8.0
2019-10-27 19:09:13,1692000,8.0
2019-10-27 19:09:14,1693000,8.0
2019-10-27 19:09:15,1694000,8.0
2019-10-27 19:09:16,1695001,8.0
2019-10-27 19:09:17,1696000,8.0
2019-10-27 19:09:18,1697000,8.0
2019-10-27 19:09:19,1698000,8.0
2019-10-27 19:09:20,1699000,8.0
2019-10-27 19:09:21,1700000,8.0
2019-10-27 19:09:22,1701001,8.0
2019-10-27 19:09:23,1702000,8.0
2019-10-27 19:09:24,1703000,8.0
2019-10-27 19:09:25,1704000,8.0
2019-10-27 19:09:26,1705000,8.0
2019-10-27 19:09:27,1706000,8.0
2019-10-27 19:09:28,1707000,8.0
2019-10-27 19:09:29,1708001,8.0
2019-10-27 19:09:30,1709000,8.0
2019-10-27 19:09:31,1710000,8.0
2019-10-27 19:09:32,1711000,8.0
2019-10-27 19:09:33,1712001,8.0
2019-10-27 19:09:34,1713000,8.0
2019-10-27 19:09:35,1714000,8.0
2019-10-27 19:09:36,1715000,8.0
2019-10-27 19:09:37,1716000,8.0
2019-10-27 19:09:38,1717000,8.0
2019-10-27 19:09:39,1718000,8.0
2019-10-27 19:09:40,1719001,8.0
2019-10-27 19:09:41,1720000,8.0
2019-10-27 19:09:42,1721000,8.0
2019-10-27 19:09:43,1722000,8.0
2019-10-27 19:09:44,1723000,8.0
2019-10-27 19:09:45,1724000,8.0
2019-10-27 19:09:46,1725000,8.0
2019-10-27 19:09:47,1726001,8.0
2019-10-27 19:09:48,1727000,8.0
2019-10-27 19:09:49,1728000,8.0
2019-10-27 19:09:50,1729000,8.0
2019-10-27 19:09:51,1730000,8.0
2019-10-27 19:09:52,1731000,8.0
2019-10-27 19:09:53,1732000,8.0
2019-10-27 19:09:54,1733001,8.0
2019-10-27 19:09:55,1734000,8.0
2019-10-27 19:09:56,1735000,8.0
2019-10-27 19:09:57,1736000,8.0
2019-10-27 19:09:58,1737000,8.0
2019-10-27 19:09:59,1738000,8.0
2019-10-27 19:10:00,1739000,8.0
2019-10-27 19:10:01,1740001,8.0
2019-10-27 19:10:02,1741000,8.0
2019-10-27 19:10:03,1742000,8.0
2019-10-27 19:10:04,1743000,8.0
2019-10-27 19:10:05,1744000,8.0
2019-10-27 19:10:06,1745000,8.0
2019-10-27 19:10:07,1746000,8.0
2019-10-27 19:10:08,1747001,8.0
2019-10-27 19:10:09,1748000,8.0
2019-10-27 19:10:10,1749000,8.0
2019-10-27 19:10:11,1750000,8.0
2019-10-27 19:10:12,1751000,8.0
2019-10-27 19:10:13,1752000,8.0
2019-10-27 19:10:14,1753000,8.0
2019-10-27 19:10:15,1754001,8.0
2019-10-27 19:10:16,1755000,8.0
2019-10-27 19:10:17,1756000,8.0
2019-10-27 19:10:18,1757000,8.0
2019-10-27 19:10:19,1758000,8.0
2019-10-27 19:10:20,1759001,8.0
2019-10-27 19:10:21,1760000,8.0
2019-10-27 19:10:22,1761000,8.0
2019-10-27 19:10:23,1762000,8.0
2019-10-27 19:10:24,1763000,8.0
2019-10-27 19:10:25,1764001,8.0
2019-10-27 19:10:26,1765000,8.0
2019-10-27 19:10:27,1766000,8.0
2019-10-27 19:10:28,1767000,8.0
2019-10-27 19:10:29,1768000,8.0
2019-10-27 19:10:30,1769000,8.0
2019-10-27 19:10:31,1770000,8.0
2019-10-27 19:10:32,1771001,8.0
2019-10-27 19:10:33,1772000,8.0
2019-10-27 19:10:34,1773000,8.0
2019-10-27 19:10:35,1774000,8.0
2019-10-27 19:10:36,1775000,8.0
2019-10-27 19:10:37,1776000,8.0
2019-10-27 19:10:38,1777001,8.0
2019-10-27 19:10:39,1778000,8.0
2019-10-27 19:10:40,1779000,8.0
2019-10-27 19:10:41,1780000,8.0
2019-10-27 19:10:42,1781000,8.0
2019-10-27 19:10:43,1782000,8.0
2019-10-27 19:10:44,1783000,8.0
2019-10-27 19:10:45,1784001,8.0
2019-10-27 19:10:46,1785000,8.0
2019-10-27 19:10:47,1786000,8.0
2019-10-27 19:10:48,1787000,8.0
2019-10-27 19:10:49,1788001,8.0
2019-10-27 19:10:50,1789000,8.0
2019-10-27 19:10:51,1790001,8.0
2019-10-27 19:10:52,1791000,8.0
2019-10-27 19:10:53,1792000,8.0
2019-10-27 19:10:54,1793000,8.0
2019-10-27 19:10:55,1794000,8.0
2019-10-27 19:10:56,1795000,8.0
2019-10-27 19:10:57,1796000,8.0
2019-10-27 19:10:58,1797001,8.0
2019-10-27 19:10:59,1798000,8.0
2019-10-27 19:11:00,1799000,8.0
2019-10-27 19:11:01,1800000,8.0
2019-10-27 19:11:02,1801000,8.0
2019-10-27 19:11:03,1802000,8.0
2019-10-27 19:11:04,1803001,8.0
2019-10-27 19:11:05,1804000,8.0
2019-10-27 19:11:06,1805000,8.0
2019-10-27 19:11:07,1806000,8.0
2019-10-27 19:11:08,1807000,8.0
2019-10-27 19:11:09,1808000,8.0
2019-10-27 19:11:10,1809001,8.0
2019-10-27 19:11:11,1810000,8.0
2019-10-27 19:11:12,1811000,8.0
2019-10-27 19:11:13,1812000,8.0
2019-10-27 19:11:14,1813000,8.0
2019-10-27 19:11:15,1814000,8.0
2019-10-27 19:11:16,1815000,8.0
2019-10-27 19:11:17,1816001,8.0
2019-10-27 19:11:18,1817000,8.0
2019-10-27 19:11:19,1818000,8.0
2019-10-27 19:11:20,1819000,8.0
2019-10-27 19:11:21,1820000,8.0
2019-10-27 19:11:22,1821000,8.0
2019-10-27 19:11:23,1822000,8.0
2019-10-27 19:11:24,1823000,8.0
2019-10-27 19:11:25,1824001,8.0
2019-10-27 19:11:26,1825000,8.0
2019-10-27 19:11:27,1826000,8.0
2019-10-27 19:11:28,1827000,8.0
2019-10-27 19:11:29,1828000,8.0
2019-10-27 19:11:30,1829000,8.0
2019-10-27 19:11:31,1830001,8.0
2019-10-27 19:11:32,1831000,8.0
2019-10-27 19:11:33,1832000,8.0
2019-10-27 19:11:34,1833000,8.0
2019-10-27 19:11:35,1834000,8.0
2019-10-27 19:11:36,1835000,8.0
2019-10-27 19:11:37,1836000,8.0
2019-10-27 19:11:38,1837001,8.0
2019-10-27 19:11:39,1838000,8.0
2019-10-27 19:11:40,1839000,8.0
2019-10-27 19:11:41,1840000,8.0
2019-10-27 19:11:42,1841000,8.0
2019-10-27 19:11:43,1842000,8.0
2019-10-27 19:11:44,1843000,8.0
2019-10-27 19:11:45,1844001,8.0
2019-10-27 19:11:46,1845000,8.0
2019-10-27 19:11:47,1846000,8.0
2019-10-27 19:11:48,1847000,8.0
2019-10-27 19:11:49,1848000,8.0
2019-10-27 19:11:50,1849000,8.0
2019-10-27 19:11:51,1850000,8.0
2019-10-27 19:11:52,1851001,8.0
2019-10-27 19:11:53,1852000,8.0
2019-10-27 19:11:54,1853000,8.0
2019-10-27 19:11:55,1854000,8.0
2019-10-27 19:11:56,1855000,8.0
2019-10-27 19:11:57,1856000,8.0
2019-10-27 19:11:58,1857000,8.0
2019-10-27 19:11:59,1858001,8.0
2019-10-27 19:12:00,1859000,8.0
2019-10-27 19:12:01,1860000,8.0
2019-10-27 19:12:02,1861000,8.0
2019-10-27 19:12:03,1862000,8.0
2019-10-27 19:12:04,1863000,8.0
2019-10-27 19:12:05,1864000,8.0
2019-10-27 19:12:06,1865001,8.0
2019-10-27 19:12:07,1866000,8.0
2019-10-27 19:12:08,1867000,8.0
2019-10-27 19:12:09,1868001,8.0
2019-10-27 19:12:10,1869000,8.0
2019-10-27 19:12:11,1870000,8.0
2019-10-27 19:12:12,1871000,8.0
2019-10-27 19:12:13,1872000,8.0
2019-10-27 19:12:14,1873000,8.0
2019-10-27 19:12:15,1874000,8.0
2019-10-27 19:12:16,1875001,8.0
2019-10-27 19:12:17,1876000,8.0
2019-10-27 19:12:18,1877000,8.0
2019-10-27 19:12:19,1878000,8.0
2019-10-27 19:12:20,1879001,8.0
2019-10-27 19:12:21,1880000,8.0
2019-10-27 19:12:22,1881000,8.0
2019-10-27 19:12:23,1882000,8.0
2019-10-27 19:12:24,1883000,8.0
2019-10-27 19:12:25,1884001,8.0
2019-10-27 19:12:26,1885000,8.0
2019-10-27 19:12:27,1886000,8.0
2019-10-27 19:12:28,1887000,8.0
2019-10-27 19:12:29,1888000,8.0
2019-10-27 19:12:30,1889000,8.0
2019-10-27 19:12:31,1890000,8.0
2019-10-27 19:12:32,1891001,8.0
2019-10-27 19:12:33,1892000,8.0
2019-10-27 19:12:34,1893000,8.0
2019-10-27 19:12:35,1894000,8.0
2019-10-27 19:12:36,1895000,8.0
2019-10-27 19:12:37,1896000,8.0
2019-10-27 19:12:38,1897000,8.0
2019-10-27 19:12:39,1898001,8.0
2019-10-27 19:12:40,1899000,8.0
2019-10-27 19:12:41,1900000,8.0
2019-10-27 19:12:42,1901000,8.0
2019-10-27 19:12:43,1902000,8.0
2019-10-27 19:12:44,1903000,8.0
2019-10-27 19:12:45,1904000,8.0
2019-10-27 19:12:46,1905000,8.0
2019-10-27 19:12:47,1906001,8.0
2019-10-27 19:12:48,1907000,8.0
2019-10-27 19:12:49,1908000,8.0
2019-10-27 19:12:50,1909000,8.0
2019-10-27 19:12:51,1910000,8.0
2019-10-27 19:12:52,1911001,8.0
2019-10-27 19:12:53,1912000,8.0
2019-10-27 19:12:54,1913000,8.0
2019-10-27 19:12:55,1914000,8.0
2019-10-27 19:12:56,1915000,8.0
2019-10-27 19:12:57,1916000,8.0
2019-10-27 19:12:58,1917001,8.0
2019-10-27 19:12:59,1918000,8.0
2019-10-27 19:13:00,1919000,8.0
2019-10-27 19:13:01,1920000,8.0
2019-10-27 19:13:02,1921000,8.0
2019-10-27 19:13:03,1922000,8.0
2019-10-27 19:13:04,1923000,8.0
2019-10-27 19:13:05,1924001,8.0
2019-10-27 19:13:06,1925000,8.0
2019-10-27 19:13:07,1926000,8.0
2019-10-27 19:13:08,1927000,8.0
2019-10-27 19:13:09,1928000,8.0
2019-10-27 19:13:10,1929000,8.0
2019-10-27 19:13:11,1930000,8.0
2019-10-27 19:13:12,1931001,8.0
2019-10-27 19:13:13,1932000,8.0
2019-10-27 19:13:14,1933000,8.0
2019-10-27 19:13:15,1934000,8.0
2019-10-27 19:13:16,1935001,8.0
2019-10-27 19:13:17,1936000,8.0
2019-10-27 19:13:18,1937000,8.0
2019-10-27 19:13:19,1938000,8.0
2019-10-27 19:13:20,1939000,8.0
2019-10-27 19:13:21,1940001,8.0
2019-10-27 19:13:22,1941000,8.0
2019-10-27 19:13:23,1942000,8.0
2019-10-27 19:13:24,1943000,8.0
2019-10-27 19:13:25,1944000,8.0
2019-10-27 19:13:26,1945000,8.0
2019-10-27 19:13:27,1946001,8.0
2019-10-27 19:13:28,1947000,8.0
2019-10-27 19:13:29,1948000,8.0
2019-10-27 19:13:30,1949000,8.0
2019-10-27 19:13:31,1950000,8.0
2019-10-27 19:13:32,1951000,8.0
2019-10-27 19:13:33,1952000,8.0
2019-10-27 19:13:34,1953000,8.0
2019-10-27 19:13:35,1954000,8.0
2019-10-27 19:13:36,1955000,8.0
2019-10-27 19:13:37,1956001,8.0
2019-10-27 19:13:38,1957000,8.0
2019-10-27 19:13:39,1958000,8.0
2019-10-27 19:13:40,1959000,8.0
2019-10-27 19:13:41,1960000,8.0
2019-10-27 19:13:42,1961000,8.0
2019-10-27 19:13:43,1962000,8.0
2019-10-27 19:13:44,1963000,8.0
2019-10-27 19:13:45,1964001,8.0
2019-10-27 19:13:46,1965000,8.0
2019-10-27 19:13:47,1966000,8.0
2019-10-27 19:13:48,1967000,8.0
2019-10-27 19:13:49,1968000,8.0
2019-10-27 19:13:50,1969000,8.0
2019-10-27 19:13:51,1970001,8.0
2019-10-27 19:13:52,1971000,8.0
2019-10-27 19:13:53,1972000,8.0
2019-10-27 19:13:54,1973000,8.0
2019-10-27 19:13:55,1974000,8.0
2019-10-27 19:13:56,1975000,8.0
2019-10-27 19:13:57,1976000,8.0
2019-10-27 19:13:58,1977001,8.0
2019-10-27 19:13:59,1978000,8.0
2019-10-27 19:14:00,1979000,8.0
2019-10-27 19:14:01,1980000,8.0
2019-10-27 19:14:02,1981000,8.0
2019-10-27 19:14:03,1982000,8.0
2019-10-27 19:14:04,1983000,8.0
2019-10-27 19:14:05,1984000,8.0
2019-10-27 19:14:06,1985001,8.0
2019-10-27 19:14:07,1986000,8.0
2019-10-27 19:14:08,1987000,8.0
2019-10-27 19:14:09,1988000,8.0
2019-10-27 19:14:10,1989000,8.0
2019-10-27 19:14:11,1990000,8.0
2019-10-27 19:14:12,1991000,8.0
2019-10-27 19:14:13,1992001,8.0
2019-10-27 19:14:14,1993000,8.0
2019-10-27 19:14:15,1994000,8.0
2019-10-27 19:14:16,1995000,8.0
2019-10-27 19:14:17,1996000,8.0
2019-10-27 19:14:18,1997000,8.0
2019-10-27 19:14:19,1998000,8.0
2019-10-27 19:14:20,1999001,8.0
2019-10-27 19:14:21,2000000,8.0
2019-10-27 19:14:22,2001000,8.0
2019-10-27 19:14:23,2002000,8.0
2019-10-27 19:14:24,2003000,8.0
2019-10-27 19:14:25,2004000,8.0
2019-10-27 19:14:26,2005001,8.0
2019-10-27 19:14:27,2006000,8.0
2019-10-27 19:14:28,2007000,8.0
2019-10-27 19:14:29,2008000,8.0
2019-10-27 19:14:30,2009000,8.0
2019-10-27 19:14:31,2010000,8.0
2019-10-27 19:14:32,2011000,8.0
2019-10-27 19:14:33,2012001,8.0
2019-10-27 19:14:34,2013000,8.0
2019-10-27 19:14:35,2014000,8.0
2019-10-27 19:14:36,2015000,8.0
2019-10-27 19:14:37,2016000,8.0
2019-10-27 19:14:38,2017000,8.0
2019-10-27 19:14:39,2018000,8.0
2019-10-27 19:14:40,2019000,8.0
2019-10-27 19:14:41,2020001,8.0
2019-10-27 19:14:42,2021000,8.0
2019-10-27 19:14:43,2022000,8.0
2019-10-27 19:14:44,2023000,8.0
2019-10-27 19:14:45,2024000,8.0
2019-10-27 19:14:46,2025000,8.0
2019-10-27 19:14:47,2026000,8.0
2019-10-27 19:14:48,2027000,8.0
2019-10-27 19:14:49,2028001,8.0
2019-10-27 19:14:50,2029000,8.0
2019-10-27 19:14:51,2030000,8.0
2019-10-27 19:14:52,2031000,8.0
2019-10-27 19:14:53,2032000,8.0
2019-10-27 19:14:54,2033000,8.0
2019-10-27 19:14:55,2034001,8.0
2019-10-27 19:14:56,2035000,8.0
2019-10-27 19:14:57,2036000,8.0
2019-10-27 19:14:58,2037000,8.0
2019-10-27 19:14:59,2038000,8.0
2019-10-27 19:15:00,2039000,8.0
2019-10-27 19:15:01,2040000,8.0
2019-10-27 19:15:02,2041001,8.0
2019-10-27 19:15:03,2042000,8.0
2019-10-27 19:15:04,2043000,8.0
2019-10-27 19:15:05,2044000,8.0
2019-10-27 19:15:06,2045000,8.0
2019-10-27 19:15:07,2046000,8.0
2019-10-27 19:15:08,2047000,8.0
2019-10-27 19:15:09,2048000,8.0
2019-10-27 19:15:10,2049001,8.0
2019-10-27 19:15:11,2050000,8.0
2019-10-27 19:15:12,2051000,8.0
2019-10-27 19:15:13,2052000,8.0
2019-10-27 19:15:14,2053000,8.0
2019-10-27 19:15:15,2054000,8.0
2019-10-27 19:15:16,2055000,8.0
2019-10-27 19:15:17,2056001,8.0
2019-10-27 19:15:18,2057000,8.0
2019-10-27 19:15:19,2058000,8.0
2019-10-27 19:15:20,2059000,8.0
2019-10-27 19:15:21,2060000,8.0
2019-10-27 19:15:22,2061000,8.0
2019-10-27 19:15:23,2062000,8.0
2019-10-27 19:15:24,2063001,8.0
2019-10-27 19:15:25,2064000,8.0
2019-10-27 19:15:26,2065000,8.0
2019-10-27 19:15:27,2066000,8.0
2019-10-27 19:15:28,2067000,8.0
2019-10-27 19:15:29,2068000,8.0
2019-10-27 19:15:30,2069001,8.0
2019-10-27 19:15:31,2070000,8.0
2019-10-27 19:15:32,2071000,8.0
2019-10-27 19:15:33,2072000,8.0
2019-10-27 19:15:34,2073000,8.0
2019-10-27 19:15:35,2074000,8.0
2019-10-27 19:15:36,2075001,8.0
2019-10-27 19:15:37,2076000,8.0
2019-10-27 19:15:38,2077000,8.0
2019-10-27 19:15:39,2078000,8.0
2019-10-27 19:15:40,2079000,8.0
2019-10-27 19:15:41,2080000,8.0
2019-10-27 19:15:42,2081001,8.0
2019-10-27 19:15:43,2082000,8.0
2019-10-27 19:15:44,2083000,8.0
2019-10-27 19:15:45,2084000,8.0
2019-10-27 19:15:46,2085000,8.0
2019-10-27 19:15:47,2086000,8.0
2019-10-27 19:15:48,2087000,8.0
2019-10-27 19:15:49,2088001,8.0
2019-10-27 19:15:50,2089000,8.0
2019-10-27 19:15:51,2090000,8.0
2019-10-27 19:15:52,2091000,8.0
2019-10-27 19:15:53,2092000,8.0
2019-10-27 19:15:54,2093000,8.0
2019-10-27 19:15:55,2094000,8.0
2019-10-27 19:15:56,2095001,8.0
2019-10-27 19:15:57,2096000,8.0
2019-10-27 19:15:58,2097000,8.0
2019-10-27 19:15:59,2098000,8.0
2019-10-27 19:16:00,2099000,8.0
2019-10-27 19:16:01,2100000,8.0
2019-10-27 19:16:02,2101000,8.0
2019-10-27 19:16:03,2102000,8.0
2019-10-27 19:16:04,2103001,8.0
2019-10-27 19:16:05,2104000,8.0
2019-10-27 19:16:06,2105000,8.0
2019-10-27 19:16:07,2106000,8.0
2019-10-27 19:16:08,2107000,8.0
2019-10-27 19:16:09,2108000,8.0
2019-10-27 19:16:10,2109000,8.0
2019-10-27 19:16:11,2110000,8.0
2019-10-27 19:16:12,2111000,8.0
2019-10-27 19:16:13,2112000,8.0
2019-10-27 19:16:14,2113000,8.0
2019-10-27 19:16:15,2114001,8.0
2019-10-27 19:16:16,2115000,8.0
2019-10-27 19:16:17,2116000,8.0
2019-10-27 19:16:18,2117000,8.0
2019-10-27 19:16:19,2118000,8.0
2019-10-27 19:16:20,2119000,8.0
2019-10-27 19:16:21,2120001,8.0
2019-10-27 19:16:22,2121000,8.0
2019-10-27 19:16:23,2122000,8.0
2019-10-27 19:16:24,2123000,8.0
2019-10-27 19:16:25,2124000,8.0
2019-10-27 19:16:26,2125000,8.0
2019-10-27 19:16:27,2126000,8.0
2019-10-27 19:16:28,2127000,8.0
2019-10-27 19:16:29,2128001,8.0
2019-10-27 19:16:30,2129000,8.0
2019-10-27 19:16:31,2130000,8.0
2019-10-27 19:16:32,2131000,8.0
2019-10-27 19:16:33,2132000,8.0
2019-10-27 19:16:34,2133000,8.0
2019-10-27 19:16:35,2134000,8.0
2019-10-27 19:16:36,2135000,8.0
2019-10-27 19:16:37,2136001,8.0
2019-10-27 19:16:38,2137000,8.0
2019-10-27 19:16:39,2138000,8.0
2019-10-27 19:16:40,2139000,8.0
2019-10-27 19:16:41,2140000,8.0
2019-10-27 19:16:42,2141000,8.0
2019-10-27 19:16:43,2142000,8.0
2019-10-27 19:16:44,2143001,8.0
2019-10-27 19:16:45,2144000,8.0
2019-10-27 19:16:46,2145000,8.0
2019-10-27 19:16:47,2146000,8.0
2019-10-27 19:16:48,2147000,8.0
2019-10-27 19:16:49,2148001,8.0
2019-10-27 19:16:50,2149000,8.0
2019-10-27 19:16:51,2150000,8.0
2019-10-27 19:16:52,2151000,8.0
2019-10-27 19:16:53,2152000,8.0
2019-10-27 19:16:54,2153000,8.0
2019-10-27 19:16:55,2154001,8.0
2019-10-27 19:16:56,2155000,8.0
2019-10-27 19:16:57,2156000,8.0
2019-10-27 19:16:58,2157000,8.0
2019-10-27 19:16:59,2158000,8.0
2019-10-27 19:17:00,2159000,8.0
2019-10-27 19:17:01,2160001,8.0
2019-10-27 19:17:02,2161000,8.0
2019-10-27 19:17:03,2162000,8.0
2019-10-27 19:17:04,2163000,8.0
2019-10-27 19:17:05,2164000,8.0
2019-10-27 19:17:06,2165000,8.0
2019-10-27 19:17:07,2166000,8.0
2019-10-27 19:17:08,2167001,8.0
2019-10-27 19:17:09,2168000,8.0
2019-10-27 19:17:10,2169000,8.0
2019-10-27 19:17:11,2170000,8.0
2019-10-27 19:17:12,2171000,8.0
2019-10-27 19:17:13,2172000,8.0
2019-10-27 19:17:14,2173000,8.0
2019-10-27 19:17:15,2174001,8.0
2019-10-27 19:17:16,2175000,8.0
2019-10-27 19:17:17,2176000,8.0
2019-10-27 19:17:18,2177000,8.0
2019-10-27 19:17:19,2178000,8.0
2019-10-27 19:17:20,2179001,8.0
2019-10-27 19:17:21,2180000,8.0
2019-10-27 19:17:22,2181000,8.0
2019-10-27 19:17:23,2182001,8.0
2019-10-27 19:17:24,2183000,8.0
2019-10-27 19:17:25,2184000,8.0
2019-10-27 19:17:26,2185000,8.0
2019-10-27 19:17:27,2186000,8.0
2019-10-27 19:17:28,2187001,8.0
2019-10-27 19:17:29,2188000,8.0
2019-10-27 19:17:30,2189001,8.0
2019-10-27 19:17:31,2190000,8.0
2019-10-27 19:17:32,2191000,8.0
2019-10-27 19:17:33,2192001,8.0
2019-10-27 19:17:34,2193000,8.0
2019-10-27 19:17:35,2194000,8.0
2019-10-27 19:17:36,2195000,8.0
2019-10-27 19:17:37,2196001,8.0
2019-10-27 19:17:38,2197000,8.0
2019-10-27 19:17:39,2198000,8.0
2019-10-27 19:17:40,2199000,8.0
2019-10-27 19:17:41,2200001,8.0
2019-10-27 19:17:42,2201000,8.0
2019-10-27 19:17:43,2202000,8.0
2019-10-27 19:17:44,2203000,8.0
2019-10-27 19:17:45,2204001,8.0
2019-10-27 19:17:46,2205000,8.0
2019-10-27 19:17:47,2206000,8.0
2019-10-27 19:17:48,2207000,8.0
2019-10-27 19:17:49,2208001,8.0
2019-10-27 19:17:50,2209000,8.0
2019-10-27 19:17:51,2210000,8.0
2019-10-27 19:17:52,2211001,8.0
2019-10-27 19:17:53,2212000,8.0
2019-10-27 19:17:54,2213001,8.0
2019-10-27 19:17:55,2214000,8.0
2019-10-27 19:17:56,2215000,8.0
2019-10-27 19:17:57,2216000,8.0
2019-10-27 19:17:58,2217001,8.0
2019-10-27 19:17:59,2218000,8.0
2019-10-27 19:18:00,2219001,8.0
2019-10-27 19:18:01,2220000,8.0
2019-10-27 19:18:02,2221000,8.0
2019-10-27 19:18:03,2222000,8.0
2019-10-27 19:18:04,2223000,8.0
2019-10-27 19:18:05,2224001,8.0
2019-10-27 19:18:06,2225000,8.0
2019-10-27 19:18:07,2226000,8.0
2019-10-27 19:18:08,2227000,8.0
2019-10-27 19:18:09,2228001,8.0
2019-10-27 19:18:10,2229000,8.0
2019-10-27 19:18:11,2230000,8.0
2019-10-27 19:18:12,2231001,8.0
2019-10-27 19:18:13,2232000,8.0
2019-10-27 19:18:14,2233000,8.0
2019-10-27 19:18:15,2234000,8.0
2019-10-27 19:18:16,2235001,8.0
2019-10-27 19:18:17,2236000,8.0
2019-10-27 19:18:18,2237000,8.0
2019-10-27 19:18:19,2238001,8.0
2019-10-27 19:18:20,2239000,8.0
2019-10-27 19:18:21,2240000,8.0
2019-10-27 19:18:22,2241000,8.0
2019-10-27 19:18:23,2242000,8.0
2019-10-27 19:18:24,2243001,8.0
2019-10-27 19:18:25,2244000,8.0
2019-10-27 19:18:26,2245000,8.0
2019-10-27 19:18:27,2246000,8.0
2019-10-27 19:18:28,2247001,8.0
2019-10-27 19:18:29,2248000,8.0
2019-10-27 19:18:30,2249000,8.0
2019-10-27 19:18:31,2250000,8.0
2019-10-27 19:18:32,2251001,8.0
2019-10-27 19:18:33,2252000,8.0
2019-10-27 19:18:34,2253000,8.0
2019-10-27 19:18:35,2254000,8.0
2019-10-27 19:18:36,2255000,8.0
2019-10-27 19:18:37,2256001,8.0
2019-10-27 19:18:38,2257000,8.0
2019-10-27 19:18:39,2258000,8.0
2019-10-27 19:18:40,2259000,8.0
2019-10-27 19:18:41,2260001,8.0
2019-10-27 19:18:42,2261000,8.0
2019-10-27 19:18:43,2262000,8.0
2019-10-27 19:18:44,2263000,8.0
2019-10-27 19:18:45,2264001,8.0
2019-10-27 19:18:46,2265000,8.0
2019-10-27 19:18:47,2266000,8.0
2019-10-27 19:18:48,2267000,8.0
2019-10-27 19:18:49,2268001,8.0
2019-10-27 19:18:50,2269000,8.0
2019-10-27 19:18:51,2270000,8.0
2019-10-27 19:18:52,2271000,8.0
2019-10-27 19:18:53,2272001,8.0
2019-10-27 19:18:54,2273000,8.0
2019-10-27 19:18:55,2274000,8.0
2019-10-27 19:18:56,2275001,8.0
2019-10-27 19:18:57,2276000,8.0
2019-10-27 19:18:58,2277000,8.0
2019-10-27 19:18:59,2278000,8.0
2019-10-27 19:19:00,2279000,8.0
2019-10-27 19:19:01,2280001,8.0
2019-10-27 19:19:02,2281000,8.0
2019-10-27 19:19:03,2282000,8.0
2019-10-27 19:19:04,2283000,8.0
2019-10-27 19:19:05,2284000,8.0
2019-10-27 19:19:06,2285001,8.0
2019-10-27 19:19:07,2286000,8.0
2019-10-27 19:19:08,2287000,8.0
2019-10-27 19:19:09,2288001,8.0
2019-10-27 19:19:10,2289000,8.0
2019-10-27 19:19:11,2290000,8.0
2019-10-27 19:19:12,2291000,8.0
2019-10-27 19:19:13,2292000,8.0
2019-10-27 19:19:14,2293001,8.0
2019-10-27 19:19:15,2294000,8.0
2019-10-27 19:19:16,2295000,8.0
2019-10-27 19:19:17,2296000,8.0
2019-10-27 19:19:18,2297000,8.0
2019-10-27 19:19:19,2298000,8.0
2019-10-27 19:19:20,2299000,8.0
2019-10-27 19:19:21,2300001,8.0
2019-10-27 19:19:22,2301000,8.0
2019-10-27 19:19:23,2302000,8.0
2019-10-27 19:19:24,2303001,8.0
2019-10-27 19:19:25,2304000,8.0
2019-10-27 19:19:26,2305000,8.0
2019-10-27 19:19:27,2306000,8.0
2019-10-27 19:19:28,2307000,8.0
2019-10-27 19:19:29,2308001,8.0
2019-10-27 19:19:30,2309000,8.0
2019-10-27 19:19:31,2310000,8.0
2019-10-27 19:19:32,2311000,8.0
2019-10-27 19:19:33,2312000,8.0
2019-10-27 19:19:34,2313001,8.0
2019-10-27 19:19:35,2314000,8.0
2019-10-27 19:19:36,2315000,8.0
2019-10-27 19:19:37,2316000,8.0
2019-10-27 19:19:38,2317001,8.0
2019-10-27 19:19:39,2318000,8.0
2019-10-27 19:19:40,2319000,8.0
2019-10-27 19:19:41,2320000,8.0
2019-10-27 19:19:42,2321000,8.0
2019-10-27 19:19:43,2322001,8.0
2019-10-27 19:19:44,2323000,8.0
2019-10-27 19:19:45,2324000,8.0
2019-10-27 19:19:46,2325000,8.0
2019-10-27 19:19:47,2326000,8.0
2019-10-27 19:19:48,2327000,8.0
2019-10-27 19:19:49,2328000,8.0
2019-10-27 19:19:50,2329001,8.0
2019-10-27 19:19:51,2330000,8.0
2019-10-27 19:19:52,2331000,8.0
2019-10-27 19:19:53,2332000,8.0
2019-10-27 19:19:54,2333001,8.0
2019-10-27 19:19:55,2334000,8.0
2019-10-27 19:19:56,2335000,8.0
2019-10-27 19:19:57,2336000,8.0
2019-10-27 19:19:58,2337001,8.0
2019-10-27 19:19:59,2338000,8.0
2019-10-27 19:20:00,2339000,8.0
2019-10-27 19:20:01,2340000,8.0
2019-10-27 19:20:02,2341001,8.0
2019-10-27 19:20:03,2342000,8.0
2019-10-27 19:20:04,2343000,8.0
2019-10-27 19:20:05,2344001,8.0
2019-10-27 19:20:06,2345000,8.0
2019-10-27 19:20:07,2346000,8.0
2019-10-27 19:20:08,2347000,8.0
2019-10-27 19:20:09,2348001,8.0
2019-10-27 19:20:10,2349000,8.0
2019-10-27 19:20:11,2350000,8.0
2019-10-27 19:20:12,2351000,8.0
2019-10-27 19:20:13,2352000,8.0
2019-10-27 19:20:14,2353001,8.0
2019-10-27 19:20:15,2354000,8.0
2019-10-27 19:20:16,2355000,8.0
2019-10-27 19:20:17,2356000,8.0
2019-10-27 19:20:18,2357000,8.0
2019-10-27 19:20:19,2358001,8.0
2019-10-27 19:20:20,2359000,8.0
2019-10-27 19:20:21,2360001,8.0
2019-10-27 19:20:22,2361000,8.0
2019-10-27 19:20:23,2362000,8.0
2019-10-27 19:20:24,2363000,8.0
2019-10-27 19:20:25,2364000,8.0
2019-10-27 19:20:26,2365001,8.0
2019-10-27 19:20:27,2366000,8.0
2019-10-27 19:20:28,2367000,8.0
2019-10-27 19:20:29,2368001,8.0
2019-10-27 19:20:30,2369000,8.0
2019-10-27 19:20:31,2370000,8.0
2019-10-27 19:20:32,2371000,8.0
2019-10-27 19:20:33,2372001,8.0
2019-10-27 19:20:34,2373000,8.0
2019-10-27 19:20:35,2374000,8.0
2019-10-27 19:20:36,2375000,8.0
2019-10-27 19:20:37,2376000,8.0
2019-10-27 19:20:38,2377001,8.0
2019-10-27 19:20:39,2378000,8.0
2019-10-27 19:20:40,2379000,8.0
2019-10-27 19:20:41,2380001,8.0
2019-10-27 19:20:42,2381000,8.0
2019-10-27 19:20:43,2382000,8.0
2019-10-27 19:20:44,2383000,8.0
2019-10-27 19:20:45,2384001,8.0
2019-10-27 19:20:46,2385000,8.0
2019-10-27 19:20:47,2386000,8.0
2019-10-27 19:20:48,2387001,8.0
2019-10-27 19:20:49,2388000,8.0
2019-10-27 19:20:50,2389000,8.0
2019-10-27 19:20:51,2390001,8.0
2019-10-27 19:20:52,2391000,8.0
2019-10-27 19:20:53,2392000,8.0
2019-10-27 19:20:54,2393000,8.0
2019-10-27 19:20:55,2394002,8.0
2019-10-27 19:20:56,2395000,8.0
2019-10-27 19:20:57,2396001,8.0
2019-10-27 19:20:58,2397000,8.0
2019-10-27 19:20:59,2398000,8.0
2019-10-27 19:21:00,2399000,8.0
2019-10-27 19:21:01,2400000,8.0
2019-10-27 19:21:02,2401000,8.0
2019-10-27 19:21:03,2402001,8.0
2019-10-27 19:21:04,2403000,8.0
2019-10-27 19:21:05,2404000,8.0
2019-10-27 19:21:06,2405000,8.0
2019-10-27 19:21:07,2406001,8.0
2019-10-27 19:21:08,2407000,8.0
2019-10-27 19:21:09,2408000,8.0
2019-10-27 19:21:10,2409000,8.0
2019-10-27 19:21:11,2410001,8.0
2019-10-27 19:21:12,2411000,8.0
2019-10-27 19:21:13,2412000,8.0
2019-10-27 19:21:14,2413000,8.0
2019-10-27 19:21:15,2414000,8.0
2019-10-27 19:21:16,2415001,8.0
2019-10-27 19:21:17,2416000,8.0
2019-10-27 19:21:18,2417000,8.0
2019-10-27 19:21:19,2418000,8.0
2019-10-27 19:21:20,2419001,8.0
2019-10-27 19:21:21,2420000,8.0
2019-10-27 19:21:22,2421000,8.0
2019-10-27 19:21:23,2422000,8.0
2019-10-27 19:21:24,2423001,8.0
2019-10-27 19:21:25,2424000,8.0
2019-10-27 19:21:26,2425001,8.0
2019-10-27 19:21:27,2426000,8.0
2019-10-27 19:21:28,2427000,8.0
2019-10-27 19:21:29,2428001,8.0
2019-10-27 19:21:30,2429000,0.0
2019-10-27 19:21:31,2430000,8.0
2019-10-27 19:21:32,2431000,8.0
2019-10-27 19:21:33,2432001,8.0
2019-10-27 19:21:34,2433000,8.0
2019-10-27 19:21:35,2434000,8.0
2019-10-27 19:21:36,2435001,8.0
2019-10-27 19:21:37,2436000,8.0
2019-10-27 19:21:38,2437000,8.0
2019-10-27 19:21:39,2438004,8.0
2019-10-27 19:21:40,2439000,8.0
2019-10-27 19:21:41,2440000,8.0
2019-10-27 19:21:42,2441000,8.0
2019-10-27 19:21:43,2442001,8.0
2019-10-27 19:21:44,2443000,8.0
2019-10-27 19:21:45,2444000,8.0
2019-10-27 19:21:46,2445000,8.0
2019-10-27 19:21:47,2446000,8.0
2019-10-27 19:21:48,2447001,8.0
2019-10-27 19:21:49,2448000,8.0
2019-10-27 19:21:50,2449001,8.0
2019-10-27 19:21:51,2450000,8.0
2019-10-27 19:21:52,2451000,8.0
2019-10-27 19:21:53,2452000,8.0
2019-10-27 19:21:54,2453000,8.0
2019-10-27 19:21:55,2454001,8.0
2019-10-27 19:21:56,2455000,8.0
2019-10-27 19:21:57,2456000,8.0
2019-10-27 19:21:58,2457001,8.0
2019-10-27 19:21:59,2458000,8.0
2019-10-27 19:22:00,2459000,8.0
2019-10-27 19:22:01,2460001,8.0
2019-10-27 19:22:02,2461000,8.0
2019-10-27 19:22:03,2462000,8.0
2019-10-27 19:22:04,2463000,8.0
2019-10-27 19:22:05,2464001,8.0
2019-10-27 19:22:06,2465000,8.0
2019-10-27 19:22:07,2466000,8.0
2019-10-27 19:22:08,2467000,8.0
2019-10-27 19:22:09,2468000,8.0
2019-10-27 19:22:10,2469001,8.0
2019-10-27 19:22:11,2470000,8.0
2019-10-27 19:22:12,2471000,8.0
2019-10-27 19:22:13,2472000,8.0
2019-10-27 19:22:14,2473000,8.0
2019-10-27 19:22:15,2474001,8.0
2019-10-27 19:22:16,2475000,8.0
2019-10-27 19:22:17,2476000,8.0
2019-10-27 19:22:18,2477000,8.0
2019-10-27 19:22:19,2478001,8.0
2019-10-27 19:22:20,2479000,8.0
2019-10-27 19:22:21,2480000,8.0
2019-10-27 19:22:22,2481000,8.0
2019-10-27 19:22:23,2482001,8.0
2019-10-27 19:22:24,2483000,8.0
2019-10-27 19:22:25,2484000,8.0
2019-10-27 19:22:26,2485001,8.0
2019-10-27 19:22:27,2486000,8.0
2019-10-27 19:22:28,2487001,8.0
2019-10-27 19:22:29,2488000,8.0
2019-10-27 19:22:30,2489000,8.0
2019-10-27 19:22:31,2490000,8.0
2019-10-27 19:22:32,2491001,8.0
2019-10-27 19:22:33,2492000,8.0
2019-10-27 19:22:34,2493001,8.0
2019-10-27 19:22:35,2494000,8.0
2019-10-27 19:22:36,2495000,8.0
2019-10-27 19:22:37,2496000,8.0
2019-10-27 19:22:38,2497001,8.0
2019-10-27 19:22:39,2498000,8.0
2019-10-27 19:22:40,2499001,8.0
2019-10-27 19:22:41,2500000,8.0
2019-10-27 19:22:42,2501000,8.0
2019-10-27 19:22:43,2502000,8.0
2019-10-27 19:22:44,2503001,8.0
2019-10-27 19:22:45,2504000,8.0
2019-10-27 19:22:46,2505000,8.0
2019-10-27 19:22:47,2506000,8.0
2019-10-27 19:22:48,2507001,8.0
2019-10-27 19:22:49,2508000,8.0
2019-10-27 19:22:50,2509000,8.0
2019-10-27 19:22:51,2510000,8.0
2019-10-27 19:22:52,2511000,8.0
2019-10-27 19:22:53,2512001,8.0
2019-10-27 19:22:54,2513000,8.0
2019-10-27 19:22:55,2514000,8.0
2019-10-27 19:22:56,2515000,8.0
2019-10-27 19:22:57,2516000,8.0
2019-10-27 19:22:58,2517000,8.0
2019-10-27 19:22:59,2518001,8.0
2019-10-27 19:23:00,2519000,8.0
2019-10-27 19:23:01,2520000,8.0
2019-10-27 19:23:02,2521000,8.0
2019-10-27 19:23:03,2522001,8.0
2019-10-27 19:23:04,2523000,0.0
2019-10-27 19:23:05,2524000,0.0
2019-10-27 19:23:06,2525000,8.0
2019-10-27 19:23:07,2526001,8.0
