Timestamp,Milliseconds,Degrees
2019-10-27 18:41:01,1,0.0
2019-10-27 18:41:02,1000,0.0
2019-10-27 18:41:03,2000,0.0
2019-10-27 18:41:04,3001,0.0
2019-10-27 18:41:05,4000,0.0
2019-10-27 18:41:06,5000,0.0
2019-10-27 18:41:07,6001,0.0
2019-10-27 18:41:08,7000,0.0
2019-10-27 18:41:09,8000,0.0
2019-10-27 18:41:10,9001,0.0
2019-10-27 18:41:11,10000,0.0
2019-10-27 18:41:12,11000,0.0
2019-10-27 18:41:13,12000,0.0
2019-10-27 18:41:14,13001,0.0
2019-10-27 18:41:15,14000,0.0
2019-10-27 18:41:16,15001,0.0
2019-10-27 18:41:17,16000,0.0
2019-10-27 18:41:18,17000,0.0
2019-10-27 18:41:19,18000,0.0
2019-10-27 18:41:20,19000,0.0
2019-10-27 18:41:21,20001,0.0
2019-10-27 18:41:22,21000,0.0
2019-10-27 18:41:23,22000,0.0
2019-10-27 18:41:24,23001,0.0
2019-10-27 18:41:25,24000,0.0
2019-10-27 18:41:26,25000,0.0
2019-10-27 18:41:27,26000,0.0
2019-10-27 18:41:28,27001,0.0
2019-10-27 18:41:29,28000,0.0
2019-10-27 18:41:30,29000,0.0
2019-10-27 18:41:31,30001,0.0
2019-10-27 18:41:32,31000,0.0
2019-10-27 18:41:33,32000,0.0
2019-10-27 18:41:34,33001,0.0
2019-10-27 18:41:35,34000,0.0
2019-10-27 18:41:36,35000,0.0
2019-10-27 18:41:37,36000,0.0
2019-10-27 18:41:38,37001,0.0
2019-10-27 18:41:39,38000,0.0
2019-10-27 18:41:40,39000,0.0
2019-10-27 18:41:41,40001,0.0
2019-10-27 18:41:42,41000,0.0
2019-10-27 18:41:43,42000,0.0
2019-10-27 18:41:44,43001,0.0
2019-10-27 18:41:45,44000,0.0
2019-10-27 18:41:46,45000,0.0
2019-10-27 18:41:47,46001,0.0
2019-10-27 18:41:48,47000,0.0
2019-10-27 18:41:49,48000,0.0
2019-10-27 18:41:50,49000,0.0
2019-10-27 18:41:51,50001,0.0
2019-10-27 18:41:52,51001,0.0
2019-10-27 18:41:53,52000,0.0
2019-10-27 18:41:54,53000,0.0
2019-10-27 18:41:55,54000,0.0
2019-10-27 18:41:56,55001,0.0
2019-10-27 18:41:57,56000,0.0
2019-10-27 18:41:58,57000,0.0
2019-10-27 18:41:59,58001,0.0
2019-10-27 18:42:00,59000,0.0
2019-10-27 18:42:01,60000,0.0
2019-10-27 18:42:02,61000,0.0
2019-10-27 18:42:03,62000,0.0
2019-10-27 18:42:04,63001,0.0
2019-10-27 18:42:05,64000,0.0
2019-10-27 18:42:06,65000,0.0
2019-10-27 18:42:07,66000,0.0
2019-10-27 18:42:08,67001,0.0
2019-10-27 18:42:09,68000,0.0
2019-10-27 18:42:10,69000,0.0
2019-10-27 18:42:11,70000,0.0
2019-10-27 18:42:12,71001,0.0
2019-10-27 18:42:13,72000,0.0
2019-10-27 18:42:14,73000,0.0
2019-10-27 18:42:15,74000,0.0
2019-10-27 18:42:16,75000,0.0
2019-10-27 18:42:17,76001,0.0
2019-10-27 18:42:18,77000,0.0
2019-10-27 18:42:19,78001,0.0
2019-10-27 18:42:20,79000,0.0
2019-10-27 18:42:21,80000,0.0
2019-10-27 18:42:22,81001,0.0
2019-10-27 18:42:23,82000,0.0
2019-10-27 18:42:24,83000,0.0
2019-10-27 18:42:25,84000,0.0
2019-10-27 18:42:26,85001,0.0
2019-10-27 18:42:27,86000,0.0
2019-10-27 18:42:28,87001,0.0
2019-10-27 18:42:29,88000,0.0
2019-10-27 18:42:30,89000,0.0
2019-10-27 18:42:31,90000,0.0
2019-10-27 18:42:32,91001,0.0
2019-10-27 18:42:33,92000,0.0
2019-10-27 18:42:34,93001,0.0
2019-10-27 18:42:35,94000,0.0
2019-10-27 18:42:36,95000,0.0
2019-10-27 18:42:37,96000,0.0
2019-10-27 18:42:38,97000,0.0
2019-10-27 18:42:39,98001,0.0
2019-10-27 18:42:40,99000,0.0
2019-10-27 18:42:41,100000,0.0
2019-10-27 18:42:42,101001,0.0
2019-10-27 18:42:43,102000,0.0
2019-10-27 18:42:44,103001,0.0
2019-10-27 18:42:45,104000,0.0
2019-10-27 18:42:46,105000,0.0
2019-10-27 18:42:47,106000,0.0
2019-10-27 18:42:48,107001,0.0
2019-10-27 18:42:49,108000,0.0
2019-10-27 18:42:50,109000,0.0
2019-10-27 18:42:51,110000,0.0
2019-10-27 18:42:52,111001,0.0
2019-10-27 18:42:53,112000,0.0
2019-10-27 18:42:54,113000,0.0
2019-10-27 18:42:55,114001,0.0
2019-10-27 18:42:56,115000,0.0
2019-10-27 18:42:57,116000,0.0
2019-10-27 18:42:58,117000,0.0
2019-10-27 18:42:59,118001,0.0
2019-10-27 18:43:00,119000,0.0
2019-10-27 18:43:01,120000,0.0
2019-10-27 18:43:02,121000,0.0
2019-10-27 18:43:03,122001,0.0
2019-10-27 18:43:04,123000,0.0
2019-10-27 18:43:05,124000,0.0
2019-10-27 18:43:06,125001,0.0
2019-10-27 18:43:07,126000,0.0
2019-10-27 18:43:08,127001,0.0
2019-10-27 18:43:09,128000,0.0
2019-10-27 18:43:10,129000,0.0
2019-10-27 18:43:11,130001,0.0
2019-10-27 18:43:12,131000,0.0
2019-10-27 18:43:13,132000,0.0
2019-10-27 18:43:14,133001,0.0
2019-10-27 18:43:15,134000,0.0
2019-10-27 18:43:16,135000,0.0
2019-10-27 18:43:17,136000,0.0
2019-10-27 18:43:18,137001,0.0
2019-10-27 18:43:19,138000,0.0
2019-10-27 18:43:20,139000,0.0
2019-10-27 18:43:21,140000,0.0
2019-10-27 18:43:22,141000,0.0
2019-10-27 18:43:23,142001,0.0
2019-10-27 18:43:24,143000,0.0
2019-10-27 18:43:25,144000,0.0
2019-10-27 18:43:26,145000,0.0
2019-10-27 18:43:27,146001,0.0
2019-10-27 18:43:28,147001,0.0
2019-10-27 18:43:29,148000,0.0
2019-10-27 18:43:30,149000,0.0
2019-10-27 18:43:31,150000,0.0
2019-10-27 18:43:32,151000,0.0
2019-10-27 18:43:33,152001,0.0
2019-10-27 18:43:34,153000,0.0
2019-10-27 18:43:35,154001,0.0
2019-10-27 18:43:36,155000,0.0
2019-10-27 18:43:37,156000,0.0
2019-10-27 18:43:38,157000,0.0
2019-10-27 18:43:39,158001,0.0
2019-10-27 18:43:40,159000,0.0
2019-10-27 18:43:41,160000,0.0
2019-10-27 18:43:42,161001,0.0
2019-10-27 18:43:43,162000,0.0
2019-10-27 18:43:44,163000,0.0
2019-10-27 18:43:45,164001,0.0
2019-10-27 18:43:46,165000,0.0
2019-10-27 18:43:47,166000,0.0
2019-10-27 18:43:48,167000,0.0
2019-10-27 18:43:49,168001,0.0
2019-10-27 18:43:50,169000,0.0
2019-10-27 18:43:51,170000,0.0
2019-10-27 18:43:52,171000,0.0
2019-10-27 18:43:53,172001,0.0
2019-10-27 18:43:54,173000,0.0
2019-10-27 18:43:55,174000,0.0
2019-10-27 18:43:56,175000,0.0
2019-10-27 18:43:57,176000,0.0
2019-10-27 18:43:58,177001,0.0
2019-10-27 18:43:59,178000,0.0
2019-10-27 18:44:00,179000,0.0
2019-10-27 18:44:01,180000,0.0
2019-10-27 18:44:02,181000,0.0
2019-10-27 18:44:03,182000,0.0
2019-10-27 18:44:04,183001,0.0
2019-10-27 18:44:05,184000,0.0
2019-10-27 18:44:06,185000,0.0
2019-10-27 18:44:07,186001,0.0
2019-10-27 18:44:08,187000,0.0
2019-10-27 18:44:09,188000,0.0
2019-10-27 18:44:10,189001,0.0
2019-10-27 18:44:11,190000,0.0
2019-10-27 18:44:12,191000,0.0
2019-10-27 18:44:13,192001,0.0
2019-10-27 18:44:14,193000,0.0
2019-10-27 18:44:15,194000,0.0
2019-10-27 18:44:16,195000,0.0
2019-10-27 18:44:17,196000,0.0
2019-10-27 18:44:18,197001,0.0
2019-10-27 18:44:19,198000,0.0
2019-10-27 18:44:20,199000,0.0
2019-10-27 18:44:21,200001,0.0
2019-10-27 18:44:22,201000,0.0
2019-10-27 18:44:23,202000,0.0
2019-10-27 18:44:24,203001,0.0
2019-10-27 18:44:25,204000,0.0
2019-10-27 18:44:26,205000,0.0
2019-10-27 18:44:27,206001,0.0
2019-10-27 18:44:28,207000,0.0
2019-10-27 18:44:29,208000,0.0
2019-10-27 18:44:30,209001,0.0
2019-10-27 18:44:31,210000,0.0
2019-10-27 18:44:32,211000,0.0
2019-10-27 18:44:33,212001,0.0
2019-10-27 18:44:34,213000,0.0
2019-10-27 18:44:35,214000,0.0
2019-10-27 18:44:36,215001,0.0
2019-10-27 18:44:37,216000,0.0
2019-10-27 18:44:38,217000,0.0
2019-10-27 18:44:39,218000,0.0
2019-10-27 18:44:40,219001,0.0
2019-10-27 18:44:41,220000,0.0
2019-10-27 18:44:42,221000,0.0
2019-10-27 18:44:43,222001,0.0
2019-10-27 18:44:44,223000,0.0
2019-10-27 18:44:45,224000,0.0
2019-10-27 18:44:46,225001,0.0
2019-10-27 18:44:47,226000,0.0
2019-10-27 18:44:48,227001,0.0
2019-10-27 18:44:49,228000,0.0
2019-10-27 18:44:50,229001,0.0
2019-10-27 18:44:51,230000,0.0
2019-10-27 18:44:52,231000,0.0
2019-10-27 18:44:53,232000,0.0
2019-10-27 18:44:54,233001,0.0
2019-10-27 18:44:55,234000,0.0
2019-10-27 18:44:56,235001,0.0
2019-10-27 18:44:57,236000,0.0
2019-10-27 18:44:58,237000,0.0
2019-10-27 18:44:59,238000,0.0
2019-10-27 18:45:00,239001,0.0
2019-10-27 18:45:01,240000,0.0
2019-10-27 18:45:02,241000,0.0
2019-10-27 18:45:03,242000,0.0
2019-10-27 18:45:04,243000,0.0
2019-10-27 18:45:05,244001,0.0
2019-10-27 18:45:06,245000,0.0
2019-10-27 18:45:07,246000,0.0
2019-10-27 18:45:08,247000,0.0
2019-10-27 18:45:09,248001,0.0
2019-10-27 18:45:10,249000,0.0
2019-10-27 18:45:11,250000,0.0
2019-10-27 18:45:12,251000,0.0
2019-10-27 18:45:13,252000,0.0
2019-10-27 18:45:14,253001,0.0
2019-10-27 18:45:15,254001,0.0
2019-10-27 18:45:16,255000,0.0
2019-10-27 18:45:17,256001,0.0
2019-10-27 18:45:18,257000,0.0
2019-10-27 18:45:19,258000,0.0
2019-10-27 18:45:20,259001,0.0
2019-10-27 18:45:21,260000,0.0
2019-10-27 18:45:22,261000,0.0
2019-10-27 18:45:23,262000,0.0
2019-10-27 18:45:24,263001,0.0
2019-10-27 18:45:25,264000,0.0
2019-10-27 18:45:26,265000,0.0
2019-10-27 18:45:27,266000,0.0
2019-10-27 18:45:28,267001,0.0
2019-10-27 18:45:29,268000,0.0
2019-10-27 18:45:30,269000,0.0
2019-10-27 18:45:31,270000,0.0
2019-10-27 18:45:32,271000,0.0
2019-10-27 18:45:33,272001,0.0
2019-10-27 18:45:34,273000,0.0
2019-10-27 18:45:35,274000,0.0
2019-10-27 18:45:36,275001,0.0
2019-10-27 18:45:37,276000,0.0
2019-10-27 18:45:38,277001,0.0
2019-10-27 18:45:39,278000,0.0
2019-10-27 18:45:40,279000,0.0
2019-10-27 18:45:41,280001,0.0
2019-10-27 18:45:42,281000,0.0
2019-10-27 18:45:43,282000,0.0
2019-10-27 18:45:44,283000,0.0
2019-10-27 18:45:45,284001,0.0
2019-10-27 18:45:46,285000,0.0
2019-10-27 18:45:47,286000,0.0
2019-10-27 18:45:48,287000,0.0
2019-10-27 18:45:49,288001,0.0
2019-10-27 18:45:50,289000,0.0
2019-10-27 18:45:51,290000,0.0
2019-10-27 18:45:52,291000,0.0
2019-10-27 18:45:53,292001,0.0
2019-10-27 18:45:54,293000,0.0
2019-10-27 18:45:55,294000,0.0
2019-10-27 18:45:56,295000,0.0
2019-10-27 18:45:57,296000,0.0
2019-10-27 18:45:58,297000,0.0
2019-10-27 18:45:59,298001,0.0
2019-10-27 18:46:00,299000,0.0
2019-10-27 18:46:01,300000,0.0
2019-10-27 18:46:02,301000,0.0
2019-10-27 18:46:03,302001,0.0
2019-10-27 18:46:04,303000,0.0
2019-10-27 18:46:05,304000,0.0
2019-10-27 18:46:06,305000,0.0
2019-10-27 18:46:07,306001,0.0
2019-10-27 18:46:08,307000,0.0
2019-10-27 18:46:09,308000,0.0
2019-10-27 18:46:10,309001,0.0
2019-10-27 18:46:11,310000,0.0
2019-10-27 18:46:12,311001,0.0
2019-10-27 18:46:13,312000,0.0
2019-10-27 18:46:14,313000,0.0
2019-10-27 18:46:15,314001,0.0
2019-10-27 18:46:16,315000,0.0
2019-10-27 18:46:17,316000,0.0
2019-10-27 18:46:18,317000,0.0
2019-10-27 18:46:19,318001,0.0
2019-10-27 18:46:20,319000,0.0
2019-10-27 18:46:21,320000,0.0
2019-10-27 18:46:22,321001,0.0
2019-10-27 18:46:23,322000,0.0
2019-10-27 18:46:24,323000,0.0
2019-10-27 18:46:25,324000,0.0
2019-10-27 18:46:26,325001,0.0
2019-10-27 18:46:27,326000,0.0
2019-10-27 18:46:28,327000,0.0
2019-10-27 18:46:29,328000,0.0
2019-10-27 18:46:30,329002,0.0
2019-10-27 18:46:31,330000,0.0
2019-10-27 18:46:32,331000,0.0
2019-10-27 18:46:33,332001,0.0
2019-10-27 18:46:34,333000,0.0
2019-10-27 18:46:35,334000,0.0
2019-10-27 18:46:36,335001,0.0
2019-10-27 18:46:37,336000,0.0
2019-10-27 18:46:38,337000,0.0
2019-10-27 18:46:39,338001,0.0
2019-10-27 18:46:40,339000,0.0
2019-10-27 18:46:41,340000,0.0
2019-10-27 18:46:42,341001,0.0
2019-10-27 18:46:43,342000,0.0
2019-10-27 18:46:44,343000,0.0
2019-10-27 18:46:45,344000,0.0
2019-10-27 18:46:46,345000,0.0
2019-10-27 18:46:47,346001,0.0
2019-10-27 18:46:48,347000,0.0
2019-10-27 18:46:49,348001,0.0
2019-10-27 18:46:50,349000,0.0
2019-10-27 18:46:51,350000,0.0
2019-10-27 18:46:52,351000,0.0
2019-10-27 18:46:53,352001,0.0
2019-10-27 18:46:54,353000,0.0
2019-10-27 18:46:55,354000,0.0
2019-10-27 18:46:56,355001,0.0
2019-10-27 18:46:57,356000,0.0
2019-10-27 18:46:58,357000,0.0
2019-10-27 18:46:59,358000,0.0
2019-10-27 18:47:00,359001,0.0
2019-10-27 18:47:01,360000,0.0
2019-10-27 18:47:02,361001,0.0
2019-10-27 18:47:03,362000,0.0
2019-10-27 18:47:04,363000,0.0
2019-10-27 18:47:05,364000,0.0
2019-10-27 18:47:06,365000,0.0
2019-10-27 18:47:07,366001,0.0
2019-10-27 18:47:08,367000,0.0
2019-10-27 18:47:09,368000,0.0
2019-10-27 18:47:10,369000,0.0
2019-10-27 18:47:11,370000,0.0
2019-10-27 18:47:12,371001,0.0
2019-10-27 18:47:13,372000,0.0
2019-10-27 18:47:14,373000,0.0
2019-10-27 18:47:15,374000,0.0
2019-10-27 18:47:16,375000,0.0
2019-10-27 18:47:17,376000,0.0
2019-10-27 18:47:18,377001,0.0
2019-10-27 18:47:19,378000,0.0
2019-10-27 18:47:20,379000,0.0
2019-10-27 18:47:21,380000,0.0
2019-10-27 18:47:22,381000,0.0
2019-10-27 18:47:23,382001,0.0
2019-10-27 18:47:24,383000,0.0
2019-10-27 18:47:25,384000,0.0
2019-10-27 18:47:26,385000,0.0
2019-10-27 18:47:28,386039,0.0
2019-10-27 18:47:29,387038,0.0
2019-10-27 18:47:30,388038,0.0
2019-10-27 18:47:30,389001,0.0
2019-10-27 18:47:32,390038,0.0
2019-10-27 18:47:32,391006,0.0
2019-10-27 18:47:34,392034,0.0
2019-10-27 18:47:35,393038,0.0
2019-10-27 18:47:36,394040,0.0
2019-10-27 18:47:37,395038,0.0
2019-10-27 18:47:38,396039,0.0
2019-10-27 18:47:38,397015,0.0
2019-10-27 18:47:40,398039,0.0
2019-10-27 18:47:41,399038,0.0
2019-10-27 18:47:42,400039,0.0
2019-10-27 18:47:43,401038,0.0
2019-10-27 18:47:44,402038,0.0
2019-10-27 18:47:45,403038,0.0
2019-10-27 18:47:45,404024,0.0
2019-10-27 18:47:47,405040,0.0
2019-10-27 18:47:48,406038,0.0
2019-10-27 18:47:49,407030,0.0
2019-10-27 18:47:50,408040,0.0
2019-10-27 18:47:51,409040,0.0
2019-10-27 18:47:51,410026,0.0
2019-10-27 18:47:53,411054,0.0
2019-10-27 18:47:54,412040,0.0
2019-10-27 18:47:55,413040,0.0
2019-10-27 18:47:56,414040,0.0
2019-10-27 18:47:57,415040,0.0
2019-10-27 18:47:58,416040,0.0
2019-10-27 18:47:59,417040,0.0
2019-10-27 18:47:59,418002,0.0
2019-10-27 18:48:01,419035,0.0
2019-10-27 18:48:02,420038,0.0
2019-10-27 18:48:02,421006,0.0
2019-10-27 18:48:04,422040,0.0
2019-10-27 18:48:05,423040,0.0
2019-10-27 18:48:06,424034,0.0
2019-10-27 18:48:07,425038,0.0
2019-10-27 18:48:07,426001,0.0
2019-10-27 18:48:08,427023,0.0
2019-10-27 18:48:09,428001,0.0
2019-10-27 18:48:11,429039,0.0
2019-10-27 18:48:12,430040,0.0
2019-10-27 18:48:13,431040,0.0
2019-10-27 18:48:14,432038,0.0
2019-10-27 18:48:15,433034,0.0
2019-10-27 18:48:16,434040,0.0
2019-10-27 18:48:17,435040,0.0
2019-10-27 18:48:18,436040,0.0
2019-10-27 18:48:19,437039,0.0
2019-10-27 18:48:20,438040,0.0
2019-10-27 18:48:20,439015,0.0
2019-10-27 18:48:22,440039,0.0
2019-10-27 18:48:22,441001,0.0
2019-10-27 18:48:23,442001,0.0
2019-10-27 18:48:25,443036,0.0
2019-10-27 18:48:26,444030,0.0
2019-10-27 18:48:27,445038,0.0
2019-10-27 18:48:28,446040,0.0
2019-10-27 18:48:29,447040,0.0
2019-10-27 18:48:30,448036,0.0
2019-10-27 18:48:31,449038,0.0
2019-10-27 18:48:32,450038,0.0
2019-10-27 18:48:33,451039,0.0
2019-10-27 18:48:33,452003,0.0
2019-10-27 18:48:35,453039,0.0
2019-10-27 18:48:36,454041,0.0
2019-10-27 18:48:36,455006,0.0
2019-10-27 18:48:37,456010,0.0
2019-10-27 18:48:39,457039,0.0
2019-10-27 18:48:39,458021,0.0
2019-10-27 18:48:40,459016,0.0
2019-10-27 18:48:42,460034,0.0
2019-10-27 18:48:43,461040,0.0
2019-10-27 18:48:44,462039,0.0
2019-10-27 18:48:45,463038,0.0
2019-10-27 18:48:46,464038,0.0
2019-10-27 18:48:47,465038,0.0
2019-10-27 18:48:47,466011,0.0
2019-10-27 18:48:48,467001,0.0
2019-10-27 18:48:50,468040,0.0
2019-10-27 18:48:51,469034,0.0
2019-10-27 18:48:52,470039,0.0
2019-10-27 18:48:52,471014,0.0
2019-10-27 18:48:53,472001,0.0
2019-10-27 18:48:55,473038,0.0
2019-10-27 18:48:56,474041,0.0
2019-10-27 18:48:56,475001,0.0
2019-10-27 18:48:58,476040,0.0
2019-10-27 18:48:58,477018,0.0
2019-10-27 18:49:00,478054,0.0
2019-10-27 18:49:01,479040,0.0
2019-10-27 18:49:02,480039,0.0
2019-10-27 18:49:03,481038,0.0
2019-10-27 18:49:04,482034,0.0
2019-10-27 18:49:05,483038,0.0
2019-10-27 18:49:06,484038,0.0
2019-10-27 18:49:07,485054,0.0
2019-10-27 18:49:08,486039,0.0
2019-10-27 18:49:09,487039,0.0
2019-10-27 18:49:09,488020,0.0
2019-10-27 18:49:10,489020,0.0
2019-10-27 18:49:12,490040,0.0
2019-10-27 18:49:13,491038,0.0
2019-10-27 18:49:14,492040,0.0
2019-10-27 18:49:15,493034,0.0
2019-10-27 18:49:16,494041,0.0
2019-10-27 18:49:17,495040,0.0
2019-10-27 18:49:18,496040,0.0
2019-10-27 18:49:18,497001,0.0
2019-10-27 18:49:20,498039,0.0
2019-10-27 18:49:21,499040,0.0
2019-10-27 18:49:22,500038,0.0
2019-10-27 18:49:22,501001,0.0
2019-10-27 18:49:24,502034,0.0
2019-10-27 18:49:25,503040,0.0
2019-10-27 18:49:26,504040,0.0
2019-10-27 18:49:27,505039,0.0
2019-10-27 18:49:28,506034,0.0
2019-10-27 18:49:28,507025,0.0
2019-10-27 18:49:29,508025,0.0
2019-10-27 18:49:31,509038,0.0
2019-10-27 18:49:31,510001,0.0
2019-10-27 18:49:33,511039,0.0
2019-10-27 18:49:34,512041,0.0
2019-10-27 18:49:35,513031,0.0
2019-10-27 18:49:36,514040,0.0
2019-10-27 18:49:36,515001,0.0
2019-10-27 18:49:38,516038,0.0
2019-10-27 18:49:39,517039,0.0
2019-10-27 18:49:40,518033,0.0
2019-10-27 18:49:40,519001,0.0
2019-10-27 18:49:42,520040,0.0
2019-10-27 18:49:43,521038,0.0
2019-10-27 18:49:43,522025,0.0
2019-10-27 18:49:45,523040,0.0
2019-10-27 18:49:46,524031,0.0
2019-10-27 18:49:46,525001,0.0
2019-10-27 18:49:48,526040,0.0
2019-10-27 18:49:49,527054,0.0
2019-10-27 18:49:50,528034,0.0
2019-10-27 18:49:51,529054,0.0
2019-10-27 18:49:51,530018,0.0
2019-10-27 18:49:52,531024,0.0
2019-10-27 18:49:54,532035,0.0
2019-10-27 18:49:55,533038,0.0
2019-10-27 18:49:56,534040,0.0
2019-10-27 18:49:57,535040,0.0
2019-10-27 18:49:58,536033,0.0
2019-10-27 18:49:58,537001,0.0
2019-10-27 18:49:59,538023,0.0
2019-10-27 18:50:01,539039,0.0
2019-10-27 18:50:02,540039,0.0
2019-10-27 18:50:03,541040,0.0
2019-10-27 18:50:04,542040,0.0
2019-10-27 18:50:05,543038,0.0
2019-10-27 18:50:06,544040,0.0
2019-10-27 18:50:06,545023,0.0
2019-10-27 18:50:08,546038,0.0
2019-10-27 18:50:09,547040,0.0
2019-10-27 18:50:10,548038,0.0
2019-10-27 18:50:11,549038,0.0
2019-10-27 18:50:12,550038,0.0
2019-10-27 18:50:13,551040,0.0
2019-10-27 18:50:13,552001,0.0
2019-10-27 18:50:15,553040,0.0
2019-10-27 18:50:16,554038,0.0
2019-10-27 18:50:17,555038,0.0
2019-10-27 18:50:18,556040,0.0
2019-10-27 18:50:19,557040,0.0
2019-10-27 18:50:19,558004,0.0
2019-10-27 18:50:21,559038,0.0
2019-10-27 18:50:22,560040,0.0
2019-10-27 18:50:23,561041,0.0
2019-10-27 18:50:24,562040,0.0
2019-10-27 18:50:25,563038,0.0
2019-10-27 18:50:25,564002,0.0
2019-10-27 18:50:26,565001,0.0
2019-10-27 18:50:27,566003,0.0
2019-10-27 18:50:29,567054,0.0
2019-10-27 18:50:30,568039,0.0
2019-10-27 18:50:31,569038,0.0
2019-10-27 18:50:32,570039,0.0
2019-10-27 18:50:33,571040,0.0
2019-10-27 18:50:33,572003,0.0
2019-10-27 18:50:35,573040,0.0
2019-10-27 18:50:35,574005,0.0
2019-10-27 18:50:37,575040,0.0
2019-10-27 18:50:38,576040,0.0
2019-10-27 18:50:39,577038,0.0
2019-10-27 18:50:39,578024,0.0
2019-10-27 18:50:40,579026,0.0
2019-10-27 18:50:42,580041,0.0
2019-10-27 18:50:42,581014,0.0
2019-10-27 18:50:44,582047,0.0
2019-10-27 18:50:45,583040,0.0
2019-10-27 18:50:45,584014,0.0
2019-10-27 18:50:47,585040,0.0
2019-10-27 18:50:48,586041,0.0
2019-10-27 18:50:49,587040,0.0
2019-10-27 18:50:49,588014,0.0
2019-10-27 18:50:51,589040,0.0
2019-10-27 18:50:52,590038,0.0
2019-10-27 18:50:53,591040,0.0
2019-10-27 18:50:54,592038,0.0
2019-10-27 18:50:55,593034,0.0
2019-10-27 18:50:55,594001,0.0
2019-10-27 18:50:57,595040,0.0
2019-10-27 18:50:58,596034,0.0
2019-10-27 18:50:58,597001,0.0
2019-10-27 18:51:00,598038,0.0
2019-10-27 18:51:00,599017,0.0
2019-10-27 18:51:01,600002,0.0
2019-10-27 18:51:02,601028,0.0
2019-10-27 18:51:04,602038,0.0
2019-10-27 18:51:05,603032,0.0
2019-10-27 18:51:06,604039,0.0
2019-10-27 18:51:06,605015,0.0
2019-10-27 18:51:08,606032,0.0
2019-10-27 18:51:09,607034,0.0
2019-10-27 18:51:10,608040,0.0
2019-10-27 18:51:10,609001,0.0
2019-10-27 18:51:12,610034,0.0
2019-10-27 18:51:13,611032,0.0
2019-10-27 18:51:13,612022,0.0
2019-10-27 18:51:15,613038,0.0
2019-10-27 18:51:16,614041,0.0
2019-10-27 18:51:17,615039,0.0
2019-10-27 18:51:18,616038,0.0
2019-10-27 18:51:19,617054,0.0
2019-10-27 18:51:20,618034,0.0
2019-10-27 18:51:21,619038,0.0
2019-10-27 18:51:21,620001,0.0
2019-10-27 18:51:23,621032,0.0
2019-10-27 18:51:24,622038,0.0
2019-10-27 18:51:25,623040,0.0
2019-10-27 18:51:25,624024,0.0
2019-10-27 18:51:27,625032,0.0
2019-10-27 18:51:28,626040,0.0
2019-10-27 18:51:29,627040,0.0
2019-10-27 18:51:29,628018,0.0
2019-10-27 18:51:31,629032,0.0
2019-10-27 18:51:32,630040,0.0
2019-10-27 18:51:33,631040,0.0
2019-10-27 18:51:34,632040,0.0
2019-10-27 18:51:34,633014,0.0
2019-10-27 18:51:36,634032,0.0
2019-10-27 18:51:37,635032,0.0
2019-10-27 18:51:38,636034,0.0
2019-10-27 18:51:39,637032,0.0
2019-10-27 18:51:39,638001,0.0
2019-10-27 18:51:41,639032,0.0
2019-10-27 18:51:42,640040,0.0
2019-10-27 18:51:42,641001,0.0
2019-10-27 18:51:44,642040,0.0
2019-10-27 18:51:45,643038,0.0
2019-10-27 18:51:46,644040,0.0
2019-10-27 18:51:47,645039,0.0
2019-10-27 18:51:47,646001,0.0
2019-10-27 18:51:49,647031,0.0
2019-10-27 18:51:50,648034,0.0
2019-10-27 18:51:50,649001,0.0
2019-10-27 18:51:52,650038,0.0
2019-10-27 18:51:52,651006,0.0
2019-10-27 18:51:53,652024,0.0
2019-10-27 18:51:55,653040,0.0
2019-10-27 18:51:56,654039,0.0
2019-10-27 18:51:57,655038,0.0
2019-10-27 18:51:58,656038,0.0
2019-10-27 18:51:59,657038,0.0
2019-10-27 18:52:00,658040,0.0
2019-10-27 18:52:01,659040,0.0
2019-10-27 18:52:02,660038,0.0
2019-10-27 18:52:03,661054,0.0
2019-10-27 18:52:04,662038,0.0
2019-10-27 18:52:04,663004,0.0
2019-10-27 18:52:05,664026,0.0
2019-10-27 18:52:07,665040,0.0
2019-10-27 18:52:08,666039,0.0
2019-10-27 18:52:08,667017,0.0
2019-10-27 18:52:09,668001,0.0
2019-10-27 18:52:10,669004,0.0
2019-10-27 18:52:12,670040,0.0
2019-10-27 18:52:12,671001,0.0
2019-10-27 18:52:13,672001,0.0
2019-10-27 18:52:15,673040,0.0
2019-10-27 18:52:15,674014,0.0
2019-10-27 18:52:17,675040,0.0
2019-10-27 18:52:18,676032,0.0
2019-10-27 18:52:19,677040,0.0
2019-10-27 18:52:19,678001,0.0
2019-10-27 18:52:21,679040,0.0
2019-10-27 18:52:21,680001,0.0
2019-10-27 18:52:23,681040,0.0
2019-10-27 18:52:24,682040,0.0
2019-10-27 18:52:24,683011,0.0
2019-10-27 18:52:26,684040,0.0
2019-10-27 18:52:27,685039,0.0
2019-10-27 18:52:27,686001,0.0
2019-10-27 18:52:28,687001,0.0
2019-10-27 18:52:30,688034,0.0
2019-10-27 18:52:31,689041,0.0
2019-10-27 18:52:32,690040,0.0
2019-10-27 18:52:32,691017,0.0
2019-10-27 18:52:34,692040,0.0
2019-10-27 18:52:35,693040,0.0
2019-10-27 18:52:36,694041,0.0
2019-10-27 18:52:37,695040,0.0
2019-10-27 18:52:37,696001,0.0
2019-10-27 18:52:39,697054,0.0
2019-10-27 18:52:39,698004,0.0
2019-10-27 18:52:41,699040,0.0
2019-10-27 18:52:41,700014,0.0
2019-10-27 18:52:43,701039,0.0
2019-10-27 18:52:43,702003,0.0
2019-10-27 18:52:44,703027,0.0
2019-10-27 18:52:45,704014,0.0
2019-10-27 18:52:46,705022,0.0
2019-10-27 18:52:47,706024,0.0
2019-10-27 18:52:49,707039,0.0
2019-10-27 18:52:50,708038,0.0
2019-10-27 18:52:50,709027,0.0
2019-10-27 18:52:52,710038,0.0
2019-10-27 18:52:53,711040,0.0
2019-10-27 18:52:54,712038,0.0
2019-10-27 18:52:55,713038,0.0
2019-10-27 18:52:55,714003,0.0
2019-10-27 18:52:57,715035,0.0
2019-10-27 18:52:58,716038,0.0
2019-10-27 18:52:59,717041,0.0
2019-10-27 18:53:00,718038,0.0
2019-10-27 18:53:01,719038,0.0
2019-10-27 18:53:02,720038,0.0
2019-10-27 18:53:03,721038,0.0
2019-10-27 18:53:03,722019,0.0
2019-10-27 18:53:04,723010,0.0
2019-10-27 18:53:06,724042,0.0
2019-10-27 18:53:07,725038,0.0
2019-10-27 18:53:07,726006,0.0
2019-10-27 18:53:09,727038,0.0
2019-10-27 18:53:10,728039,0.0
2019-10-27 18:53:10,729024,0.0
2019-10-27 18:53:12,730038,0.0
2019-10-27 18:53:13,731038,0.0
2019-10-27 18:53:14,732041,0.0
2019-10-27 18:53:14,733010,0.0
2019-10-27 18:53:15,734024,0.0
2019-10-27 18:53:17,735038,0.0
2019-10-27 18:53:18,736038,0.0
2019-10-27 18:53:19,737038,0.0
2019-10-27 18:53:20,738038,0.0
2019-10-27 18:53:21,739039,0.0
2019-10-27 18:53:22,740039,0.0
2019-10-27 18:53:23,741040,0.0
2019-10-27 18:53:23,742024,0.0
2019-10-27 18:53:25,743038,0.0
2019-10-27 18:53:26,744054,0.0
2019-10-27 18:53:26,745024,0.0
2019-10-27 18:53:27,746024,0.0
2019-10-27 18:53:29,747040,0.0
2019-10-27 18:53:29,748023,0.0
2019-10-27 18:53:31,749038,0.0
2019-10-27 18:53:31,750026,0.0
2019-10-27 18:53:33,751039,0.0
2019-10-27 18:53:34,752040,0.0
2019-10-27 18:53:35,753040,0.0
2019-10-27 18:53:36,754037,0.0
2019-10-27 18:53:36,755000,0.0
2019-10-27 18:53:37,756000,0.0
2019-10-27 18:53:38,757000,0.0
2019-10-27 18:53:39,758000,0.0
2019-10-27 18:53:40,759000,0.0
2019-10-27 18:53:41,760001,0.0
2019-10-27 18:53:42,761000,0.0
2019-10-27 18:53:43,762000,0.0
2019-10-27 18:53:44,763000,0.0
2019-10-27 18:53:45,764000,0.0
2019-10-27 18:53:46,765001,0.0
2019-10-27 18:53:47,766000,0.0
2019-10-27 18:53:48,767000,0.0
2019-10-27 18:53:49,768001,0.0
2019-10-27 18:53:50,769000,0.0
2019-10-27 18:53:51,770000,0.0
2019-10-27 18:53:52,771000,0.0
2019-10-27 18:53:53,772000,0.0
2019-10-27 18:53:54,773001,0.0
2019-10-27 18:53:55,774000,0.0
2019-10-27 18:53:56,775000,0.0
2019-10-27 18:53:57,776000,0.0
2019-10-27 18:53:58,777001,0.0
2019-10-27 18:53:59,778000,0.0
2019-10-27 18:54:00,779000,0.0
2019-10-27 18:54:01,780001,0.0
2019-10-27 18:54:02,781000,0.0
2019-10-27 18:54:03,782000,0.0
2019-10-27 18:54:04,783000,0.0
2019-10-27 18:54:05,784000,0.0
2019-10-27 18:54:06,785001,0.0
2019-10-27 18:54:07,786000,0.0
2019-10-27 18:54:08,787000,0.0
2019-10-27 18:54:09,788001,0.0
2019-10-27 18:54:10,789000,0.0
2019-10-27 18:54:11,790000,0.0
2019-10-27 18:54:12,791000,0.0
2019-10-27 18:54:13,792001,0.0
2019-10-27 18:54:14,793000,0.0
2019-10-27 18:54:15,794000,0.0
2019-10-27 18:54:16,795001,0.0
2019-10-27 18:54:17,796000,0.0
2019-10-27 18:54:18,797000,0.0
2019-10-27 18:54:19,798000,0.0
2019-10-27 18:54:20,799001,0.0
2019-10-27 18:54:21,800000,0.0
2019-10-27 18:54:22,801000,0.0
2019-10-27 18:54:23,802000,0.0
2019-10-27 18:54:24,803000,0.0
2019-10-27 18:54:25,804001,0.0
2019-10-27 18:54:26,805000,0.0
2019-10-27 18:54:27,806000,0.0
2019-10-27 18:54:28,807000,0.0
2019-10-27 18:54:29,808001,0.0
2019-10-27 18:54:30,809000,0.0
2019-10-27 18:54:31,810000,0.0
2019-10-27 18:54:32,811000,0.0
2019-10-27 18:54:33,812001,0.0
2019-10-27 18:54:34,813000,0.0
2019-10-27 18:54:35,814000,0.0
2019-10-27 18:54:36,815000,0.0
2019-10-27 18:54:37,816000,0.0
2019-10-27 18:54:38,817000,0.0
2019-10-27 18:54:39,818001,0.0
2019-10-27 18:54:40,819000,0.0
2019-10-27 18:54:41,820000,0.0
2019-10-27 18:54:42,821000,0.0
2019-10-27 18:54:43,822001,0.0
2019-10-27 18:54:44,823000,0.0
2019-10-27 18:54:45,824000,0.0
2019-10-27 18:54:46,825000,0.0
2019-10-27 18:54:47,826001,0.0
2019-10-27 18:54:48,827000,0.0
2019-10-27 18:54:49,828000,0.0
2019-10-27 18:54:50,829001,0.0
2019-10-27 18:54:51,830000,0.0
2019-10-27 18:54:52,831000,0.0
2019-10-27 18:54:53,832000,0.0
2019-10-27 18:54:54,833001,0.0
2019-10-27 18:54:55,834000,0.0
2019-10-27 18:54:56,835000,0.0
2019-10-27 18:54:57,836000,0.0
2019-10-27 18:54:58,837001,0.0
2019-10-27 18:54:59,838000,0.0
2019-10-27 18:55:00,839000,0.0
2019-10-27 18:55:01,840001,0.0
2019-10-27 18:55:02,841000,0.0
2019-10-27 18:55:03,842000,0.0
2019-10-27 18:55:04,843000,0.0
2019-10-27 18:55:05,844001,0.0
2019-10-27 18:55:06,845000,0.0
2019-10-27 18:55:07,846000,0.0
2019-10-27 18:55:08,847000,0.0
2019-10-27 18:55:09,848000,0.0
2019-10-27 18:55:10,849000,0.0
2019-10-27 18:55:11,850001,0.0
2019-10-27 18:55:12,851000,0.0
2019-10-27 18:55:13,852000,0.0
2019-10-27 18:55:14,853000,0.0
2019-10-27 18:55:15,854001,0.0
2019-10-27 18:55:16,855000,0.0
2019-10-27 18:55:17,856000,0.0
2019-10-27 18:55:18,857000,0.0
2019-10-27 18:55:19,858000,0.0
2019-10-27 18:55:20,859001,0.0
2019-10-27 18:55:21,860000,0.0
2019-10-27 18:55:22,861000,0.0
2019-10-27 18:55:23,862000,0.0
2019-10-27 18:55:24,863000,0.0
2019-10-27 18:55:25,864001,0.0
2019-10-27 18:55:26,865000,0.0
2019-10-27 18:55:27,866000,0.0
2019-10-27 18:55:28,867000,0.0
2019-10-27 18:55:29,868000,0.0
2019-10-27 18:55:30,869001,0.0
2019-10-27 18:55:31,870000,0.0
2019-10-27 18:55:32,871000,0.0
2019-10-27 18:55:33,872001,0.0
2019-10-27 18:55:34,873000,0.0
2019-10-27 18:55:35,874001,0.0
2019-10-27 18:55:36,875000,0.0
2019-10-27 18:55:37,876000,0.0
2019-10-27 18:55:38,877000,0.0
2019-10-27 18:55:39,878000,0.0
2019-10-27 18:55:40,879000,0.0
2019-10-27 18:55:41,880000,0.0
2019-10-27 18:55:42,881000,0.0
2019-10-27 18:55:43,882001,0.0
2019-10-27 18:55:44,883000,0.0
2019-10-27 18:55:45,884000,0.0
2019-10-27 18:55:46,885000,0.0
2019-10-27 18:55:47,886000,0.0
2019-10-27 18:55:48,887001,0.0
2019-10-27 18:55:49,888000,0.0
2019-10-27 18:55:50,889000,0.0
2019-10-27 18:55:51,890000,0.0
2019-10-27 18:55:52,891001,0.0
2019-10-27 18:55:53,892000,0.0
2019-10-27 18:55:54,893000,0.0
2019-10-27 18:55:55,894000,0.0
2019-10-27 18:55:56,895000,0.0
2019-10-27 18:55:57,896000,0.0
2019-10-27 18:55:58,897001,0.0
2019-10-27 18:55:59,898000,0.0
2019-10-27 18:56:00,899000,0.0
2019-10-27 18:56:01,900000,0.0
2019-10-27 18:56:02,901001,0.0
2019-10-27 18:56:03,902000,0.0
2019-10-27 18:56:04,903000,0.0
2019-10-27 18:56:05,904000,0.0
2019-10-27 18:56:06,905000,0.0
2019-10-27 18:56:07,906001,0.0
2019-10-27 18:56:08,907000,0.0
2019-10-27 18:56:09,908000,0.0
2019-10-27 18:56:10,909001,0.0
2019-10-27 18:56:11,910000,0.0
2019-10-27 18:56:12,911000,0.0
2019-10-27 18:56:13,912000,0.0
2019-10-27 18:56:14,913000,0.0
2019-10-27 18:56:15,914001,0.0
2019-10-27 18:56:16,915000,0.0
2019-10-27 18:56:17,916000,0.0
2019-10-27 18:56:18,917001,0.0
2019-10-27 18:56:19,918000,0.0
2019-10-27 18:56:20,919000,0.0
2019-10-27 18:56:21,920000,0.0
2019-10-27 18:56:22,921000,0.0
2019-10-27 18:56:23,922001,0.0
2019-10-27 18:56:24,923000,0.0
2019-10-27 18:56:25,924000,0.0
2019-10-27 18:56:26,925001,0.0
2019-10-27 18:56:27,926000,0.0
2019-10-27 18:56:28,927000,0.0
2019-10-27 18:56:29,928000,0.0
2019-10-27 18:56:30,929001,0.0
2019-10-27 18:56:31,930000,0.0
2019-10-27 18:56:32,931000,0.0
2019-10-27 18:56:33,932000,0.0
2019-10-27 18:56:34,933001,0.0
2019-10-27 18:56:35,934000,0.0
2019-10-27 18:56:36,935000,0.0
2019-10-27 18:56:37,936000,0.0
2019-10-27 18:56:38,937001,0.0
2019-10-27 18:56:39,938000,0.0
2019-10-27 18:56:40,939000,0.0
2019-10-27 18:56:41,940000,0.0
2019-10-27 18:56:42,941000,0.0
2019-10-27 18:56:43,942001,0.0
2019-10-27 18:56:44,943000,0.0
2019-10-27 18:56:45,944000,0.0
2019-10-27 18:56:46,945000,0.0
2019-10-27 18:56:47,946000,0.0
2019-10-27 18:56:48,947001,0.0
2019-10-27 18:56:49,948000,0.0
2019-10-27 18:56:50,949001,0.0
2019-10-27 18:56:51,950000,0.0
2019-10-27 18:56:52,951000,0.0
2019-10-27 18:56:53,952000,0.0
2019-10-27 18:56:54,953001,0.0
2019-10-27 18:56:55,954000,0.0
2019-10-27 18:56:56,955000,0.0
2019-10-27 18:56:57,956001,0.0
2019-10-27 18:56:58,957000,0.0
2019-10-27 18:56:59,958001,0.0
2019-10-27 18:57:00,959000,0.0
2019-10-27 18:57:01,960000,0.0
2019-10-27 18:57:02,961001,0.0
2019-10-27 18:57:03,962000,0.0
2019-10-27 18:57:04,963000,0.0
2019-10-27 18:57:05,964001,0.0
2019-10-27 18:57:06,965000,0.0
2019-10-27 18:57:07,966000,0.0
2019-10-27 18:57:08,967000,0.0
2019-10-27 18:57:09,968001,0.0
2019-10-27 18:57:10,969000,0.0
2019-10-27 18:57:11,970001,0.0
2019-10-27 18:57:12,971000,0.0
2019-10-27 18:57:13,972000,0.0
2019-10-27 18:57:14,973000,0.0
2019-10-27 18:57:15,974000,0.0
2019-10-27 18:57:16,975001,0.0
2019-10-27 18:57:17,976000,0.0
2019-10-27 18:57:18,977000,0.0
2019-10-27 18:57:19,978000,0.0
2019-10-27 18:57:20,979001,0.0
2019-10-27 18:57:21,980000,0.0
2019-10-27 18:57:22,981000,0.0
2019-10-27 18:57:23,982000,0.0
2019-10-27 18:57:24,983000,0.0
2019-10-27 18:57:25,984000,0.0
2019-10-27 18:57:26,985001,0.0
2019-10-27 18:57:27,986000,0.0
2019-10-27 18:57:28,987001,0.0
2019-10-27 18:57:29,988000,0.0
2019-10-27 18:57:30,989000,0.0
2019-10-27 18:57:31,990000,0.0
2019-10-27 18:57:32,991001,0.0
2019-10-27 18:57:33,992000,0.0
2019-10-27 18:57:34,993000,0.0
2019-10-27 18:57:35,994000,0.0
2019-10-27 18:57:36,995001,0.0
2019-10-27 18:57:37,996000,0.0
2019-10-27 18:57:38,997000,0.0
2019-10-27 18:57:39,998000,0.0
2019-10-27 18:57:40,999000,0.0
2019-10-27 18:57:41,1000000,0.0
2019-10-27 18:57:42,1001001,0.0
2019-10-27 18:57:43,1002000,0.0
2019-10-27 18:57:44,1003000,0.0
2019-10-27 18:57:45,1004000,0.0
2019-10-27 18:57:46,1005001,0.0
2019-10-27 18:57:47,1006000,0.0
2019-10-27 18:57:48,1007000,0.0
2019-10-27 18:57:49,1008000,0.0
2019-10-27 18:57:50,1009001,0.0
2019-10-27 18:57:51,1010000,0.0
2019-10-27 18:57:52,1011000,0.0
2019-10-27 18:57:53,1012000,0.0
2019-10-27 18:57:54,1013001,0.0
2019-10-27 18:57:55,1014000,0.0
2019-10-27 18:57:56,1015000,0.0
2019-10-27 18:57:57,1016000,0.0
2019-10-27 18:57:58,1017000,0.0
2019-10-27 18:57:59,1018000,0.0
2019-10-27 18:58:00,1019001,0.0
2019-10-27 18:58:01,1020000,0.0
2019-10-27 18:58:02,1021000,0.0
2019-10-27 18:58:03,1022000,0.0
2019-10-27 18:58:04,1023001,0.0
2019-10-27 18:58:05,1024000,0.0
2019-10-27 18:58:06,1025000,0.0
2019-10-27 18:58:07,1026000,0.0
2019-10-27 18:58:08,1027001,0.0
2019-10-27 18:58:09,1028000,0.0
2019-10-27 18:58:10,1029000,0.0
2019-10-27 18:58:11,1030000,0.0
2019-10-27 18:58:12,1031000,0.0
2019-10-27 18:58:13,1032000,0.0
2019-10-27 18:58:14,1033001,0.0
2019-10-27 18:58:15,1034000,0.0
2019-10-27 18:58:16,1035000,0.0
2019-10-27 18:58:17,1036001,0.0
2019-10-27 18:58:18,1037000,0.0
2019-10-27 18:58:19,1038000,0.0
2019-10-27 18:58:20,1039001,0.0
2019-10-27 18:58:21,1040000,0.0
2019-10-27 18:58:22,1041001,0.0
2019-10-27 18:58:23,1042000,0.0
2019-10-27 18:58:24,1043000,0.0
2019-10-27 18:58:25,1044000,0.0
2019-10-27 18:58:26,1045000,0.0
2019-10-27 18:58:27,1046000,0.0
2019-10-27 18:58:28,1047000,0.0
2019-10-27 18:58:29,1048000,0.0
2019-10-27 18:58:30,1049000,0.0
2019-10-27 18:58:31,1050000,0.0
2019-10-27 18:58:32,1051000,0.0
2019-10-27 18:58:33,1052000,0.0
2019-10-27 18:58:34,1053000,0.0
2019-10-27 18:58:35,1054001,0.0
2019-10-27 18:58:36,1055000,0.0
2019-10-27 18:58:37,1056000,0.0
2019-10-27 18:58:38,1057000,0.0
2019-10-27 18:58:39,1058001,0.0
2019-10-27 18:58:40,1059000,0.0
2019-10-27 18:58:41,1060000,0.0
2019-10-27 18:58:42,1061000,0.0
2019-10-27 18:58:43,1062001,0.0
2019-10-27 18:58:44,1063000,0.0
2019-10-27 18:58:45,1064000,0.0
2019-10-27 18:58:46,1065000,0.0
2019-10-27 18:58:47,1066001,0.0
2019-10-27 18:58:48,1067000,0.0
2019-10-27 18:58:49,1068000,0.0
2019-10-27 18:58:50,1069000,0.0
2019-10-27 18:58:51,1070000,0.0
2019-10-27 18:58:52,1071001,0.0
2019-10-27 18:58:53,1072000,0.0
2019-10-27 18:58:54,1073000,0.0
2019-10-27 18:58:55,1074001,0.0
2019-10-27 18:58:56,1075000,0.0
2019-10-27 18:58:57,1076000,0.0
2019-10-27 18:58:58,1077000,0.0
2019-10-27 18:58:59,1078001,0.0
2019-10-27 18:59:00,1079000,0.0
2019-10-27 18:59:01,1080000,0.0
2019-10-27 18:59:02,1081000,0.0
2019-10-27 18:59:03,1082001,0.0
2019-10-27 18:59:04,1083000,0.0
2019-10-27 18:59:05,1084000,0.0
2019-10-27 18:59:06,1085000,0.0
2019-10-27 18:59:07,1086000,0.0
2019-10-27 18:59:08,1087001,0.0
2019-10-27 18:59:09,1088000,0.0
2019-10-27 18:59:10,1089000,0.0
2019-10-27 18:59:11,1090001,0.0
2019-10-27 18:59:12,1091000,0.0
2019-10-27 18:59:13,1092000,0.0
2019-10-27 18:59:14,1093000,0.0
2019-10-27 18:59:15,1094001,0.0
2019-10-27 18:59:16,1095000,0.0
2019-10-27 18:59:17,1096000,0.0
2019-10-27 18:59:18,1097000,0.0
2019-10-27 18:59:19,1098000,0.0
2019-10-27 18:59:20,1099001,0.0
2019-10-27 18:59:21,1100000,0.0
2019-10-27 18:59:22,1101000,0.0
2019-10-27 18:59:23,1102000,0.0
2019-10-27 18:59:24,1103001,0.0
2019-10-27 18:59:25,1104000,0.0
2019-10-27 18:59:26,1105000,0.0
2019-10-27 18:59:27,1106000,0.0
2019-10-27 18:59:28,1107001,0.0
2019-10-27 18:59:29,1108000,0.0
2019-10-27 18:59:30,1109000,0.0
2019-10-27 18:59:31,1110000,0.0
2019-10-27 18:59:32,1111001,0.0
2019-10-27 18:59:33,1112000,0.0
2019-10-27 18:59:34,1113001,0.0
2019-10-27 18:59:35,1114000,0.0
2019-10-27 18:59:36,1115000,0.0
2019-10-27 18:59:37,1116001,0.0
2019-10-27 18:59:38,1117000,0.0
2019-10-27 18:59:39,1118000,0.0
2019-10-27 18:59:40,1119000,0.0
2019-10-27 18:59:41,1120001,0.0
2019-10-27 18:59:42,1121000,0.0
2019-10-27 18:59:43,1122000,0.0
2019-10-27 18:59:44,1123000,0.0
2019-10-27 18:59:45,1124000,0.0
2019-10-27 18:59:46,1125001,0.0
2019-10-27 18:59:47,1126000,0.0
2019-10-27 18:59:48,1127000,0.0
2019-10-27 18:59:49,1128000,0.0
2019-10-27 18:59:50,1129001,0.0
2019-10-27 18:59:51,1130000,0.0
2019-10-27 18:59:52,1131000,0.0
2019-10-27 18:59:53,1132001,0.0
2019-10-27 18:59:54,1133000,0.0
2019-10-27 18:59:55,1134000,0.0
2019-10-27 18:59:56,1135001,0.0
2019-10-27 18:59:57,1136004,0.0
2019-10-27 18:59:58,1137001,0.0
2019-10-27 18:59:59,1138000,0.0
2019-10-27 19:00:00,1139001,0.0
2019-10-27 19:00:01,1140000,0.0
2019-10-27 19:00:02,1141000,0.0
2019-10-27 19:00:03,1142000,0.0
2019-10-27 19:00:04,1143000,0.0
2019-10-27 19:00:05,1144001,0.0
2019-10-27 19:00:06,1145000,0.0
2019-10-27 19:00:07,1146000,0.0
2019-10-27 19:00:08,1147000,0.0
2019-10-27 19:00:09,1148001,0.0
2019-10-27 19:00:10,1149000,0.0
2019-10-27 19:00:11,1150000,0.0
2019-10-27 19:00:12,1151000,0.0
2019-10-27 19:00:13,1152000,0.0
2019-10-27 19:00:14,1153001,0.0
2019-10-27 19:00:15,1154000,0.0
2019-10-27 19:00:16,1155000,0.0
2019-10-27 19:00:17,1156000,0.0
2019-10-27 19:00:18,1157001,0.0
2019-10-27 19:00:19,1158000,0.0
2019-10-27 19:00:20,1159000,0.0
2019-10-27 19:00:21,1160000,0.0
2019-10-27 19:00:22,1161000,0.0
2019-10-27 19:00:23,1162001,0.0
2019-10-27 19:00:24,1163000,0.0
2019-10-27 19:00:25,1164000,0.0
2019-10-27 19:00:26,1165001,0.0
2019-10-27 19:00:27,1166000,0.0
2019-10-27 19:00:28,1167001,0.0
2019-10-27 19:00:29,1168000,0.0
2019-10-27 19:00:30,1169000,0.0
2019-10-27 19:00:31,1170001,0.0
2019-10-27 19:00:32,1171000,0.0
2019-10-27 19:00:33,1172000,0.0
2019-10-27 19:00:34,1173000,0.0
2019-10-27 19:00:35,1174001,0.0
2019-10-27 19:00:36,1175000,0.0
2019-10-27 19:00:37,1176000,0.0
2019-10-27 19:00:38,1177000,0.0
2019-10-27 19:00:39,1178001,0.0
2019-10-27 19:00:40,1179000,0.0
2019-10-27 19:00:41,1180000,0.0
2019-10-27 19:00:42,1181000,0.0
2019-10-27 19:00:43,1182000,0.0
2019-10-27 19:00:44,1183000,0.0
2019-10-27 19:00:45,1184000,0.0
2019-10-27 19:00:46,1185001,0.0
2019-10-27 19:00:47,1186000,0.0
2019-10-27 19:00:48,1187000,0.0
2019-10-27 19:00:49,1188000,0.0
2019-10-27 19:00:50,1189000,0.0
2019-10-27 19:00:51,1190001,0.0
2019-10-27 19:00:52,1191000,0.0
2019-10-27 19:00:53,1192000,0.0
2019-10-27 19:00:54,1193000,0.0
2019-10-27 19:00:55,1194000,0.0
2019-10-27 19:00:56,1195001,0.0
2019-10-27 19:00:57,1196000,0.0
2019-10-27 19:00:58,1197000,0.0
2019-10-27 19:00:59,1198000,0.0
2019-10-27 19:01:00,1199000,0.0
2019-10-27 19:01:01,1200001,0.0
2019-10-27 19:01:02,1201001,0.0
2019-10-27 19:01:03,1202000,0.0
2019-10-27 19:01:04,1203000,0.0
2019-10-27 19:01:05,1204000,0.0
2019-10-27 19:01:06,1205001,0.0
2019-10-27 19:01:07,1206000,0.0
2019-10-27 19:01:08,1207000,0.0
2019-10-27 19:01:09,1208000,0.0
2019-10-27 19:01:10,1209001,0.0
2019-10-27 19:01:11,1210000,0.0
2019-10-27 19:01:12,1211000,0.0
2019-10-27 19:01:13,1212000,0.0
2019-10-27 19:01:14,1213000,0.0
2019-10-27 19:01:15,1214000,0.0
2019-10-27 19:01:16,1215001,0.0
2019-10-27 19:01:17,1216000,0.0
2019-10-27 19:01:18,1217000,0.0
2019-10-27 19:01:19,1218001,0.0
2019-10-27 19:01:20,1219000,0.0
2019-10-27 19:01:21,1220000,0.0
2019-10-27 19:01:22,1221001,0.0
2019-10-27 19:01:23,1222000,0.0
2019-10-27 19:01:24,1223001,0.0
2019-10-27 19:01:25,1224000,0.0
2019-10-27 19:01:26,1225000,0.0
2019-10-27 19:01:27,1226001,0.0
2019-10-27 19:01:28,1227000,0.0
2019-10-27 19:01:29,1228000,0.0
2019-10-27 19:01:30,1229002,0.0
2019-10-27 19:01:31,1230000,0.0
2019-10-27 19:01:32,1231000,0.0
2019-10-27 19:01:33,1232004,0.0
2019-10-27 19:01:34,1233000,0.0
2019-10-27 19:01:35,1234000,0.0
2019-10-27 19:01:36,1235001,0.0
2019-10-27 19:01:37,1236000,0.0
2019-10-27 19:01:38,1237000,0.0
2019-10-27 19:01:39,1238000,0.0
2019-10-27 19:01:40,1239001,0.0
2019-10-27 19:01:41,1240000,0.0
2019-10-27 19:01:42,1241000,0.0
2019-10-27 19:01:43,1242000,0.0
2019-10-27 19:01:44,1243001,0.0
2019-10-27 19:01:45,1244000,0.0
2019-10-27 19:01:46,1245000,0.0
2019-10-27 19:01:47,1246000,0.0
2019-10-27 19:01:48,1247000,0.0
2019-10-27 19:01:49,1248001,0.0
2019-10-27 19:01:50,1249000,0.0
2019-10-27 19:01:51,1250000,0.0
2019-10-27 19:01:52,1251000,0.0
2019-10-27 19:01:53,1252001,0.0
2019-10-27 19:01:54,1253000,0.0
2019-10-27 19:01:55,1254000,0.0
2019-10-27 19:01:56,1255000,0.0
2019-10-27 19:01:57,1256001,0.0
2019-10-27 19:01:58,1257000,0.0
2019-10-27 19:01:59,1258000,0.0
2019-10-27 19:02:00,1259000,0.0
2019-10-27 19:02:01,1260001,0.0
2019-10-27 19:02:02,1261000,0.0
2019-10-27 19:02:03,1262000,0.0
2019-10-27 19:02:04,1263000,0.0
2019-10-27 19:02:05,1264001,0.0
2019-10-27 19:02:06,1265000,0.0
2019-10-27 19:02:07,1266000,0.0
2019-10-27 19:02:08,1267001,0.0
2019-10-27 19:02:09,1268000,0.0
2019-10-27 19:02:10,1269000,0.0
2019-10-27 19:02:11,1270000,0.0
2019-10-27 19:02:12,1271001,0.0
2019-10-27 19:02:13,1272000,0.0
2019-10-27 19:02:14,1273000,0.0
2019-10-27 19:02:15,1274000,0.0
2019-10-27 19:02:16,1275000,0.0
2019-10-27 19:02:17,1276001,0.0
2019-10-27 19:02:18,1277000,0.0
2019-10-27 19:02:19,1278000,0.0
2019-10-27 19:02:20,1279000,0.0
2019-10-27 19:02:21,1280001,0.0
2019-10-27 19:02:22,1281000,0.0
2019-10-27 19:02:23,1282000,0.0
2019-10-27 19:02:24,1283001,0.0
2019-10-27 19:02:25,1284000,0.0
2019-10-27 19:02:26,1285000,0.0
2019-10-27 19:02:27,1286000,0.0
2019-10-27 19:02:28,1287000,0.0
2019-10-27 19:02:29,1288000,0.0
2019-10-27 19:02:30,1289000,0.0
2019-10-27 19:02:31,1290000,0.0
2019-10-27 19:02:32,1291000,0.0
2019-10-27 19:02:33,1292000,0.0
2019-10-27 19:02:34,1293001,0.0
2019-10-27 19:02:35,1294000,0.0
2019-10-27 19:02:36,1295000,0.0
2019-10-27 19:02:37,1296001,0.0
2019-10-27 19:02:38,1297000,0.0
2019-10-27 19:02:39,1298000,0.0
2019-10-27 19:02:40,1299000,0.0
2019-10-27 19:02:41,1300000,0.0
2019-10-27 19:02:42,1301001,0.0
2019-10-27 19:02:43,1302000,0.0
2019-10-27 19:02:44,1303000,0.0
2019-10-27 19:02:45,1304000,0.0
2019-10-27 19:02:46,1305001,0.0
2019-10-27 19:02:47,1306000,0.0
2019-10-27 19:02:48,1307000,0.0
2019-10-27 19:02:49,1308000,0.0
2019-10-27 19:02:50,1309001,0.0
2019-10-27 19:02:51,1310000,0.0
2019-10-27 19:02:52,1311000,0.0
2019-10-27 19:02:53,1312000,0.0
2019-10-27 19:02:54,1313000,0.0
2019-10-27 19:02:55,1314001,0.0
2019-10-27 19:02:56,1315000,0.0
2019-10-27 19:02:57,1316000,0.0
2019-10-27 19:02:58,1317000,0.0
2019-10-27 19:02:59,1318000,0.0
2019-10-27 19:03:00,1319001,0.0
2019-10-27 19:03:01,1320000,0.0
2019-10-27 19:03:02,1321000,0.0
2019-10-27 19:03:03,1322000,0.0
2019-10-27 19:03:04,1323000,0.0
2019-10-27 19:03:05,1324001,0.0
2019-10-27 19:03:06,1325000,0.0
2019-10-27 19:03:07,1326000,0.0
2019-10-27 19:03:08,1327000,0.0
2019-10-27 19:03:09,1328001,0.0
2019-10-27 19:03:10,1329000,0.0
2019-10-27 19:03:11,1330000,0.0
2019-10-27 19:03:12,1331000,0.0
2019-10-27 19:03:13,1332000,0.0
2019-10-27 19:03:14,1333001,0.0
2019-10-27 19:03:15,1334000,0.0
2019-10-27 19:03:16,1335000,0.0
2019-10-27 19:03:17,1336000,0.0
2019-10-27 19:03:18,1337001,0.0
2019-10-27 19:03:19,1338000,0.0
2019-10-27 19:03:20,1339000,0.0
2019-10-27 19:03:21,1340000,0.0
2019-10-27 19:03:22,1341001,0.0
2019-10-27 19:03:23,1342000,0.0
2019-10-27 19:03:24,1343000,0.0
2019-10-27 19:03:25,1344000,0.0
2019-10-27 19:03:26,1345001,0.0
2019-10-27 19:03:27,1346000,0.0
2019-10-27 19:03:28,1347000,0.0
2019-10-27 19:03:29,1348000,0.0
2019-10-27 19:03:30,1349001,0.0
2019-10-27 19:03:31,1350000,0.0
2019-10-27 19:03:32,1351000,0.0
2019-10-27 19:03:33,1352000,0.0
2019-10-27 19:03:34,1353001,0.0
2019-10-27 19:03:35,1354000,0.0
2019-10-27 19:03:36,1355000,0.0
2019-10-27 19:03:37,1356000,0.0
2019-10-27 19:03:38,1357001,0.0
2019-10-27 19:03:39,1358000,0.0
2019-10-27 19:03:40,1359000,0.0
2019-10-27 19:03:41,1360000,0.0
2019-10-27 19:03:42,1361000,0.0
2019-10-27 19:03:43,1362000,0.0
2019-10-27 19:03:44,1363000,0.0
2019-10-27 19:03:45,1364000,0.0
2019-10-27 19:03:46,1365001,0.0
2019-10-27 19:03:47,1366000,0.0
2019-10-27 19:03:48,1367000,0.0
2019-10-27 19:03:49,1368000,0.0
2019-10-27 19:03:50,1369001,0.0
2019-10-27 19:03:51,1370000,0.0
2019-10-27 19:03:52,1371000,0.0
2019-10-27 19:03:53,1372000,0.0
2019-10-27 19:03:54,1373001,0.0
2019-10-27 19:03:55,1374000,0.0
2019-10-27 19:03:56,1375000,0.0
2019-10-27 19:03:57,1376000,0.0
2019-10-27 19:03:58,1377001,0.0
2019-10-27 19:03:59,1378000,0.0
2019-10-27 19:04:00,1379000,0.0
2019-10-27 19:04:01,1380000,0.0
2019-10-27 19:04:02,1381001,0.0
2019-10-27 19:04:03,1382000,0.0
2019-10-27 19:04:04,1383000,0.0
2019-10-27 19:04:05,1384000,0.0
2019-10-27 19:04:06,1385000,0.0
2019-10-27 19:04:07,1386001,0.0
2019-10-27 19:04:08,1387000,0.0
2019-10-27 19:04:09,1388000,0.0
2019-10-27 19:04:10,1389000,0.0
2019-10-27 19:04:11,1390000,0.0
2019-10-27 19:04:12,1391000,0.0
2019-10-27 19:04:13,1392000,0.0
2019-10-27 19:04:14,1393001,0.0
2019-10-27 19:04:15,1394000,0.0
2019-10-27 19:04:16,1395000,0.0
2019-10-27 19:04:17,1396000,0.0
2019-10-27 19:04:18,1397000,0.0
2019-10-27 19:04:19,1398000,0.0
2019-10-27 19:04:20,1399000,0.0
2019-10-27 19:04:21,1400000,0.0
2019-10-27 19:04:22,1401001,0.0
2019-10-27 19:04:23,1402000,0.0
2019-10-27 19:04:24,1403000,0.0
2019-10-27 19:04:25,1404000,0.0
2019-10-27 19:04:26,1405000,0.0
2019-10-27 19:04:27,1406000,0.0
2019-10-27 19:04:28,1407000,0.0
2019-10-27 19:04:29,1408001,0.0
2019-10-27 19:04:30,1409000,0.0
2019-10-27 19:04:31,1410000,0.0
2019-10-27 19:04:32,1411000,0.0
2019-10-27 19:04:33,1412000,0.0
2019-10-27 19:04:34,1413000,0.0
2019-10-27 19:04:35,1414000,0.0
2019-10-27 19:04:36,1415000,0.0
2019-10-27 19:04:37,1416001,0.0
2019-10-27 19:04:38,1417000,0.0
2019-10-27 19:04:39,1418000,0.0
2019-10-27 19:04:40,1419000,0.0
2019-10-27 19:04:41,1420000,0.0
2019-10-27 19:04:42,1421000,0.0
2019-10-27 19:04:43,1422000,0.0
2019-10-27 19:04:44,1423001,0.0
2019-10-27 19:04:45,1424000,0.0
2019-10-27 19:04:46,1425000,0.0
2019-10-27 19:04:47,1426000,0.0
2019-10-27 19:04:48,1427000,0.0
2019-10-27 19:04:49,1428000,0.0
2019-10-27 19:04:50,1429000,0.0
2019-10-27 19:04:51,1430001,0.0
2019-10-27 19:04:52,1431000,0.0
2019-10-27 19:04:53,1432000,0.0
2019-10-27 19:04:54,1433000,0.0
2019-10-27 19:04:55,1434000,0.0
2019-10-27 19:04:56,1435000,0.0
2019-10-27 19:04:57,1436000,0.0
2019-10-27 19:04:58,1437000,0.0
2019-10-27 19:04:59,1438001,0.0
2019-10-27 19:05:00,1439000,0.0
2019-10-27 19:05:01,1440000,0.0
2019-10-27 19:05:02,1441000,0.0
2019-10-27 19:05:03,1442000,0.0
2019-10-27 19:05:04,1443000,0.0
2019-10-27 19:05:05,1444001,0.0
2019-10-27 19:05:06,1445000,0.0
2019-10-27 19:05:07,1446000,0.0
2019-10-27 19:05:08,1447000,0.0
2019-10-27 19:05:09,1448000,0.0
2019-10-27 19:05:10,1449000,0.0
2019-10-27 19:05:11,1450000,0.0
2019-10-27 19:05:12,1451000,0.0
2019-10-27 19:05:13,1452001,0.0
2019-10-27 19:05:14,1453000,0.0
2019-10-27 19:05:15,1454000,0.0
2019-10-27 19:05:16,1455000,0.0
2019-10-27 19:05:17,1456000,0.0
2019-10-27 19:05:18,1457000,0.0
2019-10-27 19:05:19,1458000,0.0
2019-10-27 19:05:20,1459001,0.0
2019-10-27 19:05:21,1460000,0.0
2019-10-27 19:05:22,1461000,0.0
2019-10-27 19:05:23,1462000,0.0
2019-10-27 19:05:24,1463000,0.0
2019-10-27 19:05:25,1464000,0.0
2019-10-27 19:05:26,1465000,0.0
2019-10-27 19:05:27,1466001,0.0
2019-10-27 19:05:28,1467000,0.0
2019-10-27 19:05:29,1468000,0.0
2019-10-27 19:05:30,1469000,0.0
2019-10-27 19:05:31,1470000,0.0
2019-10-27 19:05:32,1471000,0.0
2019-10-27 19:05:33,1472000,0.0
2019-10-27 19:05:34,1473001,0.0
2019-10-27 19:05:35,1474000,0.0
2019-10-27 19:05:36,1475000,0.0
2019-10-27 19:05:37,1476000,0.0
2019-10-27 19:05:38,1477000,0.0
2019-10-27 19:05:39,1478000,0.0
2019-10-27 19:05:40,1479000,0.0
2019-10-27 19:05:41,1480001,0.0
2019-10-27 19:05:42,1481000,0.0
2019-10-27 19:05:43,1482000,0.0
2019-10-27 19:05:44,1483000,0.0
2019-10-27 19:05:45,1484000,0.0
2019-10-27 19:05:46,1485000,0.0
2019-10-27 19:05:47,1486001,0.0
2019-10-27 19:05:48,1487000,0.0
2019-10-27 19:05:49,1488000,0.0
2019-10-27 19:05:50,1489000,0.0
2019-10-27 19:05:51,1490000,0.0
2019-10-27 19:05:52,1491000,0.0
2019-10-27 19:05:53,1492001,0.0
2019-10-27 19:05:54,1493000,0.0
2019-10-27 19:05:55,1494000,0.0
2019-10-27 19:05:56,1495000,0.0
2019-10-27 19:05:57,1496000,0.0
2019-10-27 19:05:58,1497000,0.0
2019-10-27 19:05:59,1498001,0.0
2019-10-27 19:06:00,1499000,0.0
2019-10-27 19:06:01,1500000,0.0
2019-10-27 19:06:02,1501000,0.0
2019-10-27 19:06:03,1502000,0.0
2019-10-27 19:06:04,1503000,0.0
2019-10-27 19:06:05,1504000,0.0
2019-10-27 19:06:06,1505000,0.0
2019-10-27 19:06:07,1506000,0.0
2019-10-27 19:06:08,1507000,0.0
2019-10-27 19:06:09,1508000,0.0
2019-10-27 19:06:10,1509000,0.0
2019-10-27 19:06:11,1510001,0.0
2019-10-27 19:06:12,1511000,0.0
2019-10-27 19:06:13,1512000,0.0
2019-10-27 19:06:14,1513000,0.0
2019-10-27 19:06:15,1514000,0.0
2019-10-27 19:06:16,1515000,0.0
2019-10-27 19:06:17,1516000,0.0
2019-10-27 19:06:18,1517001,0.0
2019-10-27 19:06:19,1518000,0.0
2019-10-27 19:06:20,1519000,0.0
2019-10-27 19:06:21,1520000,0.0
2019-10-27 19:06:22,1521000,0.0
2019-10-27 19:06:23,1522001,0.0
2019-10-27 19:06:24,1523000,0.0
2019-10-27 19:06:25,1524000,0.0
2019-10-27 19:06:26,1525000,0.0
2019-10-27 19:06:27,1526000,0.0
2019-10-27 19:06:28,1527000,0.0
2019-10-27 19:06:29,1528001,0.0
2019-10-27 19:06:30,1529001,0.0
2019-10-27 19:06:31,1530000,0.0
2019-10-27 19:06:32,1531001,0.0
2019-10-27 19:06:33,1532000,0.0
2019-10-27 19:06:34,1533000,0.0
2019-10-27 19:06:35,1534000,0.0
2019-10-27 19:06:36,1535000,0.0
2019-10-27 19:06:37,1536000,0.0
2019-10-27 19:06:38,1537000,0.0
2019-10-27 19:06:39,1538001,0.0
2019-10-27 19:06:40,1539000,0.0
2019-10-27 19:06:41,1540000,0.0
2019-10-27 19:06:42,1541000,0.0
2019-10-27 19:06:43,1542000,0.0
2019-10-27 19:06:44,1543000,0.0
2019-10-27 19:06:45,1544001,0.0
2019-10-27 19:06:46,1545000,0.0
2019-10-27 19:06:47,1546000,0.0
2019-10-27 19:06:48,1547000,0.0
2019-10-27 19:06:49,1548000,0.0
2019-10-27 19:06:50,1549001,0.0
2019-10-27 19:06:51,1550000,0.0
2019-10-27 19:06:52,1551000,0.0
2019-10-27 19:06:53,1552000,0.0
2019-10-27 19:06:54,1553000,0.0
2019-10-27 19:06:55,1554000,0.0
2019-10-27 19:06:56,1555000,0.0
2019-10-27 19:06:57,1556001,0.0
2019-10-27 19:06:58,1557000,0.0
2019-10-27 19:06:59,1558000,0.0
2019-10-27 19:07:00,1559000,0.0
2019-10-27 19:07:01,1560000,0.0
2019-10-27 19:07:02,1561000,0.0
2019-10-27 19:07:03,1562000,0.0
2019-10-27 19:07:04,1563001,0.0
2019-10-27 19:07:05,1564000,0.0
2019-10-27 19:07:06,1565000,0.0
2019-10-27 19:07:07,1566000,0.0
2019-10-27 19:07:08,1567000,0.0
2019-10-27 19:07:09,1568000,0.0
2019-10-27 19:07:10,1569000,0.0
2019-10-27 19:07:11,1570001,0.0
2019-10-27 19:07:12,1571000,0.0
2019-10-27 19:07:13,1572000,0.0
2019-10-27 19:07:14,1573000,0.0
2019-10-27 19:07:15,1574000,0.0
2019-10-27 19:07:16,1575000,0.0
2019-10-27 19:07:17,1576000,0.0
2019-10-27 19:07:18,1577000,0.0
2019-10-27 19:07:19,1578000,0.0
2019-10-27 19:07:20,1579000,0.0
2019-10-27 19:07:21,1580000,0.0
2019-10-27 19:07:22,1581000,0.0
2019-10-27 19:07:23,1582000,0.0
2019-10-27 19:07:24,1583001,0.0
2019-10-27 19:07:25,1584000,0.0
2019-10-27 19:07:26,1585000,0.0
2019-10-27 19:07:27,1586000,0.0
2019-10-27 19:07:28,1587000,0.0
2019-10-27 19:07:29,1588000,0.0
2019-10-27 19:07:30,1589001,0.0
2019-10-27 19:07:31,1590000,0.0
2019-10-27 19:07:32,1591000,0.0
2019-10-27 19:07:33,1592000,0.0
2019-10-27 19:07:34,1593000,0.0
2019-10-27 19:07:35,1594000,0.0
2019-10-27 19:07:36,1595001,0.0
2019-10-27 19:07:37,1596000,0.0
2019-10-27 19:07:38,1597000,0.0
2019-10-27 19:07:39,1598000,0.0
2019-10-27 19:07:40,1599000,0.0
2019-10-27 19:07:41,1600000,0.0
2019-10-27 19:07:42,1601001,0.0
2019-10-27 19:07:43,1602000,0.0
2019-10-27 19:07:44,1603000,0.0
2019-10-27 19:07:45,1604000,0.0
2019-10-27 19:07:46,1605000,0.0
2019-10-27 19:07:47,1606000,0.0
2019-10-27 19:07:48,1607000,0.0
2019-10-27 19:07:49,1608001,0.0
2019-10-27 19:07:50,1609000,0.0
2019-10-27 19:07:51,1610000,0.0
2019-10-27 19:07:52,1611000,0.0
2019-10-27 19:07:53,1612000,0.0
2019-10-27 19:07:54,1613000,0.0
2019-10-27 19:07:55,1614000,0.0
2019-10-27 19:07:56,1615001,0.0
2019-10-27 19:07:57,1616000,0.0
2019-10-27 19:07:58,1617000,0.0
2019-10-27 19:07:59,1618000,0.0
2019-10-27 19:08:00,1619000,0.0
2019-10-27 19:08:01,1620000,0.0
2019-10-27 19:08:02,1621000,0.0
2019-10-27 19:08:03,1622001,0.0
2019-10-27 19:08:04,1623000,0.0
2019-10-27 19:08:05,1624000,0.0
2019-10-27 19:08:06,1625000,0.0
2019-10-27 19:08:07,1626000,0.0
2019-10-27 19:08:08,1627000,0.0
2019-10-27 19:08:09,1628000,0.0
2019-10-27 19:08:10,1629001,0.0
2019-10-27 19:08:11,1630000,0.0
2019-10-27 19:08:12,1631000,0.0
2019-10-27 19:08:13,1632000,0.0
2019-10-27 19:08:14,1633000,0.0
2019-10-27 19:08:15,1634000,0.0
2019-10-27 19:08:16,1635000,0.0
2019-10-27 19:08:17,1636001,0.0
2019-10-27 19:08:18,1637000,0.0
2019-10-27 19:08:19,1638000,0.0
2019-10-27 19:08:20,1639000,0.0
2019-10-27 19:08:21,1640000,0.0
2019-10-27 19:08:22,1641000,0.0
2019-10-27 19:08:23,1642000,0.0
2019-10-27 19:08:24,1643001,0.0
2019-10-27 19:08:25,1644000,0.0
2019-10-27 19:08:26,1645000,0.0
2019-10-27 19:08:27,1646000,0.0
2019-10-27 19:08:28,1647001,0.0
2019-10-27 19:08:29,1648000,0.0
2019-10-27 19:08:30,1649000,0.0
2019-10-27 19:08:31,1650000,0.0
2019-10-27 19:08:32,1651000,0.0
2019-10-27 19:08:33,1652001,0.0
2019-10-27 19:08:34,1653000,0.0
2019-10-27 19:08:35,1654000,0.0
2019-10-27 19:08:36,1655000,0.0
2019-10-27 19:08:37,1656000,0.0
2019-10-27 19:08:38,1657001,0.0
2019-10-27 19:08:39,1658000,0.0
2019-10-27 19:08:40,1659000,0.0
2019-10-27 19:08:41,1660000,0.0
2019-10-27 19:08:42,1661000,0.0
2019-10-27 19:08:43,1662000,0.0
2019-10-27 19:08:44,1663000,0.0
2019-10-27 19:08:45,1664001,0.0
2019-10-27 19:08:46,1665000,0.0
2019-10-27 19:08:47,1666000,0.0
2019-10-27 19:08:48,1667000,0.0
2019-10-27 19:08:49,1668000,0.0
2019-10-27 19:08:50,1669000,0.0
2019-10-27 19:08:51,1670000,0.0
2019-10-27 19:08:52,1671001,0.0
2019-10-27 19:08:53,1672000,0.0
2019-10-27 19:08:54,1673000,0.0
2019-10-27 19:08:55,1674000,0.0
2019-10-27 19:08:56,1675000,0.0
2019-10-27 19:08:57,1676000,0.0
2019-10-27 19:08:58,1677000,0.0
2019-10-27 19:08:59,1678001,0.0
2019-10-27 19:09:00,1679000,0.0
2019-10-27 19:09:01,1680000,0.0
2019-10-27 19:09:02,1681000,0.0
2019-10-27 19:09:03,1682000,0.0
2019-10-27 19:09:04,1683000,0.0
2019-10-27 19:09:05,1684001,0.0
2019-10-27 19:09:06,1685000,0.0
2019-10-27 19:09:07,1686000,0.0
2019-10-27 19:09:08,1687000,0.0
2019-10-27 19:09:09,1688000,0.0
2019-10-27 19:09:10,1689000,0.0
2019-10-27 19:09:11,1690000,0.0
2019-10-27 19:09:12,1691001,0.0
2019-10-27 19:09:13,1692000,0.0
2019-10-27 19:09:14,1693000,0.0
2019-10-27 19:09:15,1694000,0.0
2019-10-27 19:09:16,1695000,0.0
2019-10-27 19:09:17,1696000,0.0
2019-10-27 19:09:18,1697000,0.0
2019-10-27 19:09:19,1698000,0.0
2019-10-27 19:09:20,1699001,0.0
2019-10-27 19:09:21,1700000,0.0
2019-10-27 19:09:22,1701000,0.0
2019-10-27 19:09:23,1702000,0.0
2019-10-27 19:09:24,1703000,0.0
2019-10-27 19:09:25,1704000,0.0
2019-10-27 19:09:26,1705000,0.0
2019-10-27 19:09:27,1706001,0.0
2019-10-27 19:09:28,1707000,0.0
2019-10-27 19:09:29,1708000,0.0
2019-10-27 19:09:30,1709000,0.0
2019-10-27 19:09:31,1710000,0.0
2019-10-27 19:09:32,1711000,0.0
2019-10-27 19:09:33,1712000,0.0
2019-10-27 19:09:34,1713001,0.0
2019-10-27 19:09:35,1714000,0.0
2019-10-27 19:09:36,1715000,0.0
2019-10-27 19:09:37,1716000,0.0
2019-10-27 19:09:38,1717000,0.0
2019-10-27 19:09:39,1718000,0.0
2019-10-27 19:09:40,1719000,0.0
2019-10-27 19:09:41,1720001,0.0
2019-10-27 19:09:42,1721000,0.0
2019-10-27 19:09:43,1722000,0.0
2019-10-27 19:09:44,1723000,0.0
2019-10-27 19:09:45,1724000,0.0
2019-10-27 19:09:46,1725000,0.0
2019-10-27 19:09:47,1726001,0.0
2019-10-27 19:09:48,1727000,0.0
2019-10-27 19:09:49,1728000,0.0
2019-10-27 19:09:50,1729000,0.0
2019-10-27 19:09:51,1730000,0.0
2019-10-27 19:09:52,1731000,0.0
2019-10-27 19:09:53,1732001,0.0
2019-10-27 19:09:54,1733000,0.0
2019-10-27 19:09:55,1734000,0.0
2019-10-27 19:09:56,1735000,0.0
2019-10-27 19:09:57,1736000,0.0
2019-10-27 19:09:58,1737000,0.0
2019-10-27 19:09:59,1738000,0.0
2019-10-27 19:10:00,1739001,0.0
2019-10-27 19:10:01,1740000,0.0
2019-10-27 19:10:02,1741000,0.0
2019-10-27 19:10:03,1742000,0.0
2019-10-27 19:10:04,1743000,0.0
2019-10-27 19:10:05,1744000,0.0
2019-10-27 19:10:06,1745000,0.0
2019-10-27 19:10:07,1746001,0.0
2019-10-27 19:10:08,1747000,0.0
2019-10-27 19:10:09,1748000,0.0
2019-10-27 19:10:10,1749000,0.0
2019-10-27 19:10:11,1750000,0.0
2019-10-27 19:10:12,1751000,0.0
2019-10-27 19:10:13,1752000,0.0
2019-10-27 19:10:14,1753001,0.0
2019-10-27 19:10:15,1754000,0.0
2019-10-27 19:10:16,1755000,0.0
2019-10-27 19:10:17,1756000,0.0
2019-10-27 19:10:18,1757000,0.0
2019-10-27 19:10:19,1758000,0.0
2019-10-27 19:10:20,1759001,0.0
2019-10-27 19:10:21,1760000,0.0
2019-10-27 19:10:22,1761000,0.0
2019-10-27 19:10:23,1762000,0.0
2019-10-27 19:10:24,1763000,0.0
2019-10-27 19:10:25,1764000,0.0
2019-10-27 19:10:26,1765000,0.0
2019-10-27 19:10:27,1766001,0.0
2019-10-27 19:10:28,1767000,0.0
2019-10-27 19:10:29,1768000,0.0
2019-10-27 19:10:30,1769000,0.0
2019-10-27 19:10:31,1770000,0.0
2019-10-27 19:10:32,1771000,0.0
2019-10-27 19:10:33,1772000,0.0
2019-10-27 19:10:34,1773001,0.0
2019-10-27 19:10:35,1774000,0.0
2019-10-27 19:10:36,1775000,0.0
2019-10-27 19:10:37,1776000,0.0
2019-10-27 19:10:38,1777000,0.0
2019-10-27 19:10:39,1778001,0.0
2019-10-27 19:10:40,1779000,0.0
2019-10-27 19:10:41,1780000,0.0
2019-10-27 19:10:42,1781000,0.0
2019-10-27 19:10:43,1782000,0.0
2019-10-27 19:10:44,1783000,0.0
2019-10-27 19:10:45,1784000,0.0
2019-10-27 19:10:46,1785001,0.0
2019-10-27 19:10:47,1786000,0.0
2019-10-27 19:10:48,1787000,0.0
2019-10-27 19:10:49,1788000,0.0
2019-10-27 19:10:50,1789000,0.0
2019-10-27 19:10:51,1790000,0.0
2019-10-27 19:10:52,1791001,0.0
2019-10-27 19:10:53,1792000,0.0
2019-10-27 19:10:54,1793000,0.0
2019-10-27 19:10:55,1794000,0.0
2019-10-27 19:10:56,1795000,0.0
2019-10-27 19:10:57,1796000,0.0
2019-10-27 19:10:58,1797000,0.0
2019-10-27 19:10:59,1798001,0.0
2019-10-27 19:11:00,1799000,0.0
2019-10-27 19:11:01,1800000,0.0
2019-10-27 19:11:02,1801000,0.0
2019-10-27 19:11:03,1802000,0.0
2019-10-27 19:11:04,1803001,0.0
2019-10-27 19:11:05,1804000,0.0
2019-10-27 19:11:06,1805000,0.0
2019-10-27 19:11:07,1806000,0.0
2019-10-27 19:11:08,1807000,0.0
2019-10-27 19:11:09,1808000,0.0
2019-10-27 19:11:10,1809000,0.0
2019-10-27 19:11:11,1810001,0.0
2019-10-27 19:11:12,1811000,0.0
2019-10-27 19:11:13,1812000,0.0
2019-10-27 19:11:14,1813000,0.0
2019-10-27 19:11:15,1814000,0.0
2019-10-27 19:11:16,1815000,0.0
2019-10-27 19:11:17,1816000,0.0
2019-10-27 19:11:18,1817001,0.0
2019-10-27 19:11:19,1818000,0.0
2019-10-27 19:11:20,1819000,0.0
2019-10-27 19:11:21,1820000,0.0
2019-10-27 19:11:22,1821000,0.0
2019-10-27 19:11:23,1822000,0.0
2019-10-27 19:11:24,1823001,0.0
2019-10-27 19:11:25,1824000,0.0
2019-10-27 19:11:26,1825000,0.0
2019-10-27 19:11:27,1826000,0.0
2019-10-27 19:11:28,1827000,0.0
2019-10-27 19:11:29,1828000,0.0
2019-10-27 19:11:30,1829000,0.0
2019-10-27 19:11:31,1830001,0.0
2019-10-27 19:11:32,1831000,0.0
2019-10-27 19:11:33,1832000,0.0
2019-10-27 19:11:34,1833000,0.0
2019-10-27 19:11:35,1834000,0.0
2019-10-27 19:11:36,1835000,0.0
2019-10-27 19:11:37,1836001,0.0
2019-10-27 19:11:38,1837000,0.0
2019-10-27 19:11:39,1838000,0.0
2019-10-27 19:11:40,1839000,0.0
2019-10-27 19:11:41,1840000,0.0
2019-10-27 19:11:42,1841001,0.0
2019-10-27 19:11:43,1842000,0.0
2019-10-27 19:11:44,1843000,0.0
2019-10-27 19:11:45,1844000,0.0
2019-10-27 19:11:46,1845000,0.0
2019-10-27 19:11:47,1846001,0.0
2019-10-27 19:11:48,1847000,0.0
2019-10-27 19:11:49,1848000,0.0
2019-10-27 19:11:50,1849000,0.0
2019-10-27 19:11:51,1850000,0.0
2019-10-27 19:11:52,1851000,0.0
2019-10-27 19:11:53,1852000,0.0
2019-10-27 19:11:54,1853001,0.0
2019-10-27 19:11:55,1854000,0.0
2019-10-27 19:11:56,1855000,0.0
2019-10-27 19:11:57,1856000,0.0
2019-10-27 19:11:58,1857000,0.0
2019-10-27 19:11:59,1858000,0.0
2019-10-27 19:12:00,1859000,0.0
2019-10-27 19:12:01,1860001,0.0
2019-10-27 19:12:02,1861000,0.0
2019-10-27 19:12:03,1862000,0.0
2019-10-27 19:12:04,1863000,0.0
2019-10-27 19:12:05,1864000,0.0
2019-10-27 19:12:06,1865000,0.0
2019-10-27 19:12:07,1866001,0.0
2019-10-27 19:12:08,1867000,0.0
2019-10-27 19:12:09,1868000,0.0
2019-10-27 19:12:10,1869000,0.0
2019-10-27 19:12:11,1870000,0.0
2019-10-27 19:12:12,1871000,0.0
2019-10-27 19:12:13,1872000,0.0
2019-10-27 19:12:14,1873001,0.0
2019-10-27 19:12:15,1874000,0.0
2019-10-27 19:12:16,1875000,0.0
2019-10-27 19:12:17,1876000,0.0
2019-10-27 19:12:18,1877000,0.0
2019-10-27 19:12:19,1878000,0.0
2019-10-27 19:12:20,1879001,0.0
2019-10-27 19:12:21,1880000,0.0
2019-10-27 19:12:22,1881000,0.0
2019-10-27 19:12:23,1882000,0.0
2019-10-27 19:12:24,1883000,0.0
2019-10-27 19:12:25,1884000,0.0
2019-10-27 19:12:26,1885001,0.0
2019-10-27 19:12:27,1886000,0.0
2019-10-27 19:12:28,1887000,0.0
2019-10-27 19:12:29,1888000,0.0
2019-10-27 19:12:30,1889000,0.0
2019-10-27 19:12:31,1890000,0.0
2019-10-27 19:12:32,1891000,0.0
2019-10-27 19:12:33,1892001,0.0
2019-10-27 19:12:34,1893000,0.0
2019-10-27 19:12:35,1894000,0.0
2019-10-27 19:12:36,1895000,0.0
2019-10-27 19:12:37,1896000,0.0
2019-10-27 19:12:38,1897000,0.0
2019-10-27 19:12:39,1898000,0.0
2019-10-27 19:12:40,1899001,0.0
2019-10-27 19:12:41,1900000,0.0
2019-10-27 19:12:42,1901000,0.0
2019-10-27 19:12:43,1902000,0.0
2019-10-27 19:12:44,1903000,0.0
2019-10-27 19:12:45,1904000,0.0
2019-10-27 19:12:46,1905000,0.0
2019-10-27 19:12:47,1906000,0.0
2019-10-27 19:12:48,1907001,0.0
2019-10-27 19:12:49,1908000,0.0
2019-10-27 19:12:50,1909000,0.0
2019-10-27 19:12:51,1910000,0.0
2019-10-27 19:12:52,1911000,0.0
2019-10-27 19:12:53,1912000,0.0
2019-10-27 19:12:54,1913000,0.0
2019-10-27 19:12:55,1914001,0.0
2019-10-27 19:12:56,1915000,0.0
2019-10-27 19:12:57,1916000,0.0
2019-10-27 19:12:58,1917000,0.0
2019-10-27 19:12:59,1918000,0.0
2019-10-27 19:13:00,1919000,0.0
2019-10-27 19:13:01,1920000,0.0
2019-10-27 19:13:02,1921001,0.0
2019-10-27 19:13:03,1922000,0.0
2019-10-27 19:13:04,1923000,0.0
2019-10-27 19:13:05,1924000,0.0
2019-10-27 19:13:06,1925000,0.0
2019-10-27 19:13:07,1926000,0.0
2019-10-27 19:13:08,1927000,0.0
2019-10-27 19:13:09,1928001,0.0
2019-10-27 19:13:10,1929000,0.0
2019-10-27 19:13:11,1930000,0.0
2019-10-27 19:13:12,1931000,0.0
2019-10-27 19:13:13,1932000,0.0
2019-10-27 19:13:14,1933000,0.0
2019-10-27 19:13:15,1934001,0.0
2019-10-27 19:13:16,1935000,0.0
2019-10-27 19:13:17,1936000,0.0
2019-10-27 19:13:18,1937000,0.0
2019-10-27 19:13:19,1938000,0.0
2019-10-27 19:13:20,1939000,0.0
2019-10-27 19:13:21,1940000,0.0
2019-10-27 19:13:22,1941001,0.0
2019-10-27 19:13:23,1942000,0.0
2019-10-27 19:13:24,1943000,0.0
2019-10-27 19:13:25,1944000,0.0
2019-10-27 19:13:26,1945001,0.0
2019-10-27 19:13:27,1946000,0.0
2019-10-27 19:13:28,1947000,0.0
2019-10-27 19:13:29,1948000,0.0
2019-10-27 19:13:30,1949000,0.0
2019-10-27 19:13:31,1950000,0.0
2019-10-27 19:13:32,1951001,0.0
2019-10-27 19:13:33,1952000,0.0
2019-10-27 19:13:34,1953000,0.0
2019-10-27 19:13:35,1954000,0.0
2019-10-27 19:13:36,1955000,0.0
2019-10-27 19:13:37,1956000,0.0
2019-10-27 19:13:38,1957000,0.0
2019-10-27 19:13:39,1958000,0.0
2019-10-27 19:13:40,1959000,0.0
2019-10-27 19:13:41,1960001,0.0
2019-10-27 19:13:42,1961000,0.0
2019-10-27 19:13:43,1962000,0.0
2019-10-27 19:13:44,1963000,0.0
2019-10-27 19:13:45,1964000,0.0
2019-10-27 19:13:46,1965000,0.0
2019-10-27 19:13:47,1966000,0.0
2019-10-27 19:13:48,1967001,0.0
2019-10-27 19:13:49,1968000,0.0
2019-10-27 19:13:50,1969000,0.0
2019-10-27 19:13:51,1970000,0.0
2019-10-27 19:13:52,1971000,0.0
2019-10-27 19:13:53,1972000,0.0
2019-10-27 19:13:54,1973000,0.0
2019-10-27 19:13:55,1974001,0.0
2019-10-27 19:13:56,1975000,0.0
2019-10-27 19:13:57,1976000,0.0
2019-10-27 19:13:58,1977000,0.0
2019-10-27 19:13:59,1978000,0.0
2019-10-27 19:14:00,1979000,0.0
2019-10-27 19:14:01,1980001,0.0
2019-10-27 19:14:02,1981000,0.0
2019-10-27 19:14:03,1982000,0.0
2019-10-27 19:14:04,1983000,0.0
2019-10-27 19:14:05,1984000,0.0
2019-10-27 19:14:06,1985000,0.0
2019-10-27 19:14:07,1986000,0.0
2019-10-27 19:14:08,1987000,0.0
2019-10-27 19:14:09,1988001,0.0
2019-10-27 19:14:10,1989000,0.0
2019-10-27 19:14:11,1990000,0.0
2019-10-27 19:14:12,1991000,0.0
2019-10-27 19:14:13,1992000,0.0
2019-10-27 19:14:14,1993000,0.0
2019-10-27 19:14:15,1994000,0.0
2019-10-27 19:14:16,1995001,0.0
2019-10-27 19:14:17,1996000,0.0
2019-10-27 19:14:18,1997000,0.0
2019-10-27 19:14:19,1998000,0.0
2019-10-27 19:14:20,1999000,0.0
2019-10-27 19:14:21,2000000,0.0
2019-10-27 19:14:22,2001001,0.0
2019-10-27 19:14:23,2002000,0.0
2019-10-27 19:14:24,2003000,0.0
2019-10-27 19:14:25,2004000,0.0
2019-10-27 19:14:26,2005000,0.0
2019-10-27 19:14:27,2006000,0.0
2019-10-27 19:14:28,2007001,0.0
2019-10-27 19:14:29,2008000,0.0
2019-10-27 19:14:30,2009000,0.0
2019-10-27 19:14:31,2010000,0.0
2019-10-27 19:14:32,2011000,0.0
2019-10-27 19:14:33,2012001,0.0
2019-10-27 19:14:34,2013000,0.0
2019-10-27 19:14:35,2014000,0.0
2019-10-27 19:14:36,2015000,0.0
2019-10-27 19:14:37,2016000,0.0
2019-10-27 19:14:38,2017000,0.0
2019-10-27 19:14:39,2018000,0.0
2019-10-27 19:14:40,2019001,0.0
2019-10-27 19:14:41,2020000,0.0
2019-10-27 19:14:42,2021000,0.0
2019-10-27 19:14:43,2022000,0.0
2019-10-27 19:14:44,2023000,0.0
2019-10-27 19:14:45,2024001,0.0
2019-10-27 19:14:46,2025000,0.0
2019-10-27 19:14:47,2026000,0.0
2019-10-27 19:14:48,2027000,0.0
2019-10-27 19:14:49,2028000,0.0
2019-10-27 19:14:50,2029000,0.0
2019-10-27 19:14:51,2030001,0.0
2019-10-27 19:14:52,2031000,0.0
2019-10-27 19:14:53,2032000,0.0
2019-10-27 19:14:54,2033000,0.0
2019-10-27 19:14:55,2034000,0.0
2019-10-27 19:14:56,2035000,0.0
2019-10-27 19:14:57,2036001,0.0
2019-10-27 19:14:58,2037000,0.0
2019-10-27 19:14:59,2038000,0.0
2019-10-27 19:15:00,2039000,0.0
2019-10-27 19:15:01,2040000,0.0
2019-10-27 19:15:02,2041000,0.0
2019-10-27 19:15:03,2042001,0.0
2019-10-27 19:15:04,2043000,0.0
2019-10-27 19:15:05,2044000,0.0
2019-10-27 19:15:06,2045000,0.0
2019-10-27 19:15:07,2046000,0.0
2019-10-27 19:15:08,2047000,0.0
2019-10-27 19:15:09,2048001,0.0
2019-10-27 19:15:10,2049000,0.0
2019-10-27 19:15:11,2050000,0.0
2019-10-27 19:15:12,2051000,0.0
2019-10-27 19:15:13,2052000,0.0
2019-10-27 19:15:14,2053000,0.0
2019-10-27 19:15:15,2054000,0.0
2019-10-27 19:15:16,2055001,0.0
2019-10-27 19:15:17,2056000,0.0
2019-10-27 19:15:18,2057000,0.0
2019-10-27 19:15:19,2058000,0.0
2019-10-27 19:15:20,2059001,0.0
2019-10-27 19:15:21,2060000,0.0
2019-10-27 19:15:22,2061000,0.0
2019-10-27 19:15:23,2062000,0.0
2019-10-27 19:15:24,2063000,0.0
2019-10-27 19:15:25,2064001,0.0
2019-10-27 19:15:26,2065000,0.0
2019-10-27 19:15:27,2066000,0.0
2019-10-27 19:15:28,2067000,0.0
2019-10-27 19:15:29,2068001,0.0
2019-10-27 19:15:30,2069000,0.0
2019-10-27 19:15:31,2070000,0.0
2019-10-27 19:15:32,2071000,0.0
2019-10-27 19:15:33,2072000,0.0
2019-10-27 19:15:34,2073000,0.0
2019-10-27 19:15:35,2074000,0.0
2019-10-27 19:15:36,2075001,0.0
2019-10-27 19:15:37,2076000,0.0
2019-10-27 19:15:38,2077000,0.0
2019-10-27 19:15:39,2078000,0.0
2019-10-27 19:15:40,2079000,0.0
2019-10-27 19:15:41,2080000,0.0
2019-10-27 19:15:42,2081000,0.0
2019-10-27 19:15:43,2082000,0.0
2019-10-27 19:15:44,2083001,0.0
2019-10-27 19:15:45,2084000,0.0
2019-10-27 19:15:46,2085000,0.0
2019-10-27 19:15:47,2086000,0.0
2019-10-27 19:15:48,2087000,0.0
2019-10-27 19:15:49,2088000,0.0
2019-10-27 19:15:50,2089000,0.0
2019-10-27 19:15:51,2090000,0.0
2019-10-27 19:15:52,2091001,0.0
2019-10-27 19:15:53,2092000,0.0
2019-10-27 19:15:54,2093000,0.0
2019-10-27 19:15:55,2094000,0.0
2019-10-27 19:15:56,2095000,0.0
2019-10-27 19:15:57,2096000,0.0
2019-10-27 19:15:58,2097000,0.0
2019-10-27 19:15:59,2098001,0.0
2019-10-27 19:16:00,2099000,0.0
2019-10-27 19:16:01,2100000,0.0
2019-10-27 19:16:02,2101000,0.0
2019-10-27 19:16:03,2102000,0.0
2019-10-27 19:16:04,2103000,0.0
2019-10-27 19:16:05,2104001,0.0
2019-10-27 19:16:06,2105000,0.0
2019-10-27 19:16:07,2106000,0.0
2019-10-27 19:16:08,2107000,0.0
2019-10-27 19:16:09,2108000,0.0
2019-10-27 19:16:10,2109000,0.0
2019-10-27 19:16:11,2110001,0.0
2019-10-27 19:16:12,2111000,0.0
2019-10-27 19:16:13,2112000,0.0
2019-10-27 19:16:14,2113000,0.0
2019-10-27 19:16:15,2114000,0.0
2019-10-27 19:16:16,2115000,0.0
2019-10-27 19:16:17,2116001,0.0
2019-10-27 19:16:18,2117000,0.0
2019-10-27 19:16:19,2118000,0.0
2019-10-27 19:16:20,2119000,0.0
2019-10-27 19:16:21,2120000,0.0
2019-10-27 19:16:22,2121000,0.0
2019-10-27 19:16:23,2122000,0.0
2019-10-27 19:16:24,2123000,0.0
2019-10-27 19:16:25,2124000,0.0
2019-10-27 19:16:26,2125001,0.0
2019-10-27 19:16:27,2126000,0.0
2019-10-27 19:16:28,2127000,0.0
2019-10-27 19:16:29,2128000,0.0
2019-10-27 19:16:30,2129000,0.0
2019-10-27 19:16:31,2130001,0.0
2019-10-27 19:16:32,2131000,0.0
2019-10-27 19:16:33,2132000,0.0
2019-10-27 19:16:34,2133000,0.0
2019-10-27 19:16:35,2134000,0.0
2019-10-27 19:16:36,2135000,0.0
2019-10-27 19:16:37,2136000,0.0
2019-10-27 19:16:38,2137001,0.0
2019-10-27 19:16:39,2138000,0.0
2019-10-27 19:16:40,2139000,0.0
2019-10-27 19:16:41,2140000,0.0
2019-10-27 19:16:42,2141001,0.0
2019-10-27 19:16:43,2142000,0.0
2019-10-27 19:16:44,2143000,0.0
2019-10-27 19:16:45,2144000,0.0
2019-10-27 19:16:46,2145000,0.0
2019-10-27 19:16:47,2146000,0.0
2019-10-27 19:16:48,2147001,0.0
2019-10-27 19:16:49,2148000,0.0
2019-10-27 19:16:50,2149000,0.0
2019-10-27 19:16:51,2150000,0.0
2019-10-27 19:16:52,2151000,0.0
2019-10-27 19:16:53,2152000,0.0
2019-10-27 19:16:54,2153000,0.0
2019-10-27 19:16:55,2154001,0.0
2019-10-27 19:16:56,2155000,0.0
2019-10-27 19:16:57,2156000,0.0
2019-10-27 19:16:58,2157000,0.0
2019-10-27 19:16:59,2158000,0.0
2019-10-27 19:17:00,2159000,0.0
2019-10-27 19:17:01,2160000,0.0
2019-10-27 19:17:02,2161001,0.0
2019-10-27 19:17:03,2162000,0.0
2019-10-27 19:17:04,2163000,0.0
2019-10-27 19:17:05,2164000,0.0
2019-10-27 19:17:06,2165000,0.0
2019-10-27 19:17:07,2166000,0.0
2019-10-27 19:17:08,2167000,0.0
2019-10-27 19:17:09,2168001,0.0
2019-10-27 19:17:10,2169000,0.0
2019-10-27 19:17:11,2170000,0.0
2019-10-27 19:17:12,2171000,0.0
2019-10-27 19:17:13,2172000,0.0
2019-10-27 19:17:14,2173000,0.0
2019-10-27 19:17:15,2174000,0.0
2019-10-27 19:17:16,2175001,0.0
2019-10-27 19:17:17,2176000,0.0
2019-10-27 19:17:18,2177000,0.0
2019-10-27 19:17:19,2178000,0.0
2019-10-27 19:17:20,2179001,0.0
2019-10-27 19:17:21,2180000,0.0
2019-10-27 19:17:22,2181000,0.0
2019-10-27 19:17:23,2182000,0.0
2019-10-27 19:17:24,2183001,0.0
2019-10-27 19:17:25,2184000,0.0
2019-10-27 19:17:26,2185001,0.0
2019-10-27 19:17:27,2186000,0.0
2019-10-27 19:17:28,2187000,0.0
2019-10-27 19:17:29,2188000,0.0
2019-10-27 19:17:30,2189001,0.0
2019-10-27 19:17:31,2190000,0.0
2019-10-27 19:17:32,2191000,0.0
2019-10-27 19:17:33,2192001,0.0
2019-10-27 19:17:34,2193000,0.0
2019-10-27 19:17:35,2194000,0.0
2019-10-27 19:17:36,2195000,0.0
2019-10-27 19:17:37,2196001,0.0
2019-10-27 19:17:38,2197000,0.0
2019-10-27 19:17:39,2198000,0.0
2019-10-27 19:17:40,2199000,0.0
2019-10-27 19:17:41,2200001,0.0
2019-10-27 19:17:42,2201000,0.0
2019-10-27 19:17:43,2202001,0.0
2019-10-27 19:17:44,2203000,0.0
2019-10-27 19:17:45,2204000,0.0
2019-10-27 19:17:46,2205001,0.0
2019-10-27 19:17:47,2206000,0.0
2019-10-27 19:17:48,2207000,0.0
2019-10-27 19:17:49,2208000,0.0
2019-10-27 19:17:50,2209001,0.0
2019-10-27 19:17:51,2210000,0.0
2019-10-27 19:17:52,2211001,0.0
2019-10-27 19:17:53,2212000,0.0
2019-10-27 19:17:54,2213000,0.0
2019-10-27 19:17:55,2214000,0.0
2019-10-27 19:17:56,2215001,0.0
2019-10-27 19:17:57,2216000,0.0
2019-10-27 19:17:58,2217000,0.0
2019-10-27 19:17:59,2218000,0.0
2019-10-27 19:18:00,2219001,0.0
2019-10-27 19:18:01,2220000,0.0
2019-10-27 19:18:02,2221001,0.0
2019-10-27 19:18:03,2222001,0.0
2019-10-27 19:18:04,2223000,0.0
2019-10-27 19:18:05,2224001,0.0
2019-10-27 19:18:06,2225000,0.0
2019-10-27 19:18:07,2226000,0.0
2019-10-27 19:18:08,2227000,0.0
2019-10-27 19:18:09,2228000,0.0
2019-10-27 19:18:10,2229001,0.0
2019-10-27 19:18:11,2230000,0.0
2019-10-27 19:18:12,2231000,0.0
2019-10-27 19:18:13,2232001,0.0
2019-10-27 19:18:14,2233000,0.0
2019-10-27 19:18:15,2234000,0.0
2019-10-27 19:18:16,2235000,0.0
2019-10-27 19:18:17,2236001,0.0
2019-10-27 19:18:18,2237000,0.0
2019-10-27 19:18:19,2238000,0.0
2019-10-27 19:18:20,2239001,0.0
2019-10-27 19:18:21,2240000,0.0
2019-10-27 19:18:22,2241000,0.0
2019-10-27 19:18:23,2242000,0.0
2019-10-27 19:18:24,2243000,0.0
2019-10-27 19:18:25,2244000,0.0
2019-10-27 19:18:26,2245001,0.0
2019-10-27 19:18:27,2246000,0.0
2019-10-27 19:18:28,2247000,0.0
2019-10-27 19:18:29,2248000,0.0
2019-10-27 19:18:30,2249001,0.0
2019-10-27 19:18:31,2250000,0.0
2019-10-27 19:18:32,2251000,0.0
2019-10-27 19:18:33,2252000,0.0
2019-10-27 19:18:34,2253000,0.0
2019-10-27 19:18:35,2254001,0.0
2019-10-27 19:18:36,2255000,0.0
2019-10-27 19:18:37,2256000,0.0
2019-10-27 19:18:38,2257001,0.0
2019-10-27 19:18:39,2258000,0.0
2019-10-27 19:18:40,2259000,0.0
2019-10-27 19:18:41,2260000,0.0
2019-10-27 19:18:42,2261000,0.0
2019-10-27 19:18:43,2262001,0.0
2019-10-27 19:18:44,2263000,0.0
2019-10-27 19:18:45,2264001,0.0
2019-10-27 19:18:46,2265000,0.0
2019-10-27 19:18:47,2266000,0.0
2019-10-27 19:18:48,2267000,0.0
2019-10-27 19:18:49,2268001,0.0
2019-10-27 19:18:50,2269000,0.0
2019-10-27 19:18:51,2270000,0.0
2019-10-27 19:18:52,2271000,0.0
2019-10-27 19:18:53,2272000,0.0
2019-10-27 19:18:54,2273001,0.0
2019-10-27 19:18:55,2274000,0.0
2019-10-27 19:18:56,2275000,0.0
2019-10-27 19:18:57,2276000,0.0
2019-10-27 19:18:58,2277000,0.0
2019-10-27 19:18:59,2278000,0.0
2019-10-27 19:19:00,2279000,0.0
2019-10-27 19:19:01,2280000,0.0
2019-10-27 19:19:02,2281001,0.0
2019-10-27 19:19:03,2282000,0.0
2019-10-27 19:19:04,2283000,0.0
2019-10-27 19:19:05,2284000,0.0
2019-10-27 19:19:06,2285001,0.0
2019-10-27 19:19:07,2286000,0.0
2019-10-27 19:19:08,2287000,0.0
2019-10-27 19:19:09,2288000,0.0
2019-10-27 19:19:10,2289000,0.0
2019-10-27 19:19:11,2290001,0.0
2019-10-27 19:19:12,2291000,0.0
2019-10-27 19:19:13,2292000,0.0
2019-10-27 19:19:14,2293000,0.0
2019-10-27 19:19:15,2294000,0.0
2019-10-27 19:19:16,2295001,0.0
2019-10-27 19:19:17,2296000,0.0
2019-10-27 19:19:18,2297000,0.0
2019-10-27 19:19:19,2298000,0.0
2019-10-27 19:19:20,2299000,0.0
2019-10-27 19:19:21,2300001,0.0
2019-10-27 19:19:22,2301000,0.0
2019-10-27 19:19:23,2302000,0.0
2019-10-27 19:19:24,2303001,0.0
2019-10-27 19:19:25,2304000,0.0
2019-10-27 19:19:26,2305000,0.0
2019-10-27 19:19:27,2306000,0.0
2019-10-27 19:19:28,2307001,0.0
2019-10-27 19:19:29,2308000,0.0
2019-10-27 19:19:30,2309000,0.0
2019-10-27 19:19:31,2310000,0.0
2019-10-27 19:19:32,2311000,0.0
2019-10-27 19:19:33,2312000,0.0
2019-10-27 19:19:34,2313001,0.0
2019-10-27 19:19:35,2314000,0.0
2019-10-27 19:19:36,2315004,0.0
2019-10-27 19:19:37,2316000,0.0
2019-10-27 19:19:38,2317000,0.0
2019-10-27 19:19:39,2318001,0.0
2019-10-27 19:19:40,2319000,0.0
2019-10-27 19:19:41,2320000,0.0
2019-10-27 19:19:42,2321001,0.0
2019-10-27 19:19:43,2322000,0.0
2019-10-27 19:19:44,2323000,0.0
2019-10-27 19:19:45,2324001,0.0
2019-10-27 19:19:46,2325000,0.0
2019-10-27 19:19:47,2326000,0.0
2019-10-27 19:19:48,2327000,0.0
2019-10-27 19:19:49,2328001,0.0
2019-10-27 19:19:50,2329000,0.0
2019-10-27 19:19:51,2330000,0.0
2019-10-27 19:19:52,2331001,0.0
2019-10-27 19:19:53,2332000,0.0
2019-10-27 19:19:54,2333000,0.0
2019-10-27 19:19:55,2334001,0.0
2019-10-27 19:19:56,2335000,0.0
2019-10-27 19:19:57,2336000,0.0
2019-10-27 19:19:58,2337000,0.0
2019-10-27 19:19:59,2338001,0.0
2019-10-27 19:20:00,2339000,0.0
2019-10-27 19:20:01,2340000,0.0
2019-10-27 19:20:02,2341000,0.0
2019-10-27 19:20:03,2342000,0.0
2019-10-27 19:20:04,2343001,0.0
2019-10-27 19:20:05,2344000,0.0
2019-10-27 19:20:06,2345000,0.0
2019-10-27 19:20:07,2346000,0.0
2019-10-27 19:20:08,2347000,0.0
2019-10-27 19:20:09,2348001,0.0
2019-10-27 19:20:10,2349000,0.0
2019-10-27 19:20:11,2350000,0.0
2019-10-27 19:20:12,2351000,0.0
2019-10-27 19:20:13,2352001,0.0
2019-10-27 19:20:14,2353000,0.0
2019-10-27 19:20:15,2354000,0.0
2019-10-27 19:20:16,2355000,0.0
2019-10-27 19:20:17,2356001,0.0
2019-10-27 19:20:18,2357000,0.0
2019-10-27 19:20:19,2358000,0.0
2019-10-27 19:20:20,2359000,0.0
2019-10-27 19:20:21,2360000,0.0
2019-10-27 19:20:22,2361001,0.0
2019-10-27 19:20:23,2362000,0.0
2019-10-27 19:20:24,2363000,0.0
2019-10-27 19:20:25,2364000,0.0
2019-10-27 19:20:26,2365000,0.0
2019-10-27 19:20:27,2366001,0.0
2019-10-27 19:20:28,2367001,0.0
2019-10-27 19:20:29,2368000,0.0
2019-10-27 19:20:30,2369000,0.0
2019-10-27 19:20:31,2370001,0.0
2019-10-27 19:20:32,2371000,0.0
2019-10-27 19:20:33,2372000,0.0
2019-10-27 19:20:34,2373000,0.0
2019-10-27 19:20:35,2374000,0.0
2019-10-27 19:20:36,2375000,0.0
2019-10-27 19:20:37,2376000,0.0
2019-10-27 19:20:38,2377000,0.0
2019-10-27 19:20:39,2378000,0.0
2019-10-27 19:20:40,2379001,0.0
2019-10-27 19:20:41,2380000,0.0
2019-10-27 19:20:42,2381001,0.0
2019-10-27 19:20:43,2382000,0.0
2019-10-27 19:20:44,2383000,0.0
2019-10-27 19:20:45,2384000,0.0
2019-10-27 19:20:46,2385001,0.0
2019-10-27 19:20:47,2386000,0.0
2019-10-27 19:20:48,2387000,0.0
2019-10-27 19:20:49,2388000,0.0
2019-10-27 19:20:50,2389001,0.0
2019-10-27 19:20:51,2390000,0.0
2019-10-27 19:20:52,2391000,0.0
2019-10-27 19:20:53,2392001,0.0
2019-10-27 19:20:54,2393000,0.0
2019-10-27 19:20:55,2394000,0.0
2019-10-27 19:20:56,2395001,0.0
2019-10-27 19:20:57,2396000,0.0
2019-10-27 19:20:58,2397000,0.0
2019-10-27 19:20:59,2398001,0.0
2019-10-27 19:21:00,2399000,0.0
2019-10-27 19:21:01,2400000,0.0
2019-10-27 19:21:02,2401000,0.0
2019-10-27 19:21:03,2402001,0.0
2019-10-27 19:21:04,2403000,0.0
2019-10-27 19:21:05,2404000,0.0
2019-10-27 19:21:06,2405000,0.0
2019-10-27 19:21:07,2406000,0.0
2019-10-27 19:21:08,2407001,0.0
2019-10-27 19:21:09,2408000,0.0
2019-10-27 19:21:10,2409000,0.0
2019-10-27 19:21:11,2410000,0.0
2019-10-27 19:21:12,2411000,0.0
2019-10-27 19:21:13,2412000,0.0
2019-10-27 19:21:14,2413001,0.0
2019-10-27 19:21:15,2414000,0.0
2019-10-27 19:21:16,2415000,0.0
2019-10-27 19:21:17,2416000,0.0
2019-10-27 19:21:18,2417001,0.0
2019-10-27 19:21:19,2418000,0.0
2019-10-27 19:21:20,2419000,0.0
2019-10-27 19:21:21,2420000,0.0
2019-10-27 19:21:22,2421001,0.0
2019-10-27 19:21:23,2422000,0.0
2019-10-27 19:21:24,2423000,0.0
2019-10-27 19:21:25,2424000,0.0
2019-10-27 19:21:26,2425000,0.0
2019-10-27 19:21:27,2426000,0.0
2019-10-27 19:21:28,2427001,0.0
2019-10-27 19:21:29,2428000,0.0
2019-10-27 19:21:30,2429000,0.0
2019-10-27 19:21:31,2430000,0.0
2019-10-27 19:21:32,2431001,0.0
2019-10-27 19:21:33,2432000,0.0
2019-10-27 19:21:34,2433000,0.0
2019-10-27 19:21:35,2434001,0.0
2019-10-27 19:21:36,2435000,0.0
2019-10-27 19:21:37,2436000,0.0
2019-10-27 19:21:38,2437000,0.0
2019-10-27 19:21:39,2438000,0.0
2019-10-27 19:21:40,2439001,0.0
2019-10-27 19:21:41,2440000,0.0
2019-10-27 19:21:42,2441000,0.0
2019-10-27 19:21:43,2442000,0.0
2019-10-27 19:21:44,2443001,0.0
2019-10-27 19:21:45,2444000,0.0
2019-10-27 19:21:46,2445000,0.0
2019-10-27 19:21:47,2446000,0.0
2019-10-27 19:21:48,2447001,0.0
2019-10-27 19:21:49,2448000,0.0
2019-10-27 19:21:50,2449000,0.0
2019-10-27 19:21:51,2450001,0.0
2019-10-27 19:21:52,2451000,0.0
2019-10-27 19:21:53,2452000,0.0
2019-10-27 19:21:54,2453000,0.0
2019-10-27 19:21:55,2454001,0.0
2019-10-27 19:21:56,2455000,0.0
2019-10-27 19:21:57,2456000,0.0
2019-10-27 19:21:58,2457001,0.0
2019-10-27 19:21:59,2458000,0.0
2019-10-27 19:22:00,2459000,0.0
2019-10-27 19:22:01,2460000,0.0
2019-10-27 19:22:02,2461001,0.0
2019-10-27 19:22:03,2462000,0.0
2019-10-27 19:22:04,2463000,0.0
2019-10-27 19:22:05,2464000,0.0
2019-10-27 19:22:06,2465001,0.0
2019-10-27 19:22:07,2466000,0.0
2019-10-27 19:22:08,2467000,0.0
2019-10-27 19:22:09,2468000,0.0
2019-10-27 19:22:10,2469000,0.0
2019-10-27 19:22:11,2470001,0.0
2019-10-27 19:22:12,2471000,0.0
2019-10-27 19:22:13,2472000,0.0
2019-10-27 19:22:14,2473000,0.0
2019-10-27 19:22:15,2474001,0.0
2019-10-27 19:22:16,2475000,0.0
2019-10-27 19:22:17,2476000,0.0
2019-10-27 19:22:18,2477000,0.0
2019-10-27 19:22:19,2478001,0.0
2019-10-27 19:22:20,2479000,0.0
2019-10-27 19:22:21,2480000,0.0
2019-10-27 19:22:22,2481001,0.0
2019-10-27 19:22:23,2482000,0.0
2019-10-27 19:22:24,2483000,0.0
2019-10-27 19:22:25,2484000,0.0
2019-10-27 19:22:26,2485001,0.0
2019-10-27 19:22:27,2486000,0.0
2019-10-27 19:22:28,2487000,0.0
2019-10-27 19:22:29,2488000,0.0
2019-10-27 19:22:30,2489001,0.0
2019-10-27 19:22:31,2490003,0.0
2019-10-27 19:22:32,2491000,0.0
2019-10-27 19:22:33,2492001,0.0
2019-10-27 19:22:34,2493000,0.0
2019-10-27 19:22:35,2494000,0.0
2019-10-27 19:22:36,2495001,0.0
2019-10-27 19:22:37,2496000,0.0
2019-10-27 19:22:38,2497000,0.0
2019-10-27 19:22:39,2498000,0.0
2019-10-27 19:22:40,2499001,0.0
2019-10-27 19:22:41,2500000,0.0
2019-10-27 19:22:42,2501000,0.0
2019-10-27 19:22:43,2502000,0.0
2019-10-27 19:22:44,2503001,0.0
2019-10-27 19:22:45,2504000,0.0
2019-10-27 19:22:46,2505000,0.0
2019-10-27 19:22:47,2506001,0.0
2019-10-27 19:22:48,2507000,0.0
2019-10-27 19:22:49,2508000,0.0
2019-10-27 19:22:50,2509001,0.0
2019-10-27 19:22:51,2510000,0.0
2019-10-27 19:22:52,2511000,0.0
2019-10-27 19:22:53,2512001,0.0
2019-10-27 19:22:54,2513000,0.0
2019-10-27 19:22:55,2514000,0.0
2019-10-27 19:22:56,2515000,0.0
2019-10-27 19:22:57,2516000,0.0
2019-10-27 19:22:58,2517000,0.0
2019-10-27 19:22:59,2518000,0.0
2019-10-27 19:23:00,2519001,0.0
2019-10-27 19:23:01,2520000,0.0
2019-10-27 19:23:02,2521000,0.0
2019-10-27 19:23:03,2522000,0.0
2019-10-27 19:23:04,2523001,0.0
2019-10-27 19:23:05,2524000,0.0
2019-10-27 19:23:06,2525000,0.0
2019-10-27 19:23:07,2526000,0.0
