Timestamp,Milliseconds,Millibars
2019-10-27 18:41:01,0,993.2661
2019-10-27 18:41:02,1000,993.2759
2019-10-27 18:41:03,2001,993.2622
2019-10-27 18:41:04,3000,993.2656
2019-10-27 18:41:05,4000,993.24
2019-10-27 18:41:06,5001,993.2971
2019-10-27 18:41:07,6000,993.2466
2019-10-27 18:41:08,7000,993.2422
2019-10-27 18:41:09,8000,993.25586
2019-10-27 18:41:10,9003,993.2578
2019-10-27 18:41:11,10000,993.2339
2019-10-27 18:41:12,11000,993.2671
2019-10-27 18:41:13,12000,993.2407
2019-10-27 18:41:14,13001,993.25024
2019-10-27 18:41:15,14000,993.2583
2019-10-27 18:41:16,15000,993.23364
2019-10-27 18:41:17,16000,993.2539
2019-10-27 18:41:18,17001,993.2656
2019-10-27 18:41:19,18000,993.26855
2019-10-27 18:41:20,19000,993.3152
2019-10-27 18:41:21,20000,993.2615
2019-10-27 18:41:22,21001,993.27856
2019-10-27 18:41:23,22000,993.28955
2019-10-27 18:41:24,23000,993.28516
2019-10-27 18:41:25,24000,993.27075
2019-10-27 18:41:26,25000,993.2715
2019-10-27 18:41:27,26001,993.2749
2019-10-27 18:41:28,27000,993.2788
2019-10-27 18:41:29,28000,993.26807
2019-10-27 18:41:30,29001,993.26685
2019-10-27 18:41:31,30000,993.2876
2019-10-27 18:41:32,31000,993.2898
2019-10-27 18:41:33,32000,993.2761
2019-10-27 18:41:34,33001,993.2742
2019-10-27 18:41:35,34000,993.28467
2019-10-27 18:41:36,35001,993.2842
2019-10-27 18:41:37,36000,993.2739
2019-10-27 18:41:38,37000,993.27954
2019-10-27 18:41:39,38000,993.2864
2019-10-27 18:41:40,39000,993.2705
2019-10-27 18:41:41,40001,993.28296
2019-10-27 18:41:42,41000,993.27246
2019-10-27 18:41:43,42001,993.26855
2019-10-27 18:41:44,43000,993.2827
2019-10-27 18:41:45,44000,993.2825
2019-10-27 18:41:46,45000,993.28687
2019-10-27 18:41:47,46001,993.2793
2019-10-27 18:41:48,47000,993.28687
2019-10-27 18:41:49,48001,993.27954
2019-10-27 18:41:50,49000,993.26904
2019-10-27 18:41:51,50000,993.282
2019-10-27 18:41:52,51000,993.2759
2019-10-27 18:41:53,52000,993.2822
2019-10-27 18:41:54,53001,993.2717
2019-10-27 18:41:55,54000,993.27515
2019-10-27 18:41:56,55000,993.2805
2019-10-27 18:41:57,56001,993.27686
2019-10-27 18:41:58,57000,993.2771
2019-10-27 18:41:59,58000,993.2803
2019-10-27 18:42:00,59000,993.2925
2019-10-27 18:42:01,60001,993.27466
2019-10-27 18:42:02,61000,993.27563
2019-10-27 18:42:03,62000,993.2759
2019-10-27 18:42:04,63001,993.28
2019-10-27 18:42:05,64000,993.26855
2019-10-27 18:42:06,65000,993.2737
2019-10-27 18:42:07,66001,993.28
2019-10-27 18:42:08,67000,993.26733
2019-10-27 18:42:09,68001,993.2739
2019-10-27 18:42:10,69000,993.2876
2019-10-27 18:42:11,70000,993.2739
2019-10-27 18:42:12,71001,993.27026
2019-10-27 18:42:13,72000,993.2844
2019-10-27 18:42:14,73001,993.2832
2019-10-27 18:42:15,74000,993.2754
2019-10-27 18:42:16,75000,993.2825
2019-10-27 18:42:17,76000,993.2827
2019-10-27 18:42:18,77000,993.2898
2019-10-27 18:42:19,78000,993.27954
2019-10-27 18:42:20,79000,993.27295
2019-10-27 18:42:21,80001,993.27954
2019-10-27 18:42:22,81000,993.2742
2019-10-27 18:42:23,82000,993.28467
2019-10-27 18:42:24,83001,993.2866
2019-10-27 18:42:25,84000,993.2803
2019-10-27 18:42:26,85000,993.2771
2019-10-27 18:42:27,86000,993.2798
2019-10-27 18:42:28,87000,993.292
2019-10-27 18:42:29,88001,993.2881
2019-10-27 18:42:30,89000,993.27954
2019-10-27 18:42:31,90000,993.2744
2019-10-27 18:42:32,91001,993.291
2019-10-27 18:42:33,92000,993.2849
2019-10-27 18:42:34,93000,993.2776
2019-10-27 18:42:35,94001,993.2759
2019-10-27 18:42:36,95000,993.2717
2019-10-27 18:42:37,96000,993.2793
2019-10-27 18:42:38,97001,993.2832
2019-10-27 18:42:39,98000,993.27563
2019-10-27 18:42:40,99000,993.2788
2019-10-27 18:42:41,100000,993.27
2019-10-27 18:42:42,101001,993.26074
2019-10-27 18:42:43,102000,993.2722
2019-10-27 18:42:44,103001,993.27026
2019-10-27 18:42:45,104000,993.26587
2019-10-27 18:42:46,105000,993.2749
2019-10-27 18:42:47,106001,993.27563
2019-10-27 18:42:48,107000,993.271
2019-10-27 18:42:49,108000,993.2771
2019-10-27 18:42:50,109001,993.2761
2019-10-27 18:42:51,110000,993.2661
2019-10-27 18:42:52,111000,993.2637
2019-10-27 18:42:53,112001,993.271
2019-10-27 18:42:54,113001,993.2661
2019-10-27 18:42:55,114000,993.26294
2019-10-27 18:42:56,115000,993.2595
2019-10-27 18:42:57,116001,993.25806
2019-10-27 18:42:58,117000,993.25464
2019-10-27 18:42:59,118000,993.2634
2019-10-27 18:43:00,119000,993.2534
2019-10-27 18:43:01,120001,993.2556
2019-10-27 18:43:02,121000,993.25806
2019-10-27 18:43:03,122000,993.2666
2019-10-27 18:43:04,123001,993.2571
2019-10-27 18:43:05,124000,993.2632
2019-10-27 18:43:06,125000,993.26294
2019-10-27 18:43:07,126000,993.2617
2019-10-27 18:43:08,127001,993.2837
2019-10-27 18:43:09,128000,993.26685
2019-10-27 18:43:10,129001,993.27075
2019-10-27 18:43:11,130000,993.2683
2019-10-27 18:43:12,131000,993.2449
2019-10-27 18:43:13,132000,993.2678
2019-10-27 18:43:14,133001,993.2649
2019-10-27 18:43:15,134000,993.2634
2019-10-27 18:43:16,135000,993.2693
2019-10-27 18:43:17,136000,993.2632
2019-10-27 18:43:18,137001,993.2627
2019-10-27 18:43:19,138000,993.2444
2019-10-27 18:43:20,139000,993.26953
2019-10-27 18:43:21,140001,993.25415
2019-10-27 18:43:22,141000,993.2654
2019-10-27 18:43:23,142000,993.3054
2019-10-27 18:43:24,143001,993.292
2019-10-27 18:43:25,144000,993.3064
2019-10-27 18:43:26,145000,993.3115
2019-10-27 18:43:27,146001,993.303
2019-10-27 18:43:28,147000,993.31494
2019-10-27 18:43:29,148000,993.31055
2019-10-27 18:43:30,149000,993.2842
2019-10-27 18:43:31,150000,993.2864
2019-10-27 18:43:32,151001,993.2698
2019-10-27 18:43:33,152000,993.29663
2019-10-27 18:43:34,153000,993.28564
2019-10-27 18:43:35,154001,993.27954
2019-10-27 18:43:36,155000,993.2949
2019-10-27 18:43:37,156001,993.2825
2019-10-27 18:43:38,157000,993.2815
2019-10-27 18:43:39,158000,993.2727
2019-10-27 18:43:40,159000,993.27466
2019-10-27 18:43:41,160001,993.28394
2019-10-27 18:43:42,161000,993.271
2019-10-27 18:43:43,162000,993.2932
2019-10-27 18:43:44,163001,993.354
2019-10-27 18:43:45,164000,993.2993
2019-10-27 18:43:46,165000,993.27563
2019-10-27 18:43:47,166001,993.281
2019-10-27 18:43:48,167000,993.31323
2019-10-27 18:43:49,168000,993.28735
2019-10-27 18:43:50,169000,993.2737
2019-10-27 18:43:51,170001,993.2544
2019-10-27 18:43:52,171000,993.2012
2019-10-27 18:43:53,172000,993.16724
2019-10-27 18:43:54,173000,993.11914
2019-10-27 18:43:55,174000,993.0925
2019-10-27 18:43:56,175001,993.06885
2019-10-27 18:43:57,176000,993.0088
2019-10-27 18:43:58,177000,992.99243
2019-10-27 18:43:59,178000,992.9651
2019-10-27 18:44:00,179001,992.91113
2019-10-27 18:44:01,180000,992.8938
2019-10-27 18:44:02,181000,992.9265
2019-10-27 18:44:03,182000,992.9536
2019-10-27 18:44:04,183001,992.91016
2019-10-27 18:44:05,184000,992.92114
2019-10-27 18:44:06,185000,992.9072
2019-10-27 18:44:07,186001,992.9072
2019-10-27 18:44:08,187000,992.91187
2019-10-27 18:44:09,188000,992.9241
2019-10-27 18:44:10,189001,992.9155
2019-10-27 18:44:11,190000,992.91113
2019-10-27 18:44:12,191000,992.91187
2019-10-27 18:44:13,192000,992.90845
2019-10-27 18:44:14,193000,992.91406
2019-10-27 18:44:15,194001,992.9265
2019-10-27 18:44:16,195000,992.9302
2019-10-27 18:44:17,196000,992.92334
2019-10-27 18:44:18,197002,992.9243
2019-10-27 18:44:19,198001,992.9282
2019-10-27 18:44:20,199000,992.9121
2019-10-27 18:44:21,200000,992.9634
2019-10-27 18:44:22,201000,992.9702
2019-10-27 18:44:23,202000,992.94385
2019-10-27 18:44:24,203001,992.93896
2019-10-27 18:44:25,204000,992.94507
2019-10-27 18:44:26,205001,992.93945
2019-10-27 18:44:27,206000,992.94604
2019-10-27 18:44:28,207000,992.9175
2019-10-27 18:44:29,208001,992.9387
2019-10-27 18:44:30,209000,992.95386
2019-10-27 18:44:31,210000,992.95044
2019-10-27 18:44:32,211000,992.9363
2019-10-27 18:44:33,212001,992.94727
2019-10-27 18:44:34,213000,992.9602
2019-10-27 18:44:35,214000,992.949
2019-10-27 18:44:36,215000,992.9507
2019-10-27 18:44:37,216000,992.9453
2019-10-27 18:44:38,217001,992.9419
2019-10-27 18:44:39,218001,992.94653
2019-10-27 18:44:40,219000,992.95996
2019-10-27 18:44:41,220000,992.97095
2019-10-27 18:44:42,221000,992.9512
2019-10-27 18:44:43,222000,992.95264
2019-10-27 18:44:44,223001,992.94556
2019-10-27 18:44:45,224000,992.9658
2019-10-27 18:44:46,225000,992.9785
2019-10-27 18:44:47,226001,992.9712
2019-10-27 18:44:48,227000,992.96436
2019-10-27 18:44:49,228000,992.969
2019-10-27 18:44:50,229001,992.95874
2019-10-27 18:44:51,230000,992.9668
2019-10-27 18:44:52,231001,992.9409
2019-10-27 18:44:53,232000,992.95337
2019-10-27 18:44:54,233000,992.9707
2019-10-27 18:44:55,234000,992.9492
2019-10-27 18:44:56,235001,992.96826
2019-10-27 18:44:57,236000,992.95654
2019-10-27 18:44:58,237000,992.96045
2019-10-27 18:44:59,238001,992.95703
2019-10-27 18:45:00,239000,992.9463
2019-10-27 18:45:01,240000,992.95703
2019-10-27 18:45:02,241000,992.9783
2019-10-27 18:45:03,242001,992.96655
2019-10-27 18:45:04,243000,992.9885
2019-10-27 18:45:05,244000,992.9968
2019-10-27 18:45:06,245001,992.9973
2019-10-27 18:45:07,246000,992.98706
2019-10-27 18:45:08,247000,993.01074
2019-10-27 18:45:09,248000,992.9829
2019-10-27 18:45:10,249001,992.99634
2019-10-27 18:45:11,250000,992.9912
2019-10-27 18:45:12,251000,993.0117
2019-10-27 18:45:13,252000,993.0044
2019-10-27 18:45:14,253000,992.9531
2019-10-27 18:45:15,254001,992.9668
2019-10-27 18:45:16,255000,992.9929
2019-10-27 18:45:17,256000,992.9678
2019-10-27 18:45:18,257000,992.9934
2019-10-27 18:45:19,258001,992.97876
2019-10-27 18:45:20,259000,992.9763
2019-10-27 18:45:21,260000,992.9531
2019-10-27 18:45:22,261000,992.9717
2019-10-27 18:45:23,262001,992.9763
2019-10-27 18:45:24,263000,992.9856
2019-10-27 18:45:25,264000,993.0012
2019-10-27 18:45:26,265000,992.98804
2019-10-27 18:45:27,266000,992.9895
2019-10-27 18:45:28,267001,993.01465
2019-10-27 18:45:29,268000,992.99023
2019-10-27 18:45:30,269000,992.9863
2019-10-27 18:45:31,270000,992.9851
2019-10-27 18:45:32,271001,992.98364
2019-10-27 18:45:33,272000,992.9961
2019-10-27 18:45:34,273001,993.0078
2019-10-27 18:45:35,274000,992.9895
2019-10-27 18:45:36,275000,993.0029
2019-10-27 18:45:37,276001,993.0437
2019-10-27 18:45:38,277000,992.9404
2019-10-27 18:45:39,278000,992.98
2019-10-27 18:45:40,279001,992.98804
2019-10-27 18:45:41,280000,992.99756
2019-10-27 18:45:42,281000,992.9951
2019-10-27 18:45:43,282001,993.00195
2019-10-27 18:45:44,283000,993.0249
2019-10-27 18:45:45,284000,992.98145
2019-10-27 18:45:46,285000,993.0049
2019-10-27 18:45:47,286001,992.9851
2019-10-27 18:45:48,287000,992.99585
2019-10-27 18:45:49,288000,992.9968
2019-10-27 18:45:50,289001,993.0073
2019-10-27 18:45:51,290000,992.98755
2019-10-27 18:45:52,291000,992.98096
2019-10-27 18:45:53,292001,992.99316
2019-10-27 18:45:54,293000,992.96924
2019-10-27 18:45:55,294000,992.97754
2019-10-27 18:45:56,295000,992.98
2019-10-27 18:45:57,296001,992.9253
2019-10-27 18:45:58,297000,993.02734
2019-10-27 18:45:59,298000,993.0293
2019-10-27 18:46:00,299001,992.98706
2019-10-27 18:46:01,300000,992.94556
2019-10-27 18:46:02,301001,992.9392
2019-10-27 18:46:03,302000,992.9585
2019-10-27 18:46:04,303001,992.97485
2019-10-27 18:46:05,304000,992.9446
2019-10-27 18:46:06,305000,992.93823
2019-10-27 18:46:07,306001,992.9773
2019-10-27 18:46:08,307000,992.9878
2019-10-27 18:46:09,308000,992.98315
2019-10-27 18:46:10,309000,993.0239
2019-10-27 18:46:11,310001,993.0498
2019-10-27 18:46:12,311000,992.9529
2019-10-27 18:46:13,312000,992.9712
2019-10-27 18:46:14,313001,992.98755
2019-10-27 18:46:15,314000,992.9441
2019-10-27 18:46:16,315000,992.9409
2019-10-27 18:46:17,316000,992.96387
2019-10-27 18:46:18,317001,992.96875
2019-10-27 18:46:19,318000,992.9807
2019-10-27 18:46:20,319000,992.9551
2019-10-27 18:46:21,320001,992.9634
2019-10-27 18:46:22,321000,992.99805
2019-10-27 18:46:23,322000,992.96484
2019-10-27 18:46:24,323000,992.947
2019-10-27 18:46:25,324001,992.9885
2019-10-27 18:46:26,325000,992.9519
2019-10-27 18:46:27,326000,992.9678
2019-10-27 18:46:28,327001,992.9678
2019-10-27 18:46:29,328000,992.9751
2019-10-27 18:46:30,329000,992.9536
2019-10-27 18:46:31,330001,992.9724
2019-10-27 18:46:32,331000,992.96216
2019-10-27 18:46:33,332000,993.02075
2019-10-27 18:46:34,333000,992.9407
2019-10-27 18:46:35,334001,992.92944
2019-10-27 18:46:36,335000,992.9971
2019-10-27 18:46:37,336001,992.9946
2019-10-27 18:46:38,337000,992.97485
2019-10-27 18:46:39,338000,992.93335
2019-10-27 18:46:40,339000,992.94214
2019-10-27 18:46:41,340001,992.9817
2019-10-27 18:46:42,341000,992.9519
2019-10-27 18:46:43,342000,992.9668
2019-10-27 18:46:44,343000,992.98047
2019-10-27 18:46:45,344000,992.9414
2019-10-27 18:46:46,345001,992.937
2019-10-27 18:46:47,346000,992.99194
2019-10-27 18:46:48,347000,992.92725
2019-10-27 18:46:49,348001,992.9514
2019-10-27 18:46:50,349000,992.9507
2019-10-27 18:46:51,350000,992.97754
2019-10-27 18:46:52,351000,992.9553
2019-10-27 18:46:53,352001,992.94727
2019-10-27 18:46:54,353000,992.926
2019-10-27 18:46:55,354000,992.9385
2019-10-27 18:46:56,355000,993.0232
2019-10-27 18:46:57,356001,993.0464
2019-10-27 18:46:58,357000,993.042
2019-10-27 18:46:59,358000,992.9441
2019-10-27 18:47:00,359000,992.9829
2019-10-27 18:47:01,360001,993.00024
2019-10-27 18:47:02,361000,992.99585
2019-10-27 18:47:03,362000,992.9734
2019-10-27 18:47:04,363001,992.9636
2019-10-27 18:47:05,364000,993.0515
2019-10-27 18:47:06,365000,992.8672
2019-10-27 18:47:07,366001,992.97974
2019-10-27 18:47:08,367000,992.8523
2019-10-27 18:47:09,368000,993.01025
2019-10-27 18:47:10,369001,992.9104
2019-10-27 18:47:11,370000,992.99634
2019-10-27 18:47:12,371000,993.01685
2019-10-27 18:47:13,372000,992.9634
2019-10-27 18:47:14,373000,992.9175
2019-10-27 18:47:15,374000,993.0835
2019-10-27 18:47:16,375001,992.92017
2019-10-27 18:47:17,376000,992.92847
2019-10-27 18:47:18,377000,992.94653
2019-10-27 18:47:19,378000,992.771
2019-10-27 18:47:20,379000,992.8689
2019-10-27 18:47:21,380001,992.8196
2019-10-27 18:47:22,381000,992.8926
2019-10-27 18:47:23,382000,992.8259
2019-10-27 18:47:24,383000,993.0154
2019-10-27 18:47:25,384000,992.76416
2019-10-27 18:47:26,385000,992.9563
2019-10-27 18:47:28,386036,992.78
2019-10-27 18:47:29,387039,992.9148
2019-10-27 18:47:30,388041,992.6946
2019-10-27 18:47:31,389039,992.5012
2019-10-27 18:47:32,390040,992.76416
2019-10-27 18:47:33,391040,992.88257
2019-10-27 18:47:34,392039,992.6775
2019-10-27 18:47:34,393008,993.2888
2019-10-27 18:47:36,394038,992.91455
2019-10-27 18:47:37,395039,992.87524
2019-10-27 18:47:38,396036,992.6926
2019-10-27 18:47:39,397031,993.0801
2019-10-27 18:47:40,398040,992.126
2019-10-27 18:47:41,399039,992.57446
2019-10-27 18:47:42,400037,992.3511
2019-10-27 18:47:43,401040,992.5569
2019-10-27 18:47:44,402039,992.6355
2019-10-27 18:47:45,403039,992.0945
2019-10-27 18:47:45,404021,992.1748
2019-10-27 18:47:47,405031,992.271
2019-10-27 18:47:48,406040,991.79517
2019-10-27 18:47:49,407039,991.9055
2019-10-27 18:47:50,408039,992.05273
2019-10-27 18:47:51,409039,991.959
2019-10-27 18:47:52,410039,991.5154
2019-10-27 18:47:53,411052,991.34155
2019-10-27 18:47:54,412037,991.522
2019-10-27 18:47:55,413040,991.58203
2019-10-27 18:47:56,414038,991.44946
2019-10-27 18:47:57,415038,991.4614
2019-10-27 18:47:58,416037,991.4614
2019-10-27 18:47:59,417032,991.4614
2019-10-27 18:48:00,418039,991.4614
2019-10-27 18:48:00,419020,991.4614
2019-10-27 18:48:02,420039,991.4614
2019-10-27 18:48:02,421003,991.4614
2019-10-27 18:48:04,422051,991.4614
2019-10-27 18:48:04,423014,991.4614
2019-10-27 18:48:05,424015,991.4614
2019-10-27 18:48:07,425040,991.4614
2019-10-27 18:48:07,426015,991.4614
2019-10-27 18:48:09,427033,991.4614
2019-10-27 18:48:10,428038,991.4614
2019-10-27 18:48:11,429037,991.4614
2019-10-27 18:48:12,430051,991.4614
2019-10-27 18:48:13,431052,991.4614
2019-10-27 18:48:14,432039,991.4614
2019-10-27 18:48:15,433039,991.4614
2019-10-27 18:48:16,434051,991.4614
2019-10-27 18:48:17,435037,991.4614
2019-10-27 18:48:17,436011,991.4614
2019-10-27 18:48:19,437037,991.4614
2019-10-27 18:48:20,438037,991.4614
2019-10-27 18:48:20,439012,991.4614
2019-10-27 18:48:22,440040,991.4614
2019-10-27 18:48:23,441031,991.4614
2019-10-27 18:48:24,442039,991.4614
2019-10-27 18:48:25,443040,991.4614
2019-10-27 18:48:26,444040,991.4614
2019-10-27 18:48:27,445040,991.4614
2019-10-27 18:48:28,446039,991.4614
2019-10-27 18:48:29,447035,991.4614
2019-10-27 18:48:30,448039,991.4614
2019-10-27 18:48:30,449021,991.4614
2019-10-27 18:48:32,450039,991.4614
2019-10-27 18:48:33,451051,991.4614
2019-10-27 18:48:34,452039,991.4614
2019-10-27 18:48:34,453001,991.4614
2019-10-27 18:48:36,454038,991.4614
2019-10-27 18:48:36,455023,991.4614
2019-10-27 18:48:38,456031,991.4614
2019-10-27 18:48:39,457051,991.4614
2019-10-27 18:48:40,458031,991.4614
2019-10-27 18:48:41,459026,991.4614
2019-10-27 18:48:42,460039,991.4614
2019-10-27 18:48:42,461024,991.4614
2019-10-27 18:48:44,462040,991.4614
2019-10-27 18:48:45,463051,991.4614
2019-10-27 18:48:46,464036,991.4614
2019-10-27 18:48:47,465039,991.4614
2019-10-27 18:48:48,466040,991.4614
2019-10-27 18:48:49,467038,991.4614
2019-10-27 18:48:50,468037,991.4614
2019-10-27 18:48:51,469031,991.4614
2019-10-27 18:48:52,470036,991.4614
2019-10-27 18:48:53,471036,991.4614
2019-10-27 18:48:54,472039,991.4614
2019-10-27 18:48:54,473003,991.4614
2019-10-27 18:48:56,474036,991.4614
2019-10-27 18:48:56,475003,991.4614
2019-10-27 18:48:58,476051,991.4614
2019-10-27 18:48:58,477015,991.4614
2019-10-27 18:49:00,478037,991.4614
2019-10-27 18:49:01,479036,991.4614
2019-10-27 18:49:02,480051,991.4614
2019-10-27 18:49:03,481037,991.4614
2019-10-27 18:49:04,482031,991.4614
2019-10-27 18:49:05,483039,991.4614
2019-10-27 18:49:06,484051,991.4614
2019-10-27 18:49:07,485035,991.4614
2019-10-27 18:49:08,486040,991.4614
2019-10-27 18:49:09,487037,991.4614
2019-10-27 18:49:10,488038,991.4614
2019-10-27 18:49:11,489037,991.4614
2019-10-27 18:49:12,490038,991.4614
2019-10-27 18:49:13,491039,991.4614
2019-10-27 18:49:14,492027,991.4614
2019-10-27 18:49:14,493006,991.4614
2019-10-27 18:49:16,494051,991.4614
2019-10-27 18:49:17,495051,991.4614
2019-10-27 18:49:18,496036,991.4614
2019-10-27 18:49:19,497036,991.4614
2019-10-27 18:49:20,498037,991.4614
2019-10-27 18:49:21,499038,991.4614
2019-10-27 18:49:21,500004,991.4614
2019-10-27 18:49:23,501032,991.4614
2019-10-27 18:49:24,502031,991.4614
2019-10-27 18:49:25,503031,991.4614
2019-10-27 18:49:26,504041,991.4614
2019-10-27 18:49:27,505040,991.4614
2019-10-27 18:49:28,506040,991.4614
2019-10-27 18:49:28,507022,991.4614
2019-10-27 18:49:30,508040,991.4614
2019-10-27 18:49:31,509039,991.4614
2019-10-27 18:49:32,510036,991.4614
2019-10-27 18:49:33,511037,991.4614
2019-10-27 18:49:34,512037,991.4614
2019-10-27 18:49:35,513040,991.4614
2019-10-27 18:49:36,514051,991.4614
2019-10-27 18:49:37,515038,991.4614
2019-10-27 18:49:37,516011,991.4614
2019-10-27 18:49:39,517037,991.4614
2019-10-27 18:49:40,518036,991.4614
2019-10-27 18:49:41,519051,991.4614
2019-10-27 18:49:42,520029,991.4614
2019-10-27 18:49:43,521039,991.4614
2019-10-27 18:49:44,522039,991.4614
2019-10-27 18:49:45,523040,991.4614
2019-10-27 18:49:46,524031,991.4614
2019-10-27 18:49:47,525051,991.4614
2019-10-27 18:49:48,526037,991.4614
2019-10-27 18:49:49,527037,991.4614
2019-10-27 18:49:50,528031,991.4614
2019-10-27 18:49:51,529051,991.4614
2019-10-27 18:49:51,530015,991.4614
2019-10-27 18:49:53,531037,991.4614
2019-10-27 18:49:54,532032,991.4614
2019-10-27 18:49:55,533039,991.4614
2019-10-27 18:49:56,534031,991.4614
2019-10-27 18:49:57,535036,991.4614
2019-10-27 18:49:57,536018,991.4614
2019-10-27 18:49:59,537039,991.4614
2019-10-27 18:50:00,538039,991.4614
2019-10-27 18:50:01,539036,991.4614
2019-10-27 18:50:02,540039,991.4614
2019-10-27 18:50:03,541037,991.4614
2019-10-27 18:50:04,542037,991.4614
2019-10-27 18:50:05,543040,991.4614
2019-10-27 18:50:06,544036,991.4614
2019-10-27 18:50:07,545040,991.4614
2019-10-27 18:50:08,546040,991.4614
2019-10-27 18:50:09,547040,991.4614
2019-10-27 18:50:10,548039,991.4614
2019-10-27 18:50:11,549039,991.4614
2019-10-27 18:50:12,550029,991.4614
2019-10-27 18:50:13,551037,991.4614
2019-10-27 18:50:14,552039,991.4614
2019-10-27 18:50:15,553039,991.4614
2019-10-27 18:50:16,554039,991.4614
2019-10-27 18:50:17,555039,991.4614
2019-10-27 18:50:18,556039,991.4614
2019-10-27 18:50:19,557039,991.4614
2019-10-27 18:50:19,558001,991.4614
2019-10-27 18:50:21,559038,991.4614
2019-10-27 18:50:21,560019,991.4614
2019-10-27 18:50:23,561039,991.4614
2019-10-27 18:50:24,562037,991.4614
2019-10-27 18:50:25,563039,991.4614
2019-10-27 18:50:26,564027,991.4614
2019-10-27 18:50:27,565038,991.4614
2019-10-27 18:50:28,566041,991.4614
2019-10-27 18:50:29,567051,991.4614
2019-10-27 18:50:30,568051,991.4614
2019-10-27 18:50:31,569051,991.4614
2019-10-27 18:50:32,570038,991.4614
2019-10-27 18:50:32,571001,991.4614
2019-10-27 18:50:34,572039,991.4614
2019-10-27 18:50:35,573037,991.4614
2019-10-27 18:50:35,574002,991.4614
2019-10-27 18:50:37,575034,991.4614
2019-10-27 18:50:38,576031,991.4614
2019-10-27 18:50:39,577039,991.4614
2019-10-27 18:50:39,578021,991.4614
2019-10-27 18:50:41,579037,991.4614
2019-10-27 18:50:41,580014,991.4614
2019-10-27 18:50:43,581039,991.4614
2019-10-27 18:50:44,582042,991.4614
2019-10-27 18:50:45,583031,991.4614
2019-10-27 18:50:45,584011,991.4614
2019-10-27 18:50:47,585038,991.4614
2019-10-27 18:50:48,586038,991.4614
2019-10-27 18:50:49,587039,991.4614
2019-10-27 18:50:49,588011,991.4614
2019-10-27 18:50:50,589021,991.4614
2019-10-27 18:50:52,590039,991.4614
2019-10-27 18:50:53,591038,991.4614
2019-10-27 18:50:54,592039,991.4614
2019-10-27 18:50:55,593031,991.4614
2019-10-27 18:50:56,594032,991.4614
2019-10-27 18:50:57,595037,991.4614
2019-10-27 18:50:58,596031,991.4614
2019-10-27 18:50:59,597039,991.4614
2019-10-27 18:51:00,598040,991.4614
2019-10-27 18:51:01,599037,991.4614
2019-10-27 18:51:02,600031,991.4614
2019-10-27 18:51:03,601039,991.4614
2019-10-27 18:51:04,602030,991.4614
2019-10-27 18:51:05,603039,991.4614
2019-10-27 18:51:06,604037,991.4614
2019-10-27 18:51:07,605037,991.4614
2019-10-27 18:51:08,606027,991.4614
2019-10-27 18:51:09,607031,991.4614
2019-10-27 18:51:10,608031,991.4614
2019-10-27 18:51:11,609029,991.4614
2019-10-27 18:51:12,610031,991.4614
2019-10-27 18:51:13,611029,991.4614
2019-10-27 18:51:13,612020,991.4614
2019-10-27 18:51:15,613051,991.4614
2019-10-27 18:51:16,614038,991.4614
2019-10-27 18:51:17,615039,991.4614
2019-10-27 18:51:18,616039,991.4614
2019-10-27 18:51:19,617036,991.4614
2019-10-27 18:51:20,618037,991.4614
2019-10-27 18:51:21,619037,991.4614
2019-10-27 18:51:22,620031,991.4614
2019-10-27 18:51:23,621036,991.4614
2019-10-27 18:51:24,622039,991.4614
2019-10-27 18:51:25,623037,991.4614
2019-10-27 18:51:26,624037,991.4614
2019-10-27 18:51:27,625029,991.4614
2019-10-27 18:51:28,626029,991.4614
2019-10-27 18:51:29,627039,991.4614
2019-10-27 18:51:30,628031,991.4614
2019-10-27 18:51:31,629036,991.4614
2019-10-27 18:51:32,630037,991.4614
2019-10-27 18:51:33,631029,991.4614
2019-10-27 18:51:34,632029,991.4614
2019-10-27 18:51:35,633038,991.4614
2019-10-27 18:51:36,634038,991.4614
2019-10-27 18:51:37,635039,991.4614
2019-10-27 18:51:37,636024,991.4614
2019-10-27 18:51:39,637040,991.4614
2019-10-27 18:51:40,638036,991.4614
2019-10-27 18:51:41,639036,991.4614
2019-10-27 18:51:42,640037,991.4614
2019-10-27 18:51:42,641012,991.4614
2019-10-27 18:51:44,642037,991.4614
2019-10-27 18:51:45,643039,991.4614
2019-10-27 18:51:46,644029,991.4614
2019-10-27 18:51:47,645029,991.4614
2019-10-27 18:51:48,646031,991.4614
2019-10-27 18:51:49,647038,991.4614
2019-10-27 18:51:50,648039,991.4614
2019-10-27 18:51:50,649021,991.4614
2019-10-27 18:51:52,650039,991.4614
2019-10-27 18:51:53,651039,991.4614
2019-10-27 18:51:54,652039,991.4614
2019-10-27 18:51:54,653002,991.4614
2019-10-27 18:51:55,654024,991.4614
2019-10-27 18:51:57,655036,991.4614
2019-10-27 18:51:58,656039,991.4614
2019-10-27 18:51:59,657040,991.4614
2019-10-27 18:52:00,658039,991.4614
2019-10-27 18:52:01,659036,991.4614
2019-10-27 18:52:02,660051,991.4614
2019-10-27 18:52:03,661051,991.4614
2019-10-27 18:52:04,662041,991.4614
2019-10-27 18:52:05,663039,991.4614
2019-10-27 18:52:06,664031,991.4614
2019-10-27 18:52:07,665038,991.4614
2019-10-27 18:52:08,666038,991.4614
2019-10-27 18:52:09,667031,991.4614
2019-10-27 18:52:09,668013,991.4614
2019-10-27 18:52:11,669039,991.4614
2019-10-27 18:52:11,670015,991.4614
2019-10-27 18:52:13,671037,991.4614
2019-10-27 18:52:14,672031,991.4614
2019-10-27 18:52:15,673039,991.4614
2019-10-27 18:52:16,674038,991.4614
2019-10-27 18:52:17,675037,991.4614
2019-10-27 18:52:18,676029,991.4614
2019-10-27 18:52:19,677037,991.4614
2019-10-27 18:52:20,678036,991.4614
2019-10-27 18:52:21,679036,991.4614
2019-10-27 18:52:22,680037,991.4614
2019-10-27 18:52:23,681037,991.4614
2019-10-27 18:52:24,682031,991.4614
2019-10-27 18:52:25,683031,991.4614
2019-10-27 18:52:26,684037,991.4614
2019-10-27 18:52:27,685037,991.4614
2019-10-27 18:52:28,686040,991.4614
2019-10-27 18:52:29,687040,991.4614
2019-10-27 18:52:30,688039,991.4614
2019-10-27 18:52:31,689043,991.4614
2019-10-27 18:52:32,690037,991.4614
2019-10-27 18:52:33,691031,991.4614
2019-10-27 18:52:34,692039,991.4614
2019-10-27 18:52:35,693039,991.4614
2019-10-27 18:52:36,694036,991.4614
2019-10-27 18:52:37,695037,991.4614
2019-10-27 18:52:38,696031,991.4614
2019-10-27 18:52:39,697034,991.4614
2019-10-27 18:52:40,698038,991.4614
2019-10-27 18:52:41,699037,991.4614
2019-10-27 18:52:42,700039,991.4614
2019-10-27 18:52:43,701051,991.4614
2019-10-27 18:52:44,702041,991.4614
2019-10-27 18:52:45,703039,991.4614
2019-10-27 18:52:46,704038,991.4614
2019-10-27 18:52:47,705039,991.4614
2019-10-27 18:52:47,706021,991.4614
2019-10-27 18:52:49,707034,991.4614
2019-10-27 18:52:50,708039,991.4614
2019-10-27 18:52:51,709032,991.4614
2019-10-27 18:52:52,710039,991.4614
2019-10-27 18:52:53,711041,991.4614
2019-10-27 18:52:54,712051,991.4614
2019-10-27 18:52:54,713022,991.4614
2019-10-27 18:52:56,714031,991.4614
2019-10-27 18:52:57,715032,991.4614
2019-10-27 18:52:58,716039,991.4614
2019-10-27 18:52:59,717039,991.4614
2019-10-27 18:53:00,718040,991.4614
2019-10-27 18:53:01,719039,991.4614
2019-10-27 18:53:02,720040,991.4614
2019-10-27 18:53:03,721040,991.4614
2019-10-27 18:53:03,722015,991.4614
2019-10-27 18:53:04,723007,991.4614
2019-10-27 18:53:05,724021,991.4614
2019-10-27 18:53:07,725052,991.4614
2019-10-27 18:53:08,726037,991.4614
2019-10-27 18:53:09,727039,991.4614
2019-10-27 18:53:10,728052,991.4614
2019-10-27 18:53:10,729021,991.4614
2019-10-27 18:53:12,730039,991.4614
2019-10-27 18:53:13,731040,991.4614
2019-10-27 18:53:14,732037,991.4614
2019-10-27 18:53:14,733008,991.4614
2019-10-27 18:53:15,734011,991.4614
2019-10-27 18:53:17,735039,991.4614
2019-10-27 18:53:18,736041,991.4614
2019-10-27 18:53:19,737035,991.4614
2019-10-27 18:53:20,738037,991.4614
2019-10-27 18:53:21,739039,991.4614
2019-10-27 18:53:22,740041,991.4614
2019-10-27 18:53:23,741031,991.4614
2019-10-27 18:53:23,742021,991.4614
2019-10-27 18:53:25,743040,991.4614
2019-10-27 18:53:25,744020,991.4614
2019-10-27 18:53:26,745001,991.4614
2019-10-27 18:53:28,746040,991.4614
2019-10-27 18:53:29,747037,991.4614
2019-10-27 18:53:30,748039,991.4614
2019-10-27 18:53:30,749018,991.4614
2019-10-27 18:53:31,750022,991.4614
2019-10-27 18:53:33,751029,991.4614
2019-10-27 18:53:34,752040,991.4614
2019-10-27 18:53:35,753040,991.4614
2019-10-27 18:53:36,754039,1013.65576
2019-10-27 18:53:36,755000,1013.66406
2019-10-27 18:53:37,756000,1013.70654
2019-10-27 18:53:38,757000,1013.67334
2019-10-27 18:53:39,758001,1013.66943
2019-10-27 18:53:40,759000,1013.6704
2019-10-27 18:53:41,760000,1013.6594
2019-10-27 18:53:42,761000,1013.65063
2019-10-27 18:53:43,762000,1013.6621
2019-10-27 18:53:44,763000,1013.64307
2019-10-27 18:53:45,764001,1013.67896
2019-10-27 18:53:46,765000,1013.6665
2019-10-27 18:53:47,766000,1013.688
2019-10-27 18:53:48,767001,1013.6582
2019-10-27 18:53:49,768000,1013.6731
2019-10-27 18:53:50,769001,1013.6443
2019-10-27 18:53:51,770000,1013.6172
2019-10-27 18:53:52,771000,1013.6963
2019-10-27 18:53:53,772000,1013.6609
2019-10-27 18:53:54,773000,1013.66943
2019-10-27 18:53:55,774001,1013.64795
2019-10-27 18:53:56,775001,1013.65234
2019-10-27 18:53:57,776000,1013.7207
2019-10-27 18:53:58,777000,1013.6343
2019-10-27 18:53:59,778000,1013.6821
2019-10-27 18:54:00,779000,1013.6721
2019-10-27 18:54:01,780001,1013.65283
2019-10-27 18:54:02,781000,1013.583
2019-10-27 18:54:03,782000,1013.52637
2019-10-27 18:54:04,783000,1013.7783
2019-10-27 18:54:05,784000,1013.76587
2019-10-27 18:54:06,785001,1013.8469
2019-10-27 18:54:07,786000,1013.9888
2019-10-27 18:54:08,787000,1014.04785
2019-10-27 18:54:09,788000,1013.9756
2019-10-27 18:54:10,789001,1013.93823
2019-10-27 18:54:11,790000,1013.9739
2019-10-27 18:54:12,791001,1013.96655
2019-10-27 18:54:13,792000,1014.03613
2019-10-27 18:54:14,793000,1014.0127
2019-10-27 18:54:15,794000,1014.1846
2019-10-27 18:54:16,795001,1014.1399
2019-10-27 18:54:17,796000,1013.999
2019-10-27 18:54:18,797000,1014.17944
2019-10-27 18:54:19,798001,1013.9585
2019-10-27 18:54:20,799000,1013.8843
2019-10-27 18:54:21,800000,1013.95776
2019-10-27 18:54:22,801000,1014.24756
2019-10-27 18:54:23,802000,1014.3096
2019-10-27 18:54:24,803001,1014.1763
2019-10-27 18:54:25,804000,1014.33374
2019-10-27 18:54:26,805000,1014.5679
2019-10-27 18:54:27,806000,1014.4204
2019-10-27 18:54:28,807001,1014.28564
2019-10-27 18:54:29,808000,1014.3696
2019-10-27 18:54:30,809000,1014.5293
2019-10-27 18:54:31,810000,1014.501
2019-10-27 18:54:32,811000,1014.5078
2019-10-27 18:54:33,812001,1014.80054
2019-10-27 18:54:34,813000,1014.79565
2019-10-27 18:54:35,814000,1014.76416
2019-10-27 18:54:36,815000,1014.8513
2019-10-27 18:54:37,816000,1015.0156
2019-10-27 18:54:38,817000,1014.865
2019-10-27 18:54:39,818001,1014.6892
2019-10-27 18:54:40,819000,1014.7522
2019-10-27 18:54:41,820000,1014.8611
2019-10-27 18:54:42,821001,1014.71533
2019-10-27 18:54:43,822000,1014.5823
2019-10-27 18:54:44,823000,1014.468
2019-10-27 18:54:45,824000,1014.3425
2019-10-27 18:54:46,825001,1014.2583
2019-10-27 18:54:47,826000,1014.0669
2019-10-27 18:54:48,827000,1014.2583
2019-10-27 18:54:49,828000,1014.08594
2019-10-27 18:54:50,829000,1014.2117
2019-10-27 18:54:51,830000,1014.1345
2019-10-27 18:54:52,831001,1014.08105
2019-10-27 18:54:53,832000,1014.0488
2019-10-27 18:54:54,833000,1014.0825
2019-10-27 18:54:55,834000,1013.98193
2019-10-27 18:54:56,835001,1014.1279
2019-10-27 18:54:57,836000,1014.1177
2019-10-27 18:54:58,837000,1014.2036
2019-10-27 18:54:59,838000,1014.1384
2019-10-27 18:55:00,839001,1014.06226
2019-10-27 18:55:01,840000,1014.1511
2019-10-27 18:55:02,841000,1014.0708
2019-10-27 18:55:03,842000,1014.2556
2019-10-27 18:55:04,843001,1014.2466
2019-10-27 18:55:05,844000,1014.24194
2019-10-27 18:55:06,845000,1014.3711
2019-10-27 18:55:07,846001,1014.41284
2019-10-27 18:55:08,847000,1014.5874
2019-10-27 18:55:09,848000,1014.6426
2019-10-27 18:55:10,849001,1014.4075
2019-10-27 18:55:11,850000,1014.4248
2019-10-27 18:55:12,851000,1014.55054
2019-10-27 18:55:13,852000,1014.6001
2019-10-27 18:55:14,853001,1014.79297
2019-10-27 18:55:15,854000,1014.54004
2019-10-27 18:55:16,855000,1014.5571
2019-10-27 18:55:17,856000,1014.61206
2019-10-27 18:55:18,857000,1014.5747
2019-10-27 18:55:19,858000,1014.6033
2019-10-27 18:55:20,859001,1014.92896
2019-10-27 18:55:21,860000,1015.12476
2019-10-27 18:55:22,861001,1015.1477
2019-10-27 18:55:23,862000,1015.28687
2019-10-27 18:55:24,863000,1015.10034
2019-10-27 18:55:25,864000,1015.10205
2019-10-27 18:55:26,865000,1014.9761
2019-10-27 18:55:27,866001,1015.07227
2019-10-27 18:55:28,867000,1015.2312
2019-10-27 18:55:29,868000,1015.0232
2019-10-27 18:55:30,869000,1015.31055
2019-10-27 18:55:31,870000,1015.03906
2019-10-27 18:55:32,871001,1015.0029
2019-10-27 18:55:33,872000,1015.032
2019-10-27 18:55:34,873000,1015.00854
2019-10-27 18:55:35,874001,1014.8638
2019-10-27 18:55:36,875000,1015.0459
2019-10-27 18:55:37,876000,1015.074
2019-10-27 18:55:38,877000,1014.82837
2019-10-27 18:55:39,878001,1014.9468
2019-10-27 18:55:40,879000,1014.6919
2019-10-27 18:55:41,880000,1014.75977
2019-10-27 18:55:42,881000,1014.6836
2019-10-27 18:55:43,882000,1015.20825
2019-10-27 18:55:44,883001,1015.15625
2019-10-27 18:55:45,884000,1014.9009
2019-10-27 18:55:46,885000,1014.813
2019-10-27 18:55:47,886000,1015.0232
2019-10-27 18:55:48,887000,1014.9817
2019-10-27 18:55:49,888001,1015.0591
2019-10-27 18:55:50,889000,1014.96045
2019-10-27 18:55:51,890000,1014.9878
2019-10-27 18:55:52,891000,1015.10034
2019-10-27 18:55:53,892001,1014.88477
2019-10-27 18:55:54,893000,1015.0774
2019-10-27 18:55:55,894001,1014.9529
2019-10-27 18:55:56,895000,1015.053
2019-10-27 18:55:57,896000,1015.16064
2019-10-27 18:55:58,897000,1014.98096
2019-10-27 18:55:59,898000,1014.9492
2019-10-27 18:56:00,899001,1014.9646
2019-10-27 18:56:01,900000,1015.11597
2019-10-27 18:56:02,901000,1015.08374
2019-10-27 18:56:03,902000,1015.0586
2019-10-27 18:56:04,903000,1015.14355
2019-10-27 18:56:05,904001,1015.1887
2019-10-27 18:56:06,905000,1015.0637
2019-10-27 18:56:07,906000,1015.23364
2019-10-27 18:56:08,907001,1015.13477
2019-10-27 18:56:09,908000,1015.20166
2019-10-27 18:56:10,909000,1015.1743
2019-10-27 18:56:11,910000,1015.0481
2019-10-27 18:56:12,911001,1015.6963
2019-10-27 18:56:13,912000,1015.23
2019-10-27 18:56:14,913000,1015.24316
2019-10-27 18:56:15,914000,1015.16064
2019-10-27 18:56:16,915000,1015.08716
2019-10-27 18:56:17,916001,1014.8821
2019-10-27 18:56:18,917000,1015.25146
2019-10-27 18:56:19,918000,1015.0659
2019-10-27 18:56:20,919000,1015.1853
2019-10-27 18:56:21,920001,1015.2605
2019-10-27 18:56:22,921000,1015.32764
2019-10-27 18:56:23,922000,1015.2092
2019-10-27 18:56:24,923000,1015.0957
2019-10-27 18:56:25,924001,1015.0405
2019-10-27 18:56:26,925000,1014.9717
2019-10-27 18:56:27,926000,1015.0193
2019-10-27 18:56:28,927000,1015.0725
2019-10-27 18:56:29,928001,1015.2339
2019-10-27 18:56:30,929000,1015.14453
2019-10-27 18:56:31,930000,1015.15796
2019-10-27 18:56:32,931000,1014.9507
2019-10-27 18:56:33,932001,1014.95435
2019-10-27 18:56:34,933000,1014.81616
2019-10-27 18:56:35,934000,1014.70264
2019-10-27 18:56:36,935000,1014.6907
2019-10-27 18:56:37,936000,1014.5625
2019-10-27 18:56:38,937001,1014.51514
2019-10-27 18:56:39,938000,1014.51953
2019-10-27 18:56:40,939000,1014.4685
2019-10-27 18:56:41,940000,1015.05396
2019-10-27 18:56:42,941000,1014.48315
2019-10-27 18:56:43,942000,1014.4905
2019-10-27 18:56:44,943000,1014.6909
2019-10-27 18:56:45,944001,1014.7207
2019-10-27 18:56:46,945000,1014.60864
2019-10-27 18:56:47,946000,1014.3623
2019-10-27 18:56:48,947000,1014.636
2019-10-27 18:56:49,948001,1014.4629
2019-10-27 18:56:50,949000,1014.43726
2019-10-27 18:56:51,950000,1014.6013
2019-10-27 18:56:52,951001,1014.2744
2019-10-27 18:56:53,952000,1014.3357
2019-10-27 18:56:54,953000,1014.4541
2019-10-27 18:56:55,954000,1014.52075
2019-10-27 18:56:56,955000,1014.4866
2019-10-27 18:56:57,956001,1014.3977
2019-10-27 18:56:58,957001,1014.39624
2019-10-27 18:56:59,958000,1014.2566
2019-10-27 18:57:00,959001,1014.4114
2019-10-27 18:57:01,960000,1014.43066
2019-10-27 18:57:02,961000,1014.5288
2019-10-27 18:57:03,962000,1014.52075
2019-10-27 18:57:04,963001,1014.4707
2019-10-27 18:57:05,964000,1014.5154
2019-10-27 18:57:06,965000,1014.4121
2019-10-27 18:57:07,966000,1014.4885
2019-10-27 18:57:08,967001,1014.47437
2019-10-27 18:57:09,968000,1014.5117
2019-10-27 18:57:10,969000,1014.51416
2019-10-27 18:57:11,970000,1014.53174
2019-10-27 18:57:12,971003,1014.5149
2019-10-27 18:57:13,972000,1014.47
2019-10-27 18:57:14,973000,1014.4641
2019-10-27 18:57:15,974000,1014.5205
2019-10-27 18:57:16,975001,1014.489
2019-10-27 18:57:17,976001,1014.47534
2019-10-27 18:57:18,977000,1014.45435
2019-10-27 18:57:19,978000,1014.45215
2019-10-27 18:57:20,979000,1014.48193
2019-10-27 18:57:21,980000,1014.60205
2019-10-27 18:57:22,981000,1014.58154
2019-10-27 18:57:23,982000,1014.3313
2019-10-27 18:57:24,983000,1014.7295
2019-10-27 18:57:25,984000,1014.5176
2019-10-27 18:57:26,985000,1014.5305
2019-10-27 18:57:27,986000,1014.7212
2019-10-27 18:57:28,987001,1014.68506
2019-10-27 18:57:29,988000,1014.8877
2019-10-27 18:57:30,989000,1014.70605
2019-10-27 18:57:31,990000,1014.82886
2019-10-27 18:57:32,991001,1014.82666
2019-10-27 18:57:33,992000,1014.81616
2019-10-27 18:57:34,993000,1014.8618
2019-10-27 18:57:35,994001,1014.91406
2019-10-27 18:57:36,995000,1015.24194
2019-10-27 18:57:37,996000,1014.9563
2019-10-27 18:57:38,997001,1014.8008
2019-10-27 18:57:39,998000,1014.97754
2019-10-27 18:57:40,999000,1014.6909
2019-10-27 18:57:41,1000000,1014.79346
2019-10-27 18:57:42,1001000,1014.6575
2019-10-27 18:57:43,1002001,1015.03955
2019-10-27 18:57:44,1003000,1014.80396
2019-10-27 18:57:45,1004000,1014.9717
2019-10-27 18:57:46,1005000,1014.6655
2019-10-27 18:57:47,1006001,1014.71606
2019-10-27 18:57:48,1007000,1014.6011
2019-10-27 18:57:49,1008000,1014.65283
2019-10-27 18:57:50,1009000,1014.68384
2019-10-27 18:57:51,1010000,1014.90625
2019-10-27 18:57:52,1011001,1014.74414
2019-10-27 18:57:53,1012000,1014.7356
2019-10-27 18:57:54,1013000,1014.7097
2019-10-27 18:57:55,1014000,1014.6926
2019-10-27 18:57:56,1015001,1014.59546
2019-10-27 18:57:57,1016000,1014.614
2019-10-27 18:57:58,1017000,1014.61475
2019-10-27 18:57:59,1018000,1014.54395
2019-10-27 18:58:00,1019001,1014.59546
2019-10-27 18:58:01,1020000,1014.6465
2019-10-27 18:58:02,1021000,1014.583
2019-10-27 18:58:03,1022001,1014.62256
2019-10-27 18:58:04,1023000,1014.6189
2019-10-27 18:58:05,1024000,1014.6438
2019-10-27 18:58:06,1025000,1014.573
2019-10-27 18:58:07,1026000,1014.63306
2019-10-27 18:58:08,1027001,1014.6406
2019-10-27 18:58:09,1028000,1014.5842
2019-10-27 18:58:10,1029000,1014.6006
2019-10-27 18:58:11,1030000,1014.6023
2019-10-27 18:58:12,1031000,1014.58716
2019-10-27 18:58:13,1032001,1014.6062
2019-10-27 18:58:14,1033000,1014.5906
2019-10-27 18:58:15,1034000,1014.6301
2019-10-27 18:58:16,1035000,1014.5796
2019-10-27 18:58:17,1036000,1014.60254
2019-10-27 18:58:18,1037001,1014.6035
2019-10-27 18:58:19,1038000,1014.646
2019-10-27 18:58:20,1039000,1014.6372
2019-10-27 18:58:21,1040001,1014.6411
2019-10-27 18:58:22,1041001,1014.59644
2019-10-27 18:58:23,1042000,1014.6272
2019-10-27 18:58:24,1043000,1014.5989
2019-10-27 18:58:25,1044000,1014.6211
2019-10-27 18:58:26,1045001,1014.6023
2019-10-27 18:58:27,1046000,1014.6387
2019-10-27 18:58:28,1047000,1014.5945
2019-10-27 18:58:29,1048000,1014.6362
2019-10-27 18:58:30,1049000,1014.6128
2019-10-27 18:58:31,1050001,1014.6189
2019-10-27 18:58:32,1051000,1014.6382
2019-10-27 18:58:33,1052000,1014.57153
2019-10-27 18:58:34,1053000,1014.6057
2019-10-27 18:58:35,1054001,1014.57935
2019-10-27 18:58:36,1055000,1014.5979
2019-10-27 18:58:37,1056000,1014.60425
2019-10-27 18:58:38,1057001,1014.6538
2019-10-27 18:58:39,1058000,1014.5842
2019-10-27 18:58:40,1059000,1014.5989
2019-10-27 18:58:41,1060000,1014.6238
2019-10-27 18:58:42,1061000,1014.6111
2019-10-27 18:58:43,1062000,1014.6094
2019-10-27 18:58:44,1063000,1014.6282
2019-10-27 18:58:45,1064000,1014.64453
2019-10-27 18:58:46,1065000,1014.63916
2019-10-27 18:58:47,1066001,1014.6189
2019-10-27 18:58:48,1067000,1014.6111
2019-10-27 18:58:49,1068000,1014.5967
2019-10-27 18:58:50,1069000,1014.6067
2019-10-27 18:58:51,1070000,1014.6018
2019-10-27 18:58:52,1071001,1014.6592
2019-10-27 18:58:53,1072000,1014.5996
2019-10-27 18:58:54,1073000,1014.61523
2019-10-27 18:58:55,1074001,1014.572
2019-10-27 18:58:56,1075000,1014.58374
2019-10-27 18:58:57,1076000,1014.6128
2019-10-27 18:58:58,1077000,1014.5676
2019-10-27 18:58:59,1078001,1014.6299
2019-10-27 18:59:00,1079000,1014.595
2019-10-27 18:59:01,1080000,1014.6719
2019-10-27 18:59:02,1081000,1014.6638
2019-10-27 18:59:03,1082000,1014.5835
2019-10-27 18:59:04,1083001,1014.69556
2019-10-27 18:59:05,1084000,1014.59375
2019-10-27 18:59:06,1085000,1014.6299
2019-10-27 18:59:07,1086001,1014.5886
2019-10-27 18:59:08,1087000,1014.603
2019-10-27 18:59:09,1088000,1014.6018
2019-10-27 18:59:10,1089000,1014.7175
2019-10-27 18:59:11,1090000,1014.6089
2019-10-27 18:59:12,1091001,1014.57104
2019-10-27 18:59:13,1092000,1014.66797
2019-10-27 18:59:14,1093000,1014.6123
2019-10-27 18:59:15,1094000,1014.55273
2019-10-27 18:59:16,1095000,1014.67236
2019-10-27 18:59:17,1096001,1014.57275
2019-10-27 18:59:18,1097000,1014.6362
2019-10-27 18:59:19,1098000,1014.5408
2019-10-27 18:59:20,1099000,1014.6096
2019-10-27 18:59:21,1100001,1014.6006
2019-10-27 18:59:22,1101000,1014.63306
2019-10-27 18:59:23,1102000,1014.63477
2019-10-27 18:59:24,1103000,1014.6477
2019-10-27 18:59:25,1104001,1014.6184
2019-10-27 18:59:26,1105000,1014.6294
2019-10-27 18:59:27,1106001,1014.594
2019-10-27 18:59:28,1107000,1014.6301
2019-10-27 18:59:29,1108000,1014.6614
2019-10-27 18:59:30,1109000,1014.76807
2019-10-27 18:59:31,1110000,1014.65234
2019-10-27 18:59:32,1111001,1014.7207
2019-10-27 18:59:33,1112000,1014.8286
2019-10-27 18:59:34,1113000,1014.72437
2019-10-27 18:59:35,1114001,1014.8762
2019-10-27 18:59:36,1115000,1014.9192
2019-10-27 18:59:37,1116000,1014.7571
2019-10-27 18:59:38,1117000,1014.63306
2019-10-27 18:59:39,1118000,1014.51245
2019-10-27 18:59:40,1119001,1014.8806
2019-10-27 18:59:41,1120000,1014.82837
2019-10-27 18:59:42,1121000,1014.88306
2019-10-27 18:59:43,1122000,1015.0115
2019-10-27 18:59:44,1123001,1014.94507
2019-10-27 18:59:45,1124000,1014.72705
2019-10-27 18:59:46,1125000,1014.79517
2019-10-27 18:59:47,1126000,1014.8091
2019-10-27 18:59:48,1127001,1014.9492
2019-10-27 18:59:49,1128000,1015.0669
2019-10-27 18:59:50,1129000,1014.98926
2019-10-27 18:59:51,1130000,1015.17944
2019-10-27 18:59:52,1131000,1015.0879
2019-10-27 18:59:53,1132000,1015.5847
2019-10-27 18:59:54,1133001,1015.0244
2019-10-27 18:59:55,1134000,1015.12524
2019-10-27 18:59:56,1135000,1015.2256
2019-10-27 18:59:57,1136000,1015.40186
2019-10-27 18:59:58,1137001,1015.343
2019-10-27 18:59:59,1138001,1014.947
2019-10-27 19:00:00,1139000,1015.1782
2019-10-27 19:00:01,1140000,1015.14233
2019-10-27 19:00:02,1141000,1015.1875
2019-10-27 19:00:03,1142000,1015.1011
2019-10-27 19:00:04,1143001,1015.0686
2019-10-27 19:00:05,1144000,1015.3386
2019-10-27 19:00:06,1145000,1015.1858
2019-10-27 19:00:07,1146000,1015.2175
2019-10-27 19:00:08,1147000,1015.02856
2019-10-27 19:00:09,1148000,1015.1721
2019-10-27 19:00:10,1149004,1015.2859
2019-10-27 19:00:11,1150000,1015.3696
2019-10-27 19:00:12,1151001,1015.1636
2019-10-27 19:00:13,1152000,1015.29297
2019-10-27 19:00:14,1153000,1015.531
2019-10-27 19:00:15,1154000,1015.55664
2019-10-27 19:00:16,1155001,1015.3545
2019-10-27 19:00:17,1156000,1015.2893
2019-10-27 19:00:18,1157000,1015.36865
2019-10-27 19:00:19,1158001,1015.22754
2019-10-27 19:00:20,1159000,1015.3633
2019-10-27 19:00:21,1160000,1015.0874
2019-10-27 19:00:22,1161000,1015.4868
2019-10-27 19:00:23,1162001,1015.6162
2019-10-27 19:00:24,1163000,1015.6492
2019-10-27 19:00:25,1164000,1015.66797
2019-10-27 19:00:26,1165000,1015.8779
2019-10-27 19:00:27,1166000,1015.44434
2019-10-27 19:00:28,1167001,1015.397
2019-10-27 19:00:29,1168000,1015.8601
2019-10-27 19:00:30,1169000,1015.3069
2019-10-27 19:00:31,1170001,1015.7334
2019-10-27 19:00:32,1171000,1015.5386
2019-10-27 19:00:33,1172000,1015.54297
2019-10-27 19:00:34,1173001,1015.68506
2019-10-27 19:00:35,1174000,1015.6201
2019-10-27 19:00:36,1175000,1015.5393
2019-10-27 19:00:37,1176000,1015.5376
2019-10-27 19:00:38,1177001,1015.6135
2019-10-27 19:00:39,1178000,1015.65063
2019-10-27 19:00:40,1179000,1015.4824
2019-10-27 19:00:41,1180000,1015.7671
2019-10-27 19:00:42,1181000,1015.3799
2019-10-27 19:00:43,1182001,1015.45435
2019-10-27 19:00:44,1183000,1015.56396
2019-10-27 19:00:45,1184000,1015.63306
2019-10-27 19:00:46,1185000,1015.3933
2019-10-27 19:00:47,1186001,1015.4595
2019-10-27 19:00:48,1187000,1015.8152
2019-10-27 19:00:49,1188000,1015.4551
2019-10-27 19:00:50,1189000,1015.4763
2019-10-27 19:00:51,1190001,1015.5442
2019-10-27 19:00:52,1191000,1015.386
2019-10-27 19:00:53,1192000,1015.3948
2019-10-27 19:00:54,1193000,1015.3623
2019-10-27 19:00:55,1194000,1015.3889
2019-10-27 19:00:56,1195001,1015.6406
2019-10-27 19:00:57,1196000,1015.4807
2019-10-27 19:00:58,1197000,1015.47754
2019-10-27 19:00:59,1198000,1015.6826
2019-10-27 19:01:00,1199000,1015.80054
2019-10-27 19:01:01,1200000,1015.7517
2019-10-27 19:01:02,1201001,1015.9346
2019-10-27 19:01:03,1202000,1016.0359
2019-10-27 19:01:04,1203000,1015.7842
2019-10-27 19:01:05,1204000,1015.7815
2019-10-27 19:01:06,1205000,1015.7822
2019-10-27 19:01:07,1206000,1015.9824
2019-10-27 19:01:08,1207001,1016.0078
2019-10-27 19:01:09,1208000,1016.2361
2019-10-27 19:01:10,1209000,1015.94946
2019-10-27 19:01:11,1210000,1016.45386
2019-10-27 19:01:12,1211000,1016.2915
2019-10-27 19:01:13,1212000,1016.4673
2019-10-27 19:01:14,1213001,1015.8801
2019-10-27 19:01:15,1214000,1016.3618
2019-10-27 19:01:16,1215000,1016.51514
2019-10-27 19:01:17,1216001,1016.4353
2019-10-27 19:01:18,1217000,1016.3716
2019-10-27 19:01:19,1218000,1016.1001
2019-10-27 19:01:20,1219000,1016.2593
2019-10-27 19:01:21,1220000,1016.3125
2019-10-27 19:01:22,1221001,1016.0139
2019-10-27 19:01:23,1222000,1016.27515
2019-10-27 19:01:24,1223001,1016.22534
2019-10-27 19:01:25,1224000,1016.18604
2019-10-27 19:01:26,1225000,1016.02734
2019-10-27 19:01:27,1226000,1016.07153
2019-10-27 19:01:28,1227001,1015.89624
2019-10-27 19:01:29,1228001,1015.532
2019-10-27 19:01:30,1229000,1015.6604
2019-10-27 19:01:31,1230000,1015.74146
2019-10-27 19:01:32,1231000,1015.52856
2019-10-27 19:01:33,1232000,1015.38916
2019-10-27 19:01:34,1233001,1015.417
2019-10-27 19:01:35,1234000,1015.6067
2019-10-27 19:01:36,1235000,1015.4148
2019-10-27 19:01:37,1236000,1015.0542
2019-10-27 19:01:38,1237001,1015.2283
2019-10-27 19:01:39,1238000,1015.5
2019-10-27 19:01:40,1239000,1015.3379
2019-10-27 19:01:41,1240001,1015.3623
2019-10-27 19:01:42,1241000,1015.0581
2019-10-27 19:01:43,1242001,1015.4475
2019-10-27 19:01:44,1243000,1015.4404
2019-10-27 19:01:45,1244001,1015.4248
2019-10-27 19:01:46,1245000,1015.1504
2019-10-27 19:01:47,1246000,1015.64966
2019-10-27 19:01:48,1247000,1015.5232
2019-10-27 19:01:49,1248001,1015.1362
2019-10-27 19:01:50,1249000,1015.76733
2019-10-27 19:01:51,1250000,1015.1504
2019-10-27 19:01:52,1251000,1015.27637
2019-10-27 19:01:53,1252001,1015.20776
2019-10-27 19:01:54,1253000,1015.1963
2019-10-27 19:01:55,1254000,1015.54565
2019-10-27 19:01:56,1255000,1015.3738
2019-10-27 19:01:57,1256000,1015.2959
2019-10-27 19:01:58,1257001,1015.32227
2019-10-27 19:01:59,1258000,1015.18066
2019-10-27 19:02:00,1259000,1015.27954
2019-10-27 19:02:01,1260000,1015.19824
2019-10-27 19:02:02,1261001,1015.2468
2019-10-27 19:02:03,1262000,1015.27466
2019-10-27 19:02:04,1263000,1015.31323
2019-10-27 19:02:05,1264000,1015.16284
2019-10-27 19:02:06,1265001,1015.05054
2019-10-27 19:02:07,1266000,1015.1775
2019-10-27 19:02:08,1267000,1015.08057
2019-10-27 19:02:09,1268000,1014.98096
2019-10-27 19:02:10,1269000,1015.10376
2019-10-27 19:02:11,1270001,1014.96924
2019-10-27 19:02:12,1271000,1014.958
2019-10-27 19:02:13,1272000,1014.822
2019-10-27 19:02:14,1273001,1014.989
2019-10-27 19:02:15,1274000,1014.9407
2019-10-27 19:02:16,1275000,1014.88916
2019-10-27 19:02:17,1276001,1014.8992
2019-10-27 19:02:18,1277000,1014.87476
2019-10-27 19:02:19,1278000,1014.9453
2019-10-27 19:02:20,1279000,1014.9031
2019-10-27 19:02:21,1280000,1014.886
2019-10-27 19:02:22,1281001,1014.8628
2019-10-27 19:02:23,1282000,1014.87476
2019-10-27 19:02:24,1283000,1014.89136
2019-10-27 19:02:25,1284000,1014.8972
2019-10-27 19:02:26,1285001,1014.8042
2019-10-27 19:02:27,1286000,1014.7903
2019-10-27 19:02:28,1287000,1014.7954
2019-10-27 19:02:29,1288000,1014.978
2019-10-27 19:02:30,1289001,1014.85474
2019-10-27 19:02:31,1290000,1014.8811
2019-10-27 19:02:32,1291000,1015.03784
2019-10-27 19:02:33,1292000,1014.96436
2019-10-27 19:02:34,1293000,1015.0459
2019-10-27 19:02:35,1294000,1014.99634
2019-10-27 19:02:36,1295001,1015.03735
2019-10-27 19:02:37,1296000,1014.969
2019-10-27 19:02:38,1297000,1015.1809
2019-10-27 19:02:39,1298000,1015.0117
2019-10-27 19:02:40,1299001,1015.03784
2019-10-27 19:02:41,1300000,1015.4385
2019-10-27 19:02:42,1301000,1015.2466
2019-10-27 19:02:43,1302001,1015.25195
2019-10-27 19:02:44,1303000,1015.3323
2019-10-27 19:02:45,1304000,1015.57935
2019-10-27 19:02:46,1305000,1015.37915
2019-10-27 19:02:47,1306001,1015.26587
2019-10-27 19:02:48,1307000,1015.45483
2019-10-27 19:02:49,1308000,1015.49243
2019-10-27 19:02:50,1309001,1015.3032
2019-10-27 19:02:51,1310000,1015.53467
2019-10-27 19:02:52,1311000,1015.3196
2019-10-27 19:02:53,1312000,1015.228
2019-10-27 19:02:54,1313000,1015.4971
2019-10-27 19:02:55,1314000,1015.4082
2019-10-27 19:02:56,1315001,1014.9863
2019-10-27 19:02:57,1316000,1015.0874
2019-10-27 19:02:58,1317000,1015.1079
2019-10-27 19:02:59,1318000,1015.24243
2019-10-27 19:03:00,1319002,1015.2207
2019-10-27 19:03:01,1320000,1015.03516
2019-10-27 19:03:02,1321000,1014.8452
2019-10-27 19:03:03,1322000,1015.0801
2019-10-27 19:03:04,1323000,1015.6245
2019-10-27 19:03:05,1324001,1015.5681
2019-10-27 19:03:06,1325000,1015.5239
2019-10-27 19:03:07,1326000,1015.5674
2019-10-27 19:03:08,1327000,1015.23193
2019-10-27 19:03:09,1328001,1015.06665
2019-10-27 19:03:10,1329001,1015.2151
2019-10-27 19:03:11,1330000,1015.3789
2019-10-27 19:03:12,1331000,1015.28296
2019-10-27 19:03:13,1332000,1015.2617
2019-10-27 19:03:14,1333000,1015.1577
2019-10-27 19:03:15,1334001,1015.2449
2019-10-27 19:03:16,1335000,1015.22656
2019-10-27 19:03:17,1336000,1015.27563
2019-10-27 19:03:18,1337000,1015.187
2019-10-27 19:03:19,1338001,1015.21436
2019-10-27 19:03:20,1339000,1015.23315
2019-10-27 19:03:21,1340000,1015.23145
2019-10-27 19:03:22,1341000,1015.2295
2019-10-27 19:03:23,1342000,1015.2429
2019-10-27 19:03:24,1343001,1015.29517
2019-10-27 19:03:25,1344000,1015.2263
2019-10-27 19:03:26,1345001,1015.33545
2019-10-27 19:03:27,1346000,1015.3635
2019-10-27 19:03:28,1347000,1015.2661
2019-10-27 19:03:29,1348000,1015.4346
2019-10-27 19:03:30,1349000,1015.4785
2019-10-27 19:03:31,1350001,1015.4807
2019-10-27 19:03:32,1351000,1015.5012
2019-10-27 19:03:33,1352000,1015.4509
2019-10-27 19:03:34,1353000,1015.4812
2019-10-27 19:03:35,1354000,1015.8645
2019-10-27 19:03:36,1355001,1015.33765
2019-10-27 19:03:37,1356000,1015.7578
2019-10-27 19:03:38,1357008,1015.3374
2019-10-27 19:03:39,1358001,1015.2202
2019-10-27 19:03:40,1359000,1015.24854
2019-10-27 19:03:41,1360001,1015.2908
2019-10-27 19:03:42,1361000,1015.31885
2019-10-27 19:03:43,1362000,1015.30493
2019-10-27 19:03:44,1363000,1015.62085
2019-10-27 19:03:45,1364001,1015.3342
2019-10-27 19:03:46,1365000,1015.3804
2019-10-27 19:03:47,1366000,1015.3679
2019-10-27 19:03:48,1367000,1015.3296
2019-10-27 19:03:49,1368000,1015.3589
2019-10-27 19:03:50,1369001,1015.3098
2019-10-27 19:03:51,1370000,1015.3362
2019-10-27 19:03:52,1371000,1015.301
2019-10-27 19:03:53,1372000,1015.2427
2019-10-27 19:03:54,1373000,1015.2798
2019-10-27 19:03:55,1374001,1015.2822
2019-10-27 19:03:56,1375000,1015.282
2019-10-27 19:03:57,1376000,1015.2031
2019-10-27 19:03:58,1377001,1015.2959
2019-10-27 19:03:59,1378000,1015.2151
2019-10-27 19:04:00,1379000,1015.23804
2019-10-27 19:04:01,1380000,1015.3059
2019-10-27 19:04:02,1381000,1015.2163
2019-10-27 19:04:03,1382000,1015.2241
2019-10-27 19:04:04,1383001,1015.2185
2019-10-27 19:04:05,1384000,1015.26465
2019-10-27 19:04:06,1385000,1015.20654
2019-10-27 19:04:07,1386000,1015.249
2019-10-27 19:04:08,1387000,1015.3169
2019-10-27 19:04:09,1388000,1015.25146
2019-10-27 19:04:10,1389001,1015.3076
2019-10-27 19:04:11,1390000,1015.23145
2019-10-27 19:04:12,1391000,1015.22266
2019-10-27 19:04:13,1392000,1015.18335
2019-10-27 19:04:14,1393000,1015.1919
2019-10-27 19:04:15,1394001,1015.28955
2019-10-27 19:04:16,1395000,1015.32983
2019-10-27 19:04:17,1396000,1015.21436
2019-10-27 19:04:18,1397000,1015.2278
2019-10-27 19:04:19,1398000,1015.2224
2019-10-27 19:04:20,1399000,1015.2302
2019-10-27 19:04:21,1400000,1015.2405
2019-10-27 19:04:22,1401000,1015.27246
2019-10-27 19:04:23,1402000,1015.2388
2019-10-27 19:04:24,1403000,1015.229
2019-10-27 19:04:25,1404000,1015.2019
2019-10-27 19:04:26,1405000,1015.2771
2019-10-27 19:04:27,1406000,1015.2776
2019-10-27 19:04:28,1407000,1015.2825
2019-10-27 19:04:29,1408000,1015.2129
2019-10-27 19:04:30,1409000,1015.2219
2019-10-27 19:04:31,1410000,1015.2732
2019-10-27 19:04:32,1411000,1015.301
2019-10-27 19:04:33,1412001,1015.2324
2019-10-27 19:04:34,1413000,1015.2466
2019-10-27 19:04:35,1414000,1015.24023
2019-10-27 19:04:36,1415000,1015.2285
2019-10-27 19:04:37,1416000,1015.3196
2019-10-27 19:04:38,1417000,1015.21826
2019-10-27 19:04:39,1418000,1015.1907
2019-10-27 19:04:40,1419000,1015.303
2019-10-27 19:04:41,1420001,1015.2505
2019-10-27 19:04:42,1421000,1015.24585
2019-10-27 19:04:43,1422000,1015.3086
2019-10-27 19:04:44,1423000,1015.2615
2019-10-27 19:04:45,1424000,1015.27856
2019-10-27 19:04:46,1425000,1015.28955
2019-10-27 19:04:47,1426000,1015.23145
2019-10-27 19:04:48,1427001,1015.2273
2019-10-27 19:04:49,1428000,1015.2185
2019-10-27 19:04:50,1429000,1015.24365
2019-10-27 19:04:51,1430000,1015.27686
2019-10-27 19:04:52,1431000,1015.22876
2019-10-27 19:04:53,1432000,1015.2737
2019-10-27 19:04:54,1433000,1015.22217
2019-10-27 19:04:55,1434001,1015.25903
2019-10-27 19:04:56,1435000,1015.2449
2019-10-27 19:04:57,1436000,1015.29736
2019-10-27 19:04:58,1437000,1015.27344
2019-10-27 19:04:59,1438000,1015.2427
2019-10-27 19:05:00,1439001,1015.1924
2019-10-27 19:05:01,1440000,1015.2378
2019-10-27 19:05:02,1441000,1015.28174
2019-10-27 19:05:03,1442000,1015.2114
2019-10-27 19:05:04,1443000,1015.27686
2019-10-27 19:05:05,1444000,1015.25
2019-10-27 19:05:06,1445000,1015.25244
2019-10-27 19:05:07,1446000,1015.239
2019-10-27 19:05:08,1447000,1015.23096
2019-10-27 19:05:09,1448000,1015.22974
2019-10-27 19:05:10,1449000,1015.2024
2019-10-27 19:05:11,1450000,1015.2019
2019-10-27 19:05:12,1451000,1015.2173
2019-10-27 19:05:13,1452000,1015.40405
2019-10-27 19:05:14,1453000,1015.3076
2019-10-27 19:05:15,1454001,1015.2456
2019-10-27 19:05:16,1455000,1015.36084
2019-10-27 19:05:17,1456000,1015.12085
2019-10-27 19:05:18,1457000,1015.2949
2019-10-27 19:05:19,1458000,1015.2949
2019-10-27 19:05:20,1459000,1015.4387
2019-10-27 19:05:21,1460000,1015.4114
2019-10-27 19:05:22,1461001,1015.3721
2019-10-27 19:05:23,1462000,1015.3457
2019-10-27 19:05:24,1463000,1015.4475
2019-10-27 19:05:25,1464000,1015.5442
2019-10-27 19:05:26,1465000,1015.55444
2019-10-27 19:05:27,1466000,1015.28467
2019-10-27 19:05:28,1467000,1015.50684
2019-10-27 19:05:29,1468001,1015.52686
2019-10-27 19:05:30,1469000,1015.55444
2019-10-27 19:05:31,1470000,1015.51196
2019-10-27 19:05:32,1471000,1015.39526
2019-10-27 19:05:33,1472000,1015.3967
2019-10-27 19:05:34,1473000,1015.4885
2019-10-27 19:05:35,1474001,1015.5408
2019-10-27 19:05:36,1475000,1015.2947
2019-10-27 19:05:37,1476000,1015.46484
2019-10-27 19:05:38,1477000,1015.37744
2019-10-27 19:05:39,1478000,1015.27637
2019-10-27 19:05:40,1479000,1015.28564
2019-10-27 19:05:41,1480000,1015.3264
2019-10-27 19:05:42,1481000,1015.2905
2019-10-27 19:05:43,1482001,1015.28564
2019-10-27 19:05:44,1483000,1015.3479
2019-10-27 19:05:45,1484000,1015.25366
2019-10-27 19:05:46,1485000,1015.31445
2019-10-27 19:05:47,1486000,1015.2583
2019-10-27 19:05:48,1487000,1015.2991
2019-10-27 19:05:49,1488000,1015.2527
2019-10-27 19:05:50,1489001,1015.36816
2019-10-27 19:05:51,1490000,1015.3391
2019-10-27 19:05:52,1491000,1015.35864
2019-10-27 19:05:53,1492000,1015.29004
2019-10-27 19:05:54,1493000,1015.34424
2019-10-27 19:05:55,1494000,1015.27295
2019-10-27 19:05:56,1495000,1015.30347
2019-10-27 19:05:57,1496001,1015.2461
2019-10-27 19:05:58,1497000,1015.3721
2019-10-27 19:05:59,1498000,1015.2832
2019-10-27 19:06:00,1499000,1015.3076
2019-10-27 19:06:01,1500001,1015.385
2019-10-27 19:06:02,1501000,1015.51074
2019-10-27 19:06:03,1502000,1015.5083
2019-10-27 19:06:04,1503000,1015.2107
2019-10-27 19:06:05,1504000,1015.7615
2019-10-27 19:06:06,1505000,1015.72974
2019-10-27 19:06:07,1506001,1015.39404
2019-10-27 19:06:08,1507000,1015.65234
2019-10-27 19:06:09,1508000,1015.438
2019-10-27 19:06:10,1509000,1015.3677
2019-10-27 19:06:11,1510000,1015.541
2019-10-27 19:06:12,1511001,1015.5464
2019-10-27 19:06:13,1512000,1015.6377
2019-10-27 19:06:14,1513000,1015.41675
2019-10-27 19:06:15,1514000,1015.5825
2019-10-27 19:06:16,1515000,1015.354
2019-10-27 19:06:17,1516000,1015.43726
2019-10-27 19:06:18,1517000,1015.2969
2019-10-27 19:06:19,1518001,1015.3008
2019-10-27 19:06:20,1519000,1015.47363
2019-10-27 19:06:21,1520000,1015.05664
2019-10-27 19:06:22,1521000,1015.20166
2019-10-27 19:06:23,1522000,1015.0027
2019-10-27 19:06:24,1523000,1015.01807
2019-10-27 19:06:25,1524000,1014.65576
2019-10-27 19:06:26,1525001,1014.8071
2019-10-27 19:06:27,1526000,1014.83984
2019-10-27 19:06:28,1527000,1014.6272
2019-10-27 19:06:29,1528000,1014.66846
2019-10-27 19:06:30,1529000,1015.03687
2019-10-27 19:06:31,1530000,1014.68896
2019-10-27 19:06:32,1531000,1014.9636
2019-10-27 19:06:33,1532001,1015.1736
2019-10-27 19:06:34,1533000,1015.0725
2019-10-27 19:06:35,1534000,1015.0408
2019-10-27 19:06:36,1535000,1015.0569
2019-10-27 19:06:37,1536001,1015.19604
2019-10-27 19:06:38,1537000,1015.06665
2019-10-27 19:06:39,1538000,1015.0166
2019-10-27 19:06:40,1539000,1015.125
2019-10-27 19:06:41,1540000,1015.15015
2019-10-27 19:06:42,1541000,1015.1443
2019-10-27 19:06:43,1542000,1015.1443
2019-10-27 19:06:44,1543000,1015.2373
2019-10-27 19:06:45,1544001,1014.88086
2019-10-27 19:06:46,1545000,1015.38354
2019-10-27 19:06:47,1546000,1015.0364
2019-10-27 19:06:48,1547000,1015.16846
2019-10-27 19:06:49,1548000,1015.0034
2019-10-27 19:06:50,1549000,1015.25073
2019-10-27 19:06:51,1550000,1015.12646
2019-10-27 19:06:52,1551000,1014.9883
2019-10-27 19:06:53,1552000,1015.2273
2019-10-27 19:06:54,1553000,1014.66016
2019-10-27 19:06:55,1554000,1015.2202
2019-10-27 19:06:56,1555000,1014.81274
2019-10-27 19:06:57,1556001,1014.7346
2019-10-27 19:06:58,1557000,1014.9321
2019-10-27 19:06:59,1558000,1014.7307
2019-10-27 19:07:00,1559000,1014.60474
2019-10-27 19:07:01,1560000,1014.4761
2019-10-27 19:07:02,1561000,1014.66187
2019-10-27 19:07:03,1562000,1014.6853
2019-10-27 19:07:04,1563001,1014.56665
2019-10-27 19:07:05,1564000,1014.67725
2019-10-27 19:07:06,1565000,1014.4175
2019-10-27 19:07:07,1566000,1014.7959
2019-10-27 19:07:08,1567000,1014.6294
2019-10-27 19:07:09,1568000,1014.8198
2019-10-27 19:07:10,1569000,1014.5945
2019-10-27 19:07:11,1570001,1014.60547
2019-10-27 19:07:12,1571000,1014.32666
2019-10-27 19:07:13,1572000,1014.5354
2019-10-27 19:07:14,1573000,1014.75024
2019-10-27 19:07:15,1574000,1014.9905
2019-10-27 19:07:16,1575000,1014.95703
2019-10-27 19:07:17,1576000,1015.09717
2019-10-27 19:07:18,1577001,1014.9885
2019-10-27 19:07:19,1578000,1015.16235
2019-10-27 19:07:20,1579000,1015.0532
2019-10-27 19:07:21,1580000,1015.22266
2019-10-27 19:07:22,1581000,1014.60376
2019-10-27 19:07:23,1582000,1014.94385
2019-10-27 19:07:24,1583000,1014.90283
2019-10-27 19:07:25,1584001,1014.8125
2019-10-27 19:07:26,1585000,1014.9016
2019-10-27 19:07:27,1586000,1015.1138
2019-10-27 19:07:28,1587000,1015.3071
2019-10-27 19:07:29,1588000,1015.93604
2019-10-27 19:07:30,1589000,1015.12744
2019-10-27 19:07:31,1590000,1015.3013
2019-10-27 19:07:32,1591001,1015.3948
2019-10-27 19:07:33,1592000,1015.04614
2019-10-27 19:07:34,1593000,1015.03125
2019-10-27 19:07:35,1594000,1015.12915
2019-10-27 19:07:36,1595000,1015.2744
2019-10-27 19:07:37,1596001,1015.2969
2019-10-27 19:07:38,1597000,1015.438
2019-10-27 19:07:39,1598000,1015.43896
2019-10-27 19:07:40,1599000,1015.4741
2019-10-27 19:07:41,1600000,1015.0945
2019-10-27 19:07:42,1601000,1014.8989
2019-10-27 19:07:43,1602000,1015.2683
2019-10-27 19:07:44,1603000,1015.6223
2019-10-27 19:07:45,1604001,1015.34033
2019-10-27 19:07:46,1605000,1015.2976
2019-10-27 19:07:47,1606000,1015.095
2019-10-27 19:07:48,1607000,1015.16626
2019-10-27 19:07:49,1608000,1015.06323
2019-10-27 19:07:50,1609000,1015.14966
2019-10-27 19:07:51,1610000,1015.1504
2019-10-27 19:07:52,1611001,1015.18286
2019-10-27 19:07:53,1612000,1015.0635
2019-10-27 19:07:54,1613000,1015.1372
2019-10-27 19:07:55,1614000,1015.09644
2019-10-27 19:07:56,1615000,1015.06274
2019-10-27 19:07:57,1616000,1015.10205
2019-10-27 19:07:58,1617000,1015.09326
2019-10-27 19:07:59,1618001,1015.0906
2019-10-27 19:08:00,1619000,1015.1106
2019-10-27 19:08:01,1620000,1015.11255
2019-10-27 19:08:02,1621000,1015.05176
2019-10-27 19:08:03,1622000,1015.09985
2019-10-27 19:08:04,1623001,1015.1155
2019-10-27 19:08:05,1624000,1015.0984
2019-10-27 19:08:06,1625000,1015.07324
2019-10-27 19:08:07,1626000,1015.0769
2019-10-27 19:08:08,1627000,1015.04175
2019-10-27 19:08:09,1628000,1015.06885
2019-10-27 19:08:10,1629000,1015.0862
2019-10-27 19:08:11,1630000,1015.0132
2019-10-27 19:08:12,1631001,1015.01196
2019-10-27 19:08:13,1632000,1015.06714
2019-10-27 19:08:14,1633000,1014.9795
2019-10-27 19:08:15,1634000,1015.04297
2019-10-27 19:08:16,1635000,1014.9646
2019-10-27 19:08:17,1636000,1015.0205
2019-10-27 19:08:18,1637000,1015.0679
2019-10-27 19:08:19,1638000,1014.9822
2019-10-27 19:08:20,1639000,1015.0405
2019-10-27 19:08:21,1640000,1015.0718
2019-10-27 19:08:22,1641000,1015.09033
2019-10-27 19:08:23,1642001,1015.07007
2019-10-27 19:08:24,1643000,1015.0344
2019-10-27 19:08:25,1644000,1015.08887
2019-10-27 19:08:26,1645000,1015.0679
2019-10-27 19:08:27,1646000,1015.02734
2019-10-27 19:08:28,1647001,1015.0432
2019-10-27 19:08:29,1648000,1015.0122
2019-10-27 19:08:30,1649000,1015.04785
2019-10-27 19:08:31,1650000,1015.0425
2019-10-27 19:08:32,1651000,1015.0198
2019-10-27 19:08:33,1652000,1015.0056
2019-10-27 19:08:34,1653001,1014.9761
2019-10-27 19:08:35,1654000,1015.0791
2019-10-27 19:08:36,1655000,1015.0896
2019-10-27 19:08:37,1656000,1014.90625
2019-10-27 19:08:38,1657000,1015.03174
2019-10-27 19:08:39,1658000,1015.0071
2019-10-27 19:08:40,1659000,1014.7678
2019-10-27 19:08:41,1660001,1015.18774
2019-10-27 19:08:42,1661000,1014.9922
2019-10-27 19:08:43,1662000,1015.083
2019-10-27 19:08:44,1663000,1014.9182
2019-10-27 19:08:45,1664000,1014.88354
2019-10-27 19:08:46,1665000,1014.94653
2019-10-27 19:08:47,1666001,1015.1299
2019-10-27 19:08:48,1667000,1015.2163
2019-10-27 19:08:49,1668000,1015.1648
2019-10-27 19:08:50,1669000,1015.0742
2019-10-27 19:08:51,1670000,1015.063
2019-10-27 19:08:52,1671000,1015.0974
2019-10-27 19:08:53,1672000,1015.07446
2019-10-27 19:08:54,1673001,1015.23
2019-10-27 19:08:55,1674000,1015.14136
2019-10-27 19:08:56,1675000,1015.1177
2019-10-27 19:08:57,1676000,1015.03345
2019-10-27 19:08:58,1677000,1015.1626
2019-10-27 19:08:59,1678000,1015.02344
2019-10-27 19:09:00,1679000,1015.0364
2019-10-27 19:09:01,1680001,1015.1953
2019-10-27 19:09:02,1681000,1015.03296
2019-10-27 19:09:03,1682000,1015.06104
2019-10-27 19:09:04,1683000,1015.1101
2019-10-27 19:09:05,1684000,1015.2075
2019-10-27 19:09:06,1685000,1015.1726
2019-10-27 19:09:07,1686000,1015.15454
2019-10-27 19:09:08,1687000,1015.21387
2019-10-27 19:09:09,1688001,1015.1365
2019-10-27 19:09:10,1689000,1015.1067
2019-10-27 19:09:11,1690000,1015.17017
2019-10-27 19:09:12,1691000,1015.1997
2019-10-27 19:09:13,1692000,1015.20215
2019-10-27 19:09:14,1693000,1015.1802
2019-10-27 19:09:15,1694000,1015.35913
2019-10-27 19:09:16,1695000,1015.0415
2019-10-27 19:09:17,1696001,1015.4258
2019-10-27 19:09:18,1697000,1015.103
2019-10-27 19:09:19,1698000,1015.2156
2019-10-27 19:09:20,1699000,1015.3142
2019-10-27 19:09:21,1700000,1015.3406
2019-10-27 19:09:22,1701001,1015.2654
2019-10-27 19:09:23,1702000,1015.1846
2019-10-27 19:09:24,1703000,1015.3191
2019-10-27 19:09:25,1704000,1015.3916
2019-10-27 19:09:26,1705000,1015.1826
2019-10-27 19:09:27,1706001,1015.16626
2019-10-27 19:09:28,1707000,1015.1614
2019-10-27 19:09:29,1708000,1015.0906
2019-10-27 19:09:30,1709000,1015.15967
2019-10-27 19:09:31,1710000,1015.26587
2019-10-27 19:09:32,1711000,1015.1113
2019-10-27 19:09:33,1712000,1015.1997
2019-10-27 19:09:34,1713000,1015.13745
2019-10-27 19:09:35,1714001,1015.2202
2019-10-27 19:09:36,1715000,1015.1765
2019-10-27 19:09:37,1716000,1015.28076
2019-10-27 19:09:38,1717000,1015.2429
2019-10-27 19:09:39,1718000,1015.11743
2019-10-27 19:09:40,1719000,1015.3074
2019-10-27 19:09:41,1720001,1015.2649
2019-10-27 19:09:42,1721000,1015.23584
2019-10-27 19:09:43,1722000,1015.24414
2019-10-27 19:09:44,1723000,1015.16626
2019-10-27 19:09:45,1724000,1015.1665
2019-10-27 19:09:46,1725000,1015.4385
2019-10-27 19:09:47,1726001,1015.18823
2019-10-27 19:09:48,1727000,1015.30396
2019-10-27 19:09:49,1728000,1015.35596
2019-10-27 19:09:50,1729000,1015.3352
2019-10-27 19:09:51,1730000,1015.2876
2019-10-27 19:09:52,1731000,1015.32495
2019-10-27 19:09:53,1732000,1015.2937
2019-10-27 19:09:54,1733001,1015.3396
2019-10-27 19:09:55,1734000,1015.33496
2019-10-27 19:09:56,1735000,1015.33057
2019-10-27 19:09:57,1736000,1015.2595
2019-10-27 19:09:58,1737000,1015.29663
2019-10-27 19:09:59,1738000,1015.3257
2019-10-27 19:10:00,1739000,1015.37085
2019-10-27 19:10:01,1740001,1015.3125
2019-10-27 19:10:02,1741000,1015.2969
2019-10-27 19:10:03,1742000,1015.3108
2019-10-27 19:10:04,1743000,1015.2903
2019-10-27 19:10:05,1744000,1015.27637
2019-10-27 19:10:06,1745000,1015.23193
2019-10-27 19:10:07,1746000,1015.30615
2019-10-27 19:10:08,1747000,1015.2439
2019-10-27 19:10:09,1748000,1015.2339
2019-10-27 19:10:10,1749000,1015.22144
2019-10-27 19:10:11,1750000,1015.2156
2019-10-27 19:10:12,1751000,1015.2312
2019-10-27 19:10:13,1752000,1015.2825
2019-10-27 19:10:14,1753000,1015.2351
2019-10-27 19:10:15,1754001,1015.2283
2019-10-27 19:10:16,1755000,1015.2593
2019-10-27 19:10:17,1756000,1015.2175
2019-10-27 19:10:18,1757000,1015.2366
2019-10-27 19:10:19,1758000,1015.20605
2019-10-27 19:10:20,1759000,1015.12524
2019-10-27 19:10:21,1760001,1015.2654
2019-10-27 19:10:22,1761000,1015.29395
2019-10-27 19:10:23,1762000,1015.22144
2019-10-27 19:10:24,1763000,1015.12573
2019-10-27 19:10:25,1764000,1015.3015
2019-10-27 19:10:26,1765000,1015.5679
2019-10-27 19:10:27,1766000,1015.3662
2019-10-27 19:10:28,1767001,1015.27
2019-10-27 19:10:29,1768000,1015.3855
2019-10-27 19:10:30,1769000,1015.4873
2019-10-27 19:10:31,1770000,1015.15015
2019-10-27 19:10:32,1771000,1015.85913
2019-10-27 19:10:33,1772000,1015.59644
2019-10-27 19:10:34,1773001,1015.32495
2019-10-27 19:10:35,1774000,1015.45776
2019-10-27 19:10:36,1775000,1015.5071
2019-10-27 19:10:37,1776000,1015.45264
2019-10-27 19:10:38,1777001,1015.39795
2019-10-27 19:10:39,1778000,1015.1636
2019-10-27 19:10:40,1779000,1015.11914
2019-10-27 19:10:41,1780000,1015.4756
2019-10-27 19:10:42,1781000,1015.4592
2019-10-27 19:10:43,1782000,1015.4475
2019-10-27 19:10:44,1783001,1015.2224
2019-10-27 19:10:45,1784000,1015.28076
2019-10-27 19:10:46,1785000,1015.30615
2019-10-27 19:10:47,1786000,1015.35645
2019-10-27 19:10:48,1787000,1015.3474
2019-10-27 19:10:49,1788000,1015.31055
2019-10-27 19:10:50,1789000,1015.2949
2019-10-27 19:10:51,1790001,1015.3992
2019-10-27 19:10:52,1791000,1015.3972
2019-10-27 19:10:53,1792000,1015.5759
2019-10-27 19:10:54,1793000,1015.3447
2019-10-27 19:10:55,1794000,1015.4529
2019-10-27 19:10:56,1795000,1015.44653
2019-10-27 19:10:57,1796000,1015.3977
2019-10-27 19:10:58,1797001,1015.57275
2019-10-27 19:10:59,1798000,1015.448
2019-10-27 19:11:00,1799000,1015.37427
2019-10-27 19:11:01,1800000,1015.7344
2019-10-27 19:11:02,1801000,1015.5156
2019-10-27 19:11:03,1802000,1015.551
2019-10-27 19:11:04,1803001,1015.5022
2019-10-27 19:11:05,1804000,1015.4109
2019-10-27 19:11:06,1805000,1015.37427
2019-10-27 19:11:07,1806000,1015.3633
2019-10-27 19:11:08,1807000,1015.6416
2019-10-27 19:11:09,1808001,1015.38696
2019-10-27 19:11:10,1809000,1015.2617
2019-10-27 19:11:11,1810000,1015.501
2019-10-27 19:11:12,1811000,1015.188
2019-10-27 19:11:13,1812000,1015.3508
2019-10-27 19:11:14,1813000,1015.5593
2019-10-27 19:11:15,1814000,1015.5681
2019-10-27 19:11:16,1815001,1015.40845
2019-10-27 19:11:17,1816000,1015.44775
2019-10-27 19:11:18,1817000,1015.32837
2019-10-27 19:11:19,1818000,1015.30493
2019-10-27 19:11:20,1819000,1015.41675
2019-10-27 19:11:21,1820000,1015.4436
2019-10-27 19:11:22,1821000,1015.41724
2019-10-27 19:11:23,1822000,1015.5891
2019-10-27 19:11:24,1823001,1015.6206
2019-10-27 19:11:25,1824000,1015.4241
2019-10-27 19:11:26,1825000,1015.6023
2019-10-27 19:11:27,1826000,1015.59644
2019-10-27 19:11:28,1827000,1015.71606
2019-10-27 19:11:29,1828000,1015.60596
2019-10-27 19:11:30,1829000,1015.45654
2019-10-27 19:11:31,1830001,1015.3552
2019-10-27 19:11:32,1831000,1015.5171
2019-10-27 19:11:33,1832000,1015.48486
2019-10-27 19:11:34,1833000,1015.41187
2019-10-27 19:11:35,1834000,1015.42554
2019-10-27 19:11:36,1835000,1015.33936
2019-10-27 19:11:37,1836000,1015.2466
2019-10-27 19:11:38,1837001,1015.4236
2019-10-27 19:11:39,1838000,1015.6277
2019-10-27 19:11:40,1839000,1015.47095
2019-10-27 19:11:41,1840000,1015.4829
2019-10-27 19:11:42,1841000,1015.53564
2019-10-27 19:11:43,1842000,1015.5364
2019-10-27 19:11:44,1843001,1015.657
2019-10-27 19:11:45,1844000,1015.55493
2019-10-27 19:11:46,1845000,1015.5442
2019-10-27 19:11:47,1846000,1015.7788
2019-10-27 19:11:48,1847000,1015.7456
2019-10-27 19:11:49,1848000,1015.64624
2019-10-27 19:11:50,1849001,1015.6074
2019-10-27 19:11:51,1850000,1015.69336
2019-10-27 19:11:52,1851000,1015.67505
2019-10-27 19:11:53,1852000,1015.8064
2019-10-27 19:11:54,1853000,1015.4944
2019-10-27 19:11:55,1854000,1015.53955
2019-10-27 19:11:56,1855000,1015.4263
2019-10-27 19:11:57,1856001,1015.6902
2019-10-27 19:11:58,1857000,1015.57007
2019-10-27 19:11:59,1858000,1015.5032
2019-10-27 19:12:00,1859000,1015.56274
2019-10-27 19:12:01,1860000,1015.48267
2019-10-27 19:12:02,1861000,1015.2593
2019-10-27 19:12:03,1862000,1015.1277
2019-10-27 19:12:04,1863001,1015.4927
2019-10-27 19:12:05,1864000,1015.4321
2019-10-27 19:12:06,1865000,1015.7754
2019-10-27 19:12:07,1866000,1015.2766
2019-10-27 19:12:08,1867000,1015.22144
2019-10-27 19:12:09,1868000,1015.2842
2019-10-27 19:12:10,1869001,1015.40674
2019-10-27 19:12:11,1870000,1015.5554
2019-10-27 19:12:12,1871000,1015.36694
2019-10-27 19:12:13,1872000,1015.0591
2019-10-27 19:12:14,1873000,1015.2261
2019-10-27 19:12:15,1874000,1015.08594
2019-10-27 19:12:16,1875000,1015.3594
2019-10-27 19:12:17,1876001,1015.34155
2019-10-27 19:12:18,1877000,1015.3557
2019-10-27 19:12:19,1878000,1015.14746
2019-10-27 19:12:20,1879001,1015.35767
2019-10-27 19:12:21,1880000,1015.5696
2019-10-27 19:12:22,1881000,1015.65405
2019-10-27 19:12:23,1882000,1015.47095
2019-10-27 19:12:24,1883000,1015.45044
2019-10-27 19:12:25,1884000,1015.334
2019-10-27 19:12:26,1885000,1015.5415
2019-10-27 19:12:27,1886001,1015.4385
2019-10-27 19:12:28,1887000,1015.44556
2019-10-27 19:12:29,1888000,1015.57056
2019-10-27 19:12:30,1889000,1015.38306
2019-10-27 19:12:31,1890000,1015.15625
2019-10-27 19:12:32,1891001,1015.2993
2019-10-27 19:12:33,1892000,1015.3594
2019-10-27 19:12:34,1893000,1015.553
2019-10-27 19:12:35,1894000,1015.1753
2019-10-27 19:12:36,1895000,1015.0293
2019-10-27 19:12:37,1896000,1014.98413
2019-10-27 19:12:38,1897000,1015.1355
2019-10-27 19:12:39,1898000,1015.12744
2019-10-27 19:12:40,1899001,1014.9634
2019-10-27 19:12:41,1900000,1015.2986
2019-10-27 19:12:42,1901000,1015.2261
2019-10-27 19:12:43,1902000,1015.1323
2019-10-27 19:12:44,1903000,1015.2837
2019-10-27 19:12:45,1904000,1015.2473
2019-10-27 19:12:46,1905000,1015.35205
2019-10-27 19:12:47,1906001,1015.1428
2019-10-27 19:12:48,1907000,1015.1741
2019-10-27 19:12:49,1908000,1015.29736
2019-10-27 19:12:50,1909000,1015.1985
2019-10-27 19:12:51,1910000,1015.1306
2019-10-27 19:12:52,1911000,1015.28564
2019-10-27 19:12:53,1912000,1015.2954
2019-10-27 19:12:54,1913000,1015.2156
2019-10-27 19:12:55,1914001,1015.1548
2019-10-27 19:12:56,1915000,1015.1636
2019-10-27 19:12:57,1916000,1015.1858
2019-10-27 19:12:58,1917000,1015.15576
2019-10-27 19:12:59,1918000,1015.1633
2019-10-27 19:13:00,1919000,1015.15894
2019-10-27 19:13:01,1920000,1015.1863
2019-10-27 19:13:02,1921001,1015.2302
2019-10-27 19:13:03,1922000,1015.25195
2019-10-27 19:13:04,1923000,1015.2107
2019-10-27 19:13:05,1924000,1015.11743
2019-10-27 19:13:06,1925000,1015.16797
2019-10-27 19:13:07,1926000,1015.23413
2019-10-27 19:13:08,1927000,1015.2117
2019-10-27 19:13:09,1928001,1015.167
2019-10-27 19:13:10,1929000,1015.21655
2019-10-27 19:13:11,1930000,1015.2058
2019-10-27 19:13:12,1931000,1015.20605
2019-10-27 19:13:13,1932000,1015.1135
2019-10-27 19:13:14,1933001,1015.17554
2019-10-27 19:13:15,1934000,1015.1467
2019-10-27 19:13:16,1935000,1015.18506
2019-10-27 19:13:17,1936000,1015.156
2019-10-27 19:13:18,1937000,1015.1929
2019-10-27 19:13:19,1938000,1015.1726
2019-10-27 19:13:20,1939000,1015.19336
2019-10-27 19:13:21,1940001,1015.1787
2019-10-27 19:13:22,1941000,1015.1416
2019-10-27 19:13:23,1942000,1015.12524
2019-10-27 19:13:24,1943000,1015.14746
2019-10-27 19:13:25,1944000,1015.21704
2019-10-27 19:13:26,1945001,1015.15186
2019-10-27 19:13:27,1946000,1015.15137
2019-10-27 19:13:28,1947000,1015.04956
2019-10-27 19:13:29,1948000,1015.11743
2019-10-27 19:13:30,1949000,1015.1443
2019-10-27 19:13:31,1950000,1015.0947
2019-10-27 19:13:32,1951000,1015.1572
2019-10-27 19:13:33,1952000,1015.14404
2019-10-27 19:13:34,1953000,1015.42017
2019-10-27 19:13:35,1954001,1015.365
2019-10-27 19:13:36,1955000,1015.1411
2019-10-27 19:13:37,1956000,1015.1726
2019-10-27 19:13:38,1957000,1015.2551
2019-10-27 19:13:39,1958000,1015.3352
2019-10-27 19:13:40,1959000,1015.1719
2019-10-27 19:13:41,1960000,1015.0161
2019-10-27 19:13:42,1961000,1015.36255
2019-10-27 19:13:43,1962000,1015.1494
2019-10-27 19:13:44,1963000,1015.0703
2019-10-27 19:13:45,1964001,1015.4497
2019-10-27 19:13:46,1965000,1015.0847
2019-10-27 19:13:47,1966000,1015.16797
2019-10-27 19:13:48,1967000,1015.5469
2019-10-27 19:13:49,1968000,1015.32715
2019-10-27 19:13:50,1969000,1015.27686
2019-10-27 19:13:51,1970000,1015.3528
2019-10-27 19:13:52,1971001,1015.1282
2019-10-27 19:13:53,1972000,1015.3679
2019-10-27 19:13:54,1973000,1015.06274
2019-10-27 19:13:55,1974000,1015.1384
2019-10-27 19:13:56,1975000,1014.86035
2019-10-27 19:13:57,1976001,1015.18335
2019-10-27 19:13:58,1977000,1015.2803
2019-10-27 19:13:59,1978000,1015.25366
2019-10-27 19:14:00,1979000,1015.0088
2019-10-27 19:14:01,1980000,1014.94995
2019-10-27 19:14:02,1981000,1015.1594
2019-10-27 19:14:03,1982000,1015.21875
2019-10-27 19:14:04,1983001,1015.02954
2019-10-27 19:14:05,1984000,1015.24414
2019-10-27 19:14:06,1985000,1015.2053
2019-10-27 19:14:07,1986000,1015.43604
2019-10-27 19:14:08,1987000,1015.3699
2019-10-27 19:14:09,1988000,1015.0137
2019-10-27 19:14:10,1989000,1015.25146
2019-10-27 19:14:11,1990000,1015.1577
2019-10-27 19:14:12,1991001,1015.2666
2019-10-27 19:14:13,1992000,1015.1316
2019-10-27 19:14:14,1993000,1014.9785
2019-10-27 19:14:15,1994000,1015.18164
2019-10-27 19:14:16,1995000,1015.1216
2019-10-27 19:14:17,1996001,1015.1907
2019-10-27 19:14:18,1997000,1015.2114
2019-10-27 19:14:19,1998000,1015.22144
2019-10-27 19:14:20,1999000,1015.2212
2019-10-27 19:14:21,2000000,1015.1841
2019-10-27 19:14:22,2001000,1015.3452
2019-10-27 19:14:23,2002001,1015.07715
2019-10-27 19:14:24,2003000,1015.21313
2019-10-27 19:14:25,2004000,1015.52344
2019-10-27 19:14:26,2005000,1015.3801
2019-10-27 19:14:27,2006000,1015.53955
2019-10-27 19:14:28,2007000,1015.4343
2019-10-27 19:14:29,2008000,1015.1428
2019-10-27 19:14:30,2009000,1015.2173
2019-10-27 19:14:31,2010000,1015.32324
2019-10-27 19:14:32,2011000,1015.1865
2019-10-27 19:14:33,2012000,1015.15063
2019-10-27 19:14:34,2013000,1015.09985
2019-10-27 19:14:35,2014000,1015.26074
2019-10-27 19:14:36,2015001,1015.54004
2019-10-27 19:14:37,2016000,1015.50757
2019-10-27 19:14:38,2017000,1015.4116
2019-10-27 19:14:39,2018000,1015.5928
2019-10-27 19:14:40,2019000,1015.5808
2019-10-27 19:14:41,2020000,1015.46606
2019-10-27 19:14:42,2021000,1015.55493
2019-10-27 19:14:43,2022000,1015.6384
2019-10-27 19:14:44,2023001,1015.5891
2019-10-27 19:14:45,2024000,1015.5869
2019-10-27 19:14:46,2025000,1015.4346
2019-10-27 19:14:47,2026000,1015.34204
2019-10-27 19:14:48,2027000,1015.7927
2019-10-27 19:14:49,2028000,1015.64307
2019-10-27 19:14:50,2029001,1015.4739
2019-10-27 19:14:51,2030000,1015.79956
2019-10-27 19:14:52,2031000,1015.59326
2019-10-27 19:14:53,2032000,1015.62646
2019-10-27 19:14:54,2033000,1015.468
2019-10-27 19:14:55,2034001,1015.47876
2019-10-27 19:14:56,2035000,1015.4309
2019-10-27 19:14:57,2036000,1015.4468
2019-10-27 19:14:58,2037000,1015.583
2019-10-27 19:14:59,2038001,1015.51733
2019-10-27 19:15:00,2039000,1015.3042
2019-10-27 19:15:01,2040000,1015.4558
2019-10-27 19:15:02,2041000,1015.5154
2019-10-27 19:15:03,2042000,1015.3467
2019-10-27 19:15:04,2043000,1015.5217
2019-10-27 19:15:05,2044000,1015.80664
2019-10-27 19:15:06,2045001,1015.73193
2019-10-27 19:15:07,2046000,1015.63574
2019-10-27 19:15:08,2047000,1015.47314
2019-10-27 19:15:09,2048000,1015.33496
2019-10-27 19:15:10,2049000,1015.5679
2019-10-27 19:15:11,2050000,1015.4055
2019-10-27 19:15:12,2051000,1015.59814
2019-10-27 19:15:13,2052001,1015.5271
2019-10-27 19:15:14,2053000,1015.48975
2019-10-27 19:15:15,2054000,1015.1658
2019-10-27 19:15:16,2055000,1015.3867
2019-10-27 19:15:17,2056000,1015.2866
2019-10-27 19:15:18,2057000,1015.2937
2019-10-27 19:15:19,2058000,1015.43286
2019-10-27 19:15:20,2059000,1015.1311
2019-10-27 19:15:21,2060001,1015.2605
2019-10-27 19:15:22,2061000,1015.2356
2019-10-27 19:15:23,2062000,1015.2388
2019-10-27 19:15:24,2063000,1015.10645
2019-10-27 19:15:25,2064000,1015.1963
2019-10-27 19:15:26,2065000,1015.2285
2019-10-27 19:15:27,2066001,1015.1172
2019-10-27 19:15:28,2067000,1015.198
2019-10-27 19:15:29,2068000,1015.1704
2019-10-27 19:15:30,2069000,1015.17773
2019-10-27 19:15:31,2070000,1015.1062
2019-10-27 19:15:32,2071000,1015.0403
2019-10-27 19:15:33,2072000,1015.0867
2019-10-27 19:15:34,2073000,1015.1035
2019-10-27 19:15:35,2074001,1015.1482
2019-10-27 19:15:36,2075000,1015.1118
2019-10-27 19:15:37,2076000,1015.1909
2019-10-27 19:15:38,2077000,1015.21313
2019-10-27 19:15:39,2078000,1015.1499
2019-10-27 19:15:40,2079000,1015.09546
2019-10-27 19:15:41,2080000,1015.1211
2019-10-27 19:15:42,2081001,1015.1196
2019-10-27 19:15:43,2082000,1015.19775
2019-10-27 19:15:44,2083000,1015.23145
2019-10-27 19:15:45,2084000,1015.1572
2019-10-27 19:15:46,2085000,1015.13257
2019-10-27 19:15:47,2086000,1015.1399
2019-10-27 19:15:48,2087000,1015.1135
2019-10-27 19:15:49,2088001,1015.0918
2019-10-27 19:15:50,2089000,1015.13916
2019-10-27 19:15:51,2090000,1015.1355
2019-10-27 19:15:52,2091000,1015.0979
2019-10-27 19:15:53,2092000,1015.1924
2019-10-27 19:15:54,2093000,1015.12646
2019-10-27 19:15:55,2094001,1015.0156
2019-10-27 19:15:56,2095000,1015.0818
2019-10-27 19:15:57,2096000,1015.1863
2019-10-27 19:15:58,2097000,1015.1511
2019-10-27 19:15:59,2098000,1015.1218
2019-10-27 19:16:00,2099000,1015.18286
2019-10-27 19:16:01,2100000,1015.13184
2019-10-27 19:16:02,2101000,1015.09985
2019-10-27 19:16:03,2102001,1015.1682
2019-10-27 19:16:04,2103000,1014.917
2019-10-27 19:16:05,2104000,1015.1365
2019-10-27 19:16:06,2105000,1014.7732
2019-10-27 19:16:07,2106000,1015.1985
2019-10-27 19:16:08,2107000,1015.0171
2019-10-27 19:16:09,2108000,1015.1282
2019-10-27 19:16:10,2109000,1015.2676
2019-10-27 19:16:11,2110000,1015.26465
2019-10-27 19:16:12,2111000,1015.2981
2019-10-27 19:16:13,2112000,1015.21533
2019-10-27 19:16:14,2113000,1015.29297
2019-10-27 19:16:15,2114000,1015.3689
2019-10-27 19:16:16,2115000,1015.272
2019-10-27 19:16:17,2116000,1015.2783
2019-10-27 19:16:18,2117001,1015.34204
2019-10-27 19:16:19,2118000,1015.6316
2019-10-27 19:16:20,2119000,1015.45557
2019-10-27 19:16:21,2120000,1015.365
2019-10-27 19:16:22,2121000,1015.02783
2019-10-27 19:16:23,2122001,1015.17847
2019-10-27 19:16:24,2123000,1015.5935
2019-10-27 19:16:25,2124000,1015.2788
2019-10-27 19:16:26,2125000,1015.4158
2019-10-27 19:16:27,2126000,1015.22046
2019-10-27 19:16:28,2127000,1015.16113
2019-10-27 19:16:29,2128000,1015.3872
2019-10-27 19:16:30,2129000,1015.33203
2019-10-27 19:16:31,2130001,1015.37256
2019-10-27 19:16:32,2131000,1015.2058
2019-10-27 19:16:33,2132000,1015.09863
2019-10-27 19:16:34,2133000,1015.40015
2019-10-27 19:16:35,2134000,1015.39746
2019-10-27 19:16:36,2135000,1015.37476
2019-10-27 19:16:37,2136000,1015.4685
2019-10-27 19:16:38,2137001,1015.2195
2019-10-27 19:16:39,2138000,1015.2041
2019-10-27 19:16:40,2139000,1015.30664
2019-10-27 19:16:41,2140000,1015.19653
2019-10-27 19:16:42,2141000,1015.41626
2019-10-27 19:16:43,2142001,1015.8103
2019-10-27 19:16:44,2143000,1015.29297
2019-10-27 19:16:45,2144000,1015.11426
2019-10-27 19:16:46,2145000,1015.2517
2019-10-27 19:16:47,2146000,1015.26855
2019-10-27 19:16:48,2147000,1015.3345
2019-10-27 19:16:49,2148000,1015.30566
2019-10-27 19:16:50,2149000,1015.0608
2019-10-27 19:16:51,2150001,1015.0073
2019-10-27 19:16:52,2151000,1015.40796
2019-10-27 19:16:53,2152000,1015.03735
2019-10-27 19:16:54,2153000,1015.2705
2019-10-27 19:16:55,2154000,1015.0454
2019-10-27 19:16:56,2155001,1015.1987
2019-10-27 19:16:57,2156000,1015.1521
2019-10-27 19:16:58,2157000,1014.9346
2019-10-27 19:16:59,2158000,1015.105
2019-10-27 19:17:00,2159000,1015.0332
2019-10-27 19:17:01,2160000,1015.29517
2019-10-27 19:17:02,2161001,1015.10376
2019-10-27 19:17:03,2162000,1014.9409
2019-10-27 19:17:04,2163000,1015.1094
2019-10-27 19:17:05,2164000,1015.0183
2019-10-27 19:17:06,2165000,1015.4927
2019-10-27 19:17:07,2166000,1015.3662
2019-10-27 19:17:08,2167000,1015.1826
2019-10-27 19:17:09,2168001,1015.1636
2019-10-27 19:17:10,2169000,1015.14453
2019-10-27 19:17:11,2170000,1015.2036
2019-10-27 19:17:12,2171000,1015.2468
2019-10-27 19:17:13,2172000,1015.0759
2019-10-27 19:17:14,2173000,1015.3738
2019-10-27 19:17:15,2174001,1015.1101
2019-10-27 19:17:16,2175000,1015.2329
2019-10-27 19:17:17,2176000,1015.1543
2019-10-27 19:17:18,2177000,1015.01465
2019-10-27 19:17:19,2178001,1015.0989
2019-10-27 19:17:20,2179000,1015.1575
2019-10-27 19:17:21,2180000,1015.1338
2019-10-27 19:17:22,2181001,1015.0342
2019-10-27 19:17:23,2182000,1015.0144
2019-10-27 19:17:24,2183000,1015.0625
2019-10-27 19:17:25,2184000,1015.1277
2019-10-27 19:17:26,2185000,1015.05664
2019-10-27 19:17:27,2186001,1015.12354
2019-10-27 19:17:28,2187000,1015.051
2019-10-27 19:17:29,2188000,1015.0925
2019-10-27 19:17:30,2189001,1015.02783
2019-10-27 19:17:31,2190000,1015.0554
2019-10-27 19:17:32,2191000,1015.0337
2019-10-27 19:17:33,2192001,1015.0217
2019-10-27 19:17:34,2193000,1015.04443
2019-10-27 19:17:35,2194000,1015.0835
2019-10-27 19:17:36,2195000,1015.09033
2019-10-27 19:17:37,2196001,1015.0862
2019-10-27 19:17:38,2197000,1015.1018
2019-10-27 19:17:39,2198000,1015.07886
2019-10-27 19:17:40,2199000,1015.13403
2019-10-27 19:17:41,2200000,1015.09155
2019-10-27 19:17:42,2201001,1015.10376
2019-10-27 19:17:43,2202000,1015.0825
2019-10-27 19:17:44,2203001,1015.05396
2019-10-27 19:17:45,2204000,1015.11597
2019-10-27 19:17:46,2205000,1015.14795
2019-10-27 19:17:47,2206000,1015.0845
2019-10-27 19:17:48,2207000,1015.0935
2019-10-27 19:17:49,2208001,1015.0803
2019-10-27 19:17:50,2209000,1015.1023
2019-10-27 19:17:51,2210000,1015.0259
2019-10-27 19:17:52,2211000,1015.15967
2019-10-27 19:17:53,2212001,1014.9888
2019-10-27 19:17:54,2213000,1015.15796
2019-10-27 19:17:55,2214000,1015.00586
2019-10-27 19:17:56,2215001,1015.0344
2019-10-27 19:17:57,2216000,1014.875
2019-10-27 19:17:58,2217000,1015.08765
2019-10-27 19:17:59,2218000,1015.0974
2019-10-27 19:18:00,2219000,1014.9844
2019-10-27 19:18:01,2220001,1015.12915
2019-10-27 19:18:02,2221000,1014.8972
2019-10-27 19:18:03,2222000,1014.9636
2019-10-27 19:18:04,2223000,1014.98975
2019-10-27 19:18:05,2224000,1014.9375
2019-10-27 19:18:06,2225000,1015.0398
2019-10-27 19:18:07,2226000,1015.0696
2019-10-27 19:18:08,2227001,1014.92017
2019-10-27 19:18:09,2228000,1015.0083
2019-10-27 19:18:10,2229000,1015.1538
2019-10-27 19:18:11,2230000,1014.9177
2019-10-27 19:18:12,2231001,1014.9678
2019-10-27 19:18:13,2232000,1014.9133
2019-10-27 19:18:14,2233000,1015.0398
2019-10-27 19:18:15,2234000,1014.947
2019-10-27 19:18:16,2235001,1015.04346
2019-10-27 19:18:17,2236000,1014.98145
2019-10-27 19:18:18,2237000,1014.9502
2019-10-27 19:18:19,2238001,1014.88794
2019-10-27 19:18:20,2239000,1015.17847
2019-10-27 19:18:21,2240000,1015.03687
2019-10-27 19:18:22,2241000,1015.15625
2019-10-27 19:18:23,2242000,1015.0967
2019-10-27 19:18:24,2243001,1015.0237
2019-10-27 19:18:25,2244000,1015.02466
2019-10-27 19:18:26,2245000,1014.99194
2019-10-27 19:18:27,2246000,1015.062
2019-10-27 19:18:28,2247000,1015.04736
2019-10-27 19:18:29,2248001,1015.0044
2019-10-27 19:18:30,2249000,1015.011
2019-10-27 19:18:31,2250000,1015.022
2019-10-27 19:18:32,2251001,1014.98047
2019-10-27 19:18:33,2252000,1014.9971
2019-10-27 19:18:34,2253000,1014.9988
2019-10-27 19:18:35,2254000,1015.1172
2019-10-27 19:18:36,2255000,1015.0493
2019-10-27 19:18:37,2256001,1015.0205
2019-10-27 19:18:38,2257000,1015.01855
2019-10-27 19:18:39,2258001,1014.9917
2019-10-27 19:18:40,2259000,1015.03076
2019-10-27 19:18:41,2260000,1015.04565
2019-10-27 19:18:42,2261001,1015.0447
2019-10-27 19:18:43,2262000,1015.02246
2019-10-27 19:18:44,2263000,1015.08374
2019-10-27 19:18:45,2264000,1014.98755
2019-10-27 19:18:46,2265001,1015.0034
2019-10-27 19:18:47,2266000,1015.1797
2019-10-27 19:18:48,2267000,1014.9634
2019-10-27 19:18:49,2268001,1015.06055
2019-10-27 19:18:50,2269000,1015.2146
2019-10-27 19:18:51,2270000,1015.1133
2019-10-27 19:18:52,2271000,1014.9424
2019-10-27 19:18:53,2272000,1015.0161
2019-10-27 19:18:54,2273001,1015.2517
2019-10-27 19:18:55,2274000,1015.198
2019-10-27 19:18:56,2275000,1015.0652
2019-10-27 19:18:57,2276000,1015.0288
2019-10-27 19:18:58,2277001,1015.0989
2019-10-27 19:18:59,2278000,1015.1633
2019-10-27 19:19:00,2279000,1015.0022
2019-10-27 19:19:01,2280000,1015.0867
2019-10-27 19:19:02,2281000,1015.1221
2019-10-27 19:19:03,2282001,1015.1367
2019-10-27 19:19:04,2283000,1015.0232
2019-10-27 19:19:05,2284000,1015.0791
2019-10-27 19:19:06,2285000,1015.0547
2019-10-27 19:19:07,2286001,1015.1426
2019-10-27 19:19:08,2287000,1015.0801
2019-10-27 19:19:09,2288000,1015.094
2019-10-27 19:19:10,2289000,1015.00854
2019-10-27 19:19:11,2290000,1015.2783
2019-10-27 19:19:12,2291001,1015.03174
2019-10-27 19:19:13,2292000,1015.13403
2019-10-27 19:19:14,2293000,1015.12695
2019-10-27 19:19:15,2294000,1014.8955
2019-10-27 19:19:16,2295000,1015.2534
2019-10-27 19:19:17,2296001,1015.17065
2019-10-27 19:19:18,2297000,1014.99976
2019-10-27 19:19:19,2298000,1015.0896
2019-10-27 19:19:20,2299001,1015.18896
2019-10-27 19:19:21,2300000,1015.17505
2019-10-27 19:19:22,2301000,1015.1013
2019-10-27 19:19:23,2302000,1015.1333
2019-10-27 19:19:24,2303001,1015.1577
2019-10-27 19:19:25,2304000,1015.0022
2019-10-27 19:19:26,2305000,1015.13354
2019-10-27 19:19:27,2306000,1015.22656
2019-10-27 19:19:28,2307000,1015.25854
2019-10-27 19:19:29,2308001,1014.9785
2019-10-27 19:19:30,2309000,1015.26855
2019-10-27 19:19:31,2310000,1015.14404
2019-10-27 19:19:32,2311000,1015.0149
2019-10-27 19:19:33,2312001,1014.8633
2019-10-27 19:19:34,2313000,1015.0276
2019-10-27 19:19:35,2314000,1015.15454
2019-10-27 19:19:36,2315000,1015.126
2019-10-27 19:19:37,2316000,1014.91064
2019-10-27 19:19:38,2317001,1015.13135
2019-10-27 19:19:39,2318000,1015.0564
2019-10-27 19:19:40,2319000,1014.80566
2019-10-27 19:19:41,2320000,1014.8982
2019-10-27 19:19:42,2321000,1015.0657
2019-10-27 19:19:43,2322001,1014.9409
2019-10-27 19:19:44,2323000,1014.9995
2019-10-27 19:19:45,2324000,1015.1138
2019-10-27 19:19:46,2325000,1015.0847
2019-10-27 19:19:47,2326001,1015.0276
2019-10-27 19:19:48,2327000,1014.95337
2019-10-27 19:19:49,2328000,1014.9148
2019-10-27 19:19:50,2329000,1014.97217
2019-10-27 19:19:51,2330000,1014.92676
2019-10-27 19:19:52,2331000,1014.99756
2019-10-27 19:19:53,2332001,1014.9546
2019-10-27 19:19:54,2333000,1015.0166
2019-10-27 19:19:55,2334000,1014.98096
2019-10-27 19:19:56,2335000,1015.0781
2019-10-27 19:19:57,2336001,1015.11475
2019-10-27 19:19:58,2337000,1015.0884
2019-10-27 19:19:59,2338000,1014.8721
2019-10-27 19:20:00,2339000,1015.14355
2019-10-27 19:20:01,2340001,1015.07495
2019-10-27 19:20:02,2341001,1015.05176
2019-10-27 19:20:03,2342000,1014.9529
2019-10-27 19:20:04,2343000,1014.7832
2019-10-27 19:20:05,2344001,1015.0471
2019-10-27 19:20:06,2345000,1014.98535
2019-10-27 19:20:07,2346000,1014.9844
2019-10-27 19:20:08,2347000,1014.7888
2019-10-27 19:20:09,2348000,1014.9773
2019-10-27 19:20:10,2349000,1014.9441
2019-10-27 19:20:11,2350000,1015.0737
2019-10-27 19:20:12,2351000,1014.97
2019-10-27 19:20:13,2352000,1014.9243
2019-10-27 19:20:14,2353001,1015.0071
2019-10-27 19:20:15,2354000,1015.0188
2019-10-27 19:20:16,2355000,1014.9978
2019-10-27 19:20:17,2356000,1015.0166
2019-10-27 19:20:18,2357001,1014.947
2019-10-27 19:20:19,2358000,1015.18774
2019-10-27 19:20:20,2359000,1015.1096
2019-10-27 19:20:21,2360001,1015.05225
2019-10-27 19:20:22,2361000,1014.9973
2019-10-27 19:20:23,2362000,1015.0737
2019-10-27 19:20:24,2363000,1015.0654
2019-10-27 19:20:25,2364000,1014.94214
2019-10-27 19:20:26,2365001,1014.76855
2019-10-27 19:20:27,2366000,1014.96826
2019-10-27 19:20:28,2367000,1014.7798
2019-10-27 19:20:29,2368000,1014.948
2019-10-27 19:20:30,2369001,1014.87695
2019-10-27 19:20:31,2370000,1014.8286
2019-10-27 19:20:32,2371000,1014.8738
2019-10-27 19:20:33,2372001,1014.8335
2019-10-27 19:20:34,2373000,1014.89307
2019-10-27 19:20:35,2374000,1014.7949
2019-10-27 19:20:36,2375000,1014.86475
2019-10-27 19:20:37,2376001,1014.8821
2019-10-27 19:20:38,2377000,1014.8418
2019-10-27 19:20:39,2378000,1014.90625
2019-10-27 19:20:40,2379001,1014.87256
2019-10-27 19:20:41,2380000,1014.89307
2019-10-27 19:20:42,2381000,1014.907
2019-10-27 19:20:43,2382003,1014.87134
2019-10-27 19:20:44,2383000,1014.8723
2019-10-27 19:20:45,2384001,1014.90015
2019-10-27 19:20:46,2385000,1014.8838
2019-10-27 19:20:47,2386000,1014.8943
2019-10-27 19:20:48,2387001,1014.7634
2019-10-27 19:20:49,2388000,1014.874
2019-10-27 19:20:50,2389000,1014.81885
2019-10-27 19:20:51,2390000,1014.88135
2019-10-27 19:20:52,2391001,1014.823
2019-10-27 19:20:53,2392000,1014.906
2019-10-27 19:20:54,2393001,1014.9011
2019-10-27 19:20:55,2394000,1014.87964
2019-10-27 19:20:56,2395000,1014.906
2019-10-27 19:20:57,2396000,1014.8723
2019-10-27 19:20:58,2397001,1014.8779
2019-10-27 19:20:59,2398000,1014.8618
2019-10-27 19:21:00,2399000,1014.84424
2019-10-27 19:21:01,2400000,1014.8862
2019-10-27 19:21:02,2401001,1014.9741
2019-10-27 19:21:03,2402000,1014.8208
2019-10-27 19:21:04,2403000,1014.94995
2019-10-27 19:21:05,2404000,1014.9165
2019-10-27 19:21:06,2405000,1014.82544
2019-10-27 19:21:07,2406001,1014.89233
2019-10-27 19:21:08,2407000,1014.8699
2019-10-27 19:21:09,2408000,1014.87573
2019-10-27 19:21:10,2409000,1014.875
2019-10-27 19:21:11,2410000,1014.78906
2019-10-27 19:21:12,2411001,1014.8833
2019-10-27 19:21:13,2412000,1014.8987
2019-10-27 19:21:14,2413000,1014.86914
2019-10-27 19:21:15,2414000,1014.8794
2019-10-27 19:21:16,2415001,1014.86304
2019-10-27 19:21:17,2416000,1014.8926
2019-10-27 19:21:18,2417000,1014.8696
2019-10-27 19:21:19,2418000,1014.8533
2019-10-27 19:21:20,2419000,1014.84204
2019-10-27 19:21:21,2420001,1014.8899
2019-10-27 19:21:22,2421000,1014.9092
2019-10-27 19:21:23,2422000,1014.9092
2019-10-27 19:21:24,2423001,1014.92017
2019-10-27 19:21:25,2424000,1014.8889
2019-10-27 19:21:26,2425000,1014.87964
2019-10-27 19:21:27,2426001,1014.8906
2019-10-27 19:21:28,2427000,1014.89746
2019-10-27 19:21:29,2428000,1014.9326
2019-10-27 19:21:30,2429000,1014.9148
2019-10-27 19:21:31,2430000,1014.9309
2019-10-27 19:21:32,2431000,1014.91895
2019-10-27 19:21:33,2432001,1014.9238
2019-10-27 19:21:34,2433000,1014.9324
2019-10-27 19:21:35,2434000,1014.9309
2019-10-27 19:21:36,2435000,1014.9363
2019-10-27 19:21:37,2436001,1014.92993
2019-10-27 19:21:38,2437000,1014.93506
2019-10-27 19:21:39,2438000,1014.9341
2019-10-27 19:21:40,2439000,1014.8994
2019-10-27 19:21:41,2440001,1014.8767
2019-10-27 19:21:42,2441000,1014.8943
2019-10-27 19:21:43,2442000,1014.9402
2019-10-27 19:21:44,2443000,1014.9226
2019-10-27 19:21:45,2444001,1014.92163
2019-10-27 19:21:46,2445000,1014.9297
2019-10-27 19:21:47,2446001,1014.91113
2019-10-27 19:21:48,2447000,1014.9236
2019-10-27 19:21:49,2448000,1014.9182
2019-10-27 19:21:50,2449000,1014.91943
2019-10-27 19:21:51,2450001,1014.9321
2019-10-27 19:21:52,2451000,1014.93164
2019-10-27 19:21:53,2452000,1014.9258
2019-10-27 19:21:54,2453000,1014.9321
2019-10-27 19:21:55,2454001,1014.9448
2019-10-27 19:21:56,2455001,1014.9158
2019-10-27 19:21:57,2456000,1014.92505
2019-10-27 19:21:58,2457000,1014.91455
2019-10-27 19:21:59,2458000,1014.9033
2019-10-27 19:22:00,2459000,1014.8789
2019-10-27 19:22:01,2460001,1014.95825
2019-10-27 19:22:02,2461000,1014.86646
2019-10-27 19:22:03,2462000,1014.885
2019-10-27 19:22:04,2463000,1014.89966
2019-10-27 19:22:05,2464001,1014.90796
2019-10-27 19:22:06,2465000,1014.8784
2019-10-27 19:22:07,2466000,1014.9158
2019-10-27 19:22:08,2467000,1014.9082
2019-10-27 19:22:09,2468000,1014.9104
2019-10-27 19:22:10,2469001,1014.91187
2019-10-27 19:22:11,2470000,1014.9121
2019-10-27 19:22:12,2471000,1014.91016
2019-10-27 19:22:13,2472000,1014.8999
2019-10-27 19:22:14,2473000,1014.896
2019-10-27 19:22:15,2474001,1014.9082
2019-10-27 19:22:16,2475000,1014.875
2019-10-27 19:22:17,2476000,1014.905
2019-10-27 19:22:18,2477000,1014.92017
2019-10-27 19:22:19,2478001,1014.91016
2019-10-27 19:22:20,2479000,1014.9065
2019-10-27 19:22:21,2480000,1014.91626
2019-10-27 19:22:22,2481000,1014.92896
2019-10-27 19:22:23,2482001,1014.9341
2019-10-27 19:22:24,2483000,1014.92773
2019-10-27 19:22:25,2484000,1014.9263
2019-10-27 19:22:26,2485000,1014.92163
2019-10-27 19:22:27,2486001,1014.9104
2019-10-27 19:22:28,2487000,1014.8894
2019-10-27 19:22:29,2488000,1014.8794
2019-10-27 19:22:30,2489001,1014.87134
2019-10-27 19:22:31,2490000,1014.8828
2019-10-27 19:22:32,2491000,1014.8877
2019-10-27 19:22:33,2492001,1014.89307
2019-10-27 19:22:34,2493000,1014.88916
2019-10-27 19:22:35,2494000,1014.885
2019-10-27 19:22:36,2495000,1014.89087
2019-10-27 19:22:37,2496001,1014.8821
2019-10-27 19:22:38,2497000,1014.8926
2019-10-27 19:22:39,2498000,1014.90454
2019-10-27 19:22:40,2499000,1014.9126
2019-10-27 19:22:41,2500001,1014.89355
2019-10-27 19:22:42,2501000,1014.9026
2019-10-27 19:22:43,2502000,1014.897
2019-10-27 19:22:44,2503000,1014.9099
2019-10-27 19:22:45,2504001,1014.895
2019-10-27 19:22:46,2505000,1014.91187
2019-10-27 19:22:47,2506000,1014.8916
2019-10-27 19:22:48,2507000,1014.895
2019-10-27 19:22:49,2508001,1014.9131
2019-10-27 19:22:50,2509000,1014.8911
2019-10-27 19:22:51,2510000,1014.8965
2019-10-27 19:22:52,2511001,1014.8989
2019-10-27 19:22:53,2512000,1014.90234
2019-10-27 19:22:54,2513000,1014.92334
2019-10-27 19:22:55,2514000,1014.89185
2019-10-27 19:22:56,2515001,1014.9263
2019-10-27 19:22:57,2516000,1014.89087
2019-10-27 19:22:58,2517000,1014.91113
2019-10-27 19:22:59,2518000,1014.9109
2019-10-27 19:23:00,2519000,1014.9094
2019-10-27 19:23:01,2520000,1014.88403
2019-10-27 19:23:02,2521001,1014.9419
2019-10-27 19:23:03,2522000,1014.8811
2019-10-27 19:23:04,2523000,1014.905
2019-10-27 19:23:05,2524000,1014.91235
2019-10-27 19:23:06,2525001,1014.90283
2019-10-27 19:23:07,2526000,1014.8767
