Timestamp,Milliseconds,Illuminance
2019-10-27 18:41:01,1,47.0
2019-10-27 18:41:02,1001,91.0
2019-10-27 18:41:03,2001,110.0
2019-10-27 18:41:04,3001,144.0
2019-10-27 18:41:05,4002,47.0
2019-10-27 18:41:06,5001,2.0
2019-10-27 18:41:07,6002,0.0
2019-10-27 18:41:08,7001,1.0
2019-10-27 18:41:09,8001,4.0
2019-10-27 18:41:10,9004,3.0
2019-10-27 18:41:11,10001,4.0
2019-10-27 18:41:12,11002,0.0
2019-10-27 18:41:13,12001,20.0
2019-10-27 18:41:14,13001,24.0
2019-10-27 18:41:15,14004,78.0
2019-10-27 18:41:16,15001,132.0
2019-10-27 18:41:17,16001,103.0
2019-10-27 18:41:18,17002,53.0
2019-10-27 18:41:19,18001,93.0
2019-10-27 18:41:20,19001,127.0
2019-10-27 18:41:21,20001,116.0
2019-10-27 18:41:22,21002,117.0
2019-10-27 18:41:23,22001,118.0
2019-10-27 18:41:24,23001,118.0
2019-10-27 18:41:25,24001,117.0
2019-10-27 18:41:26,25002,117.0
2019-10-27 18:41:27,26001,117.0
2019-10-27 18:41:28,27001,117.0
2019-10-27 18:41:29,28002,117.0
2019-10-27 18:41:30,29001,117.0
2019-10-27 18:41:31,30002,117.0
2019-10-27 18:41:32,31001,117.0
2019-10-27 18:41:33,32001,117.0
2019-10-27 18:41:34,33002,117.0
2019-10-27 18:41:35,34001,117.0
2019-10-27 18:41:36,35001,117.0
2019-10-27 18:41:37,36002,117.0
2019-10-27 18:41:38,37001,117.0
2019-10-27 18:41:39,38001,118.0
2019-10-27 18:41:40,39001,117.0
2019-10-27 18:41:41,40002,117.0
2019-10-27 18:41:42,41001,117.0
2019-10-27 18:41:43,42002,117.0
2019-10-27 18:41:44,43001,117.0
2019-10-27 18:41:45,44001,117.0
2019-10-27 18:41:46,45001,117.0
2019-10-27 18:41:47,46002,117.0
2019-10-27 18:41:48,47001,117.0
2019-10-27 18:41:49,48001,117.0
2019-10-27 18:41:50,49001,117.0
2019-10-27 18:41:51,50002,117.0
2019-10-27 18:41:52,51001,117.0
2019-10-27 18:41:53,52001,117.0
2019-10-27 18:41:54,53001,117.0
2019-10-27 18:41:55,54001,117.0
2019-10-27 18:41:56,55002,117.0
2019-10-27 18:41:57,56001,117.0
2019-10-27 18:41:58,57002,117.0
2019-10-27 18:41:59,58001,117.0
2019-10-27 18:42:00,59002,117.0
2019-10-27 18:42:01,60001,118.0
2019-10-27 18:42:02,61001,117.0
2019-10-27 18:42:03,62001,117.0
2019-10-27 18:42:04,63002,117.0
2019-10-27 18:42:05,64001,117.0
2019-10-27 18:42:06,65001,117.0
2019-10-27 18:42:07,66002,117.0
2019-10-27 18:42:08,67001,117.0
2019-10-27 18:42:09,68001,117.0
2019-10-27 18:42:10,69001,117.0
2019-10-27 18:42:11,70002,117.0
2019-10-27 18:42:12,71001,117.0
2019-10-27 18:42:13,72001,117.0
2019-10-27 18:42:14,73002,117.0
2019-10-27 18:42:15,74001,117.0
2019-10-27 18:42:16,75001,118.0
2019-10-27 18:42:17,76001,117.0
2019-10-27 18:42:18,77001,117.0
2019-10-27 18:42:19,78001,117.0
2019-10-27 18:42:20,79001,117.0
2019-10-27 18:42:21,80002,117.0
2019-10-27 18:42:22,81001,117.0
2019-10-27 18:42:23,82001,117.0
2019-10-27 18:42:24,83001,118.0
2019-10-27 18:42:25,84001,117.0
2019-10-27 18:42:26,85002,117.0
2019-10-27 18:42:27,86001,117.0
2019-10-27 18:42:28,87002,117.0
2019-10-27 18:42:29,88001,117.0
2019-10-27 18:42:30,89001,117.0
2019-10-27 18:42:31,90001,117.0
2019-10-27 18:42:32,91002,117.0
2019-10-27 18:42:33,92001,117.0
2019-10-27 18:42:34,93002,117.0
2019-10-27 18:42:35,94001,117.0
2019-10-27 18:42:36,95001,117.0
2019-10-27 18:42:37,96001,117.0
2019-10-27 18:42:38,97002,117.0
2019-10-27 18:42:39,98001,117.0
2019-10-27 18:42:40,99001,117.0
2019-10-27 18:42:41,100002,117.0
2019-10-27 18:42:42,101001,117.0
2019-10-27 18:42:43,102001,117.0
2019-10-27 18:42:44,103002,116.0
2019-10-27 18:42:45,104001,116.0
2019-10-27 18:42:46,105001,116.0
2019-10-27 18:42:47,106002,117.0
2019-10-27 18:42:48,107001,116.0
2019-10-27 18:42:49,108001,116.0
2019-10-27 18:42:50,109002,117.0
2019-10-27 18:42:51,110001,117.0
2019-10-27 18:42:52,111001,117.0
2019-10-27 18:42:53,112002,118.0
2019-10-27 18:42:54,113001,118.0
2019-10-27 18:42:55,114003,118.0
2019-10-27 18:42:56,115001,117.0
2019-10-27 18:42:57,116001,118.0
2019-10-27 18:42:58,117002,117.0
2019-10-27 18:42:59,118001,118.0
2019-10-27 18:43:00,119001,118.0
2019-10-27 18:43:01,120001,118.0
2019-10-27 18:43:02,121002,117.0
2019-10-27 18:43:03,122001,118.0
2019-10-27 18:43:04,123001,117.0
2019-10-27 18:43:05,124001,118.0
2019-10-27 18:43:06,125002,118.0
2019-10-27 18:43:07,126001,119.0
2019-10-27 18:43:08,127002,119.0
2019-10-27 18:43:09,128001,0.0
2019-10-27 18:43:10,129001,0.0
2019-10-27 18:43:11,130002,0.0
2019-10-27 18:43:12,131001,0.0
2019-10-27 18:43:13,132001,2.0
2019-10-27 18:43:14,133002,7.0
2019-10-27 18:43:15,134001,6.0
2019-10-27 18:43:16,135001,5.0
2019-10-27 18:43:17,136002,2.0
2019-10-27 18:43:18,137001,2.0
2019-10-27 18:43:19,138001,4.0
2019-10-27 18:43:20,139001,0.0
2019-10-27 18:43:21,140002,0.0
2019-10-27 18:43:22,141001,0.0
2019-10-27 18:43:23,142001,0.0
2019-10-27 18:43:24,143001,0.0
2019-10-27 18:43:25,144002,0.0
2019-10-27 18:43:26,145001,0.0
2019-10-27 18:43:27,146001,0.0
2019-10-27 18:43:28,147003,0.0
2019-10-27 18:43:29,148001,0.0
2019-10-27 18:43:30,149001,0.0
2019-10-27 18:43:31,150001,0.0
2019-10-27 18:43:32,151002,0.0
2019-10-27 18:43:33,152001,0.0
2019-10-27 18:43:34,153001,0.0
2019-10-27 18:43:35,154002,0.0
2019-10-27 18:43:36,155001,0.0
2019-10-27 18:43:37,156001,0.0
2019-10-27 18:43:38,157001,0.0
2019-10-27 18:43:39,158002,0.0
2019-10-27 18:43:40,159001,0.0
2019-10-27 18:43:41,160001,0.0
2019-10-27 18:43:42,161001,0.0
2019-10-27 18:43:43,162001,0.0
2019-10-27 18:43:44,163001,0.0
2019-10-27 18:43:45,164001,0.0
2019-10-27 18:43:46,165001,0.0
2019-10-27 18:43:47,166002,0.0
2019-10-27 18:43:48,167001,0.0
2019-10-27 18:43:49,168001,0.0
2019-10-27 18:43:50,169002,0.0
2019-10-27 18:43:51,170001,0.0
2019-10-27 18:43:52,171001,0.0
2019-10-27 18:43:53,172001,0.0
2019-10-27 18:43:54,173001,0.0
2019-10-27 18:43:55,174002,0.0
2019-10-27 18:43:56,175001,0.0
2019-10-27 18:43:57,176001,0.0
2019-10-27 18:43:58,177001,0.0
2019-10-27 18:43:59,178002,0.0
2019-10-27 18:44:00,179001,0.0
2019-10-27 18:44:01,180001,0.0
2019-10-27 18:44:02,181001,0.0
2019-10-27 18:44:03,182001,0.0
2019-10-27 18:44:04,183001,0.0
2019-10-27 18:44:05,184002,0.0
2019-10-27 18:44:06,185002,0.0
2019-10-27 18:44:07,186001,0.0
2019-10-27 18:44:08,187001,0.0
2019-10-27 18:44:09,188002,0.0
2019-10-27 18:44:10,189001,0.0
2019-10-27 18:44:11,190001,0.0
2019-10-27 18:44:12,191001,0.0
2019-10-27 18:44:13,192002,0.0
2019-10-27 18:44:14,193001,0.0
2019-10-27 18:44:15,194001,0.0
2019-10-27 18:44:16,195001,0.0
2019-10-27 18:44:17,196002,0.0
2019-10-27 18:44:18,197001,0.0
2019-10-27 18:44:19,198001,0.0
2019-10-27 18:44:20,199002,0.0
2019-10-27 18:44:21,200001,0.0
2019-10-27 18:44:22,201001,0.0
2019-10-27 18:44:23,202001,0.0
2019-10-27 18:44:24,203002,0.0
2019-10-27 18:44:25,204001,0.0
2019-10-27 18:44:26,205001,0.0
2019-10-27 18:44:27,206002,0.0
2019-10-27 18:44:28,207001,0.0
2019-10-27 18:44:29,208001,0.0
2019-10-27 18:44:30,209002,0.0
2019-10-27 18:44:31,210001,0.0
2019-10-27 18:44:32,211001,0.0
2019-10-27 18:44:33,212001,0.0
2019-10-27 18:44:34,213001,0.0
2019-10-27 18:44:35,214001,0.0
2019-10-27 18:44:36,215002,0.0
2019-10-27 18:44:37,216001,0.0
2019-10-27 18:44:38,217002,0.0
2019-10-27 18:44:39,218001,0.0
2019-10-27 18:44:40,219001,0.0
2019-10-27 18:44:41,220001,0.0
2019-10-27 18:44:42,221002,0.0
2019-10-27 18:44:43,222001,0.0
2019-10-27 18:44:44,223002,0.0
2019-10-27 18:44:45,224001,0.0
2019-10-27 18:44:46,225001,0.0
2019-10-27 18:44:47,226002,0.0
2019-10-27 18:44:48,227001,0.0
2019-10-27 18:44:49,228001,0.0
2019-10-27 18:44:50,229002,0.0
2019-10-27 18:44:51,230001,0.0
2019-10-27 18:44:52,231002,0.0
2019-10-27 18:44:53,232001,0.0
2019-10-27 18:44:54,233001,0.0
2019-10-27 18:44:55,234002,0.0
2019-10-27 18:44:56,235001,0.0
2019-10-27 18:44:57,236001,0.0
2019-10-27 18:44:58,237001,0.0
2019-10-27 18:44:59,238002,0.0
2019-10-27 18:45:00,239001,0.0
2019-10-27 18:45:01,240001,0.0
2019-10-27 18:45:02,241001,0.0
2019-10-27 18:45:03,242002,0.0
2019-10-27 18:45:04,243001,0.0
2019-10-27 18:45:05,244001,0.0
2019-10-27 18:45:06,245001,0.0
2019-10-27 18:45:07,246002,0.0
2019-10-27 18:45:08,247001,0.0
2019-10-27 18:45:09,248001,0.0
2019-10-27 18:45:10,249001,0.0
2019-10-27 18:45:11,250002,0.0
2019-10-27 18:45:12,251001,0.0
2019-10-27 18:45:13,252001,0.0
2019-10-27 18:45:14,253001,0.0
2019-10-27 18:45:15,254002,0.0
2019-10-27 18:45:16,255001,0.0
2019-10-27 18:45:17,256001,0.0
2019-10-27 18:45:18,257001,0.0
2019-10-27 18:45:19,258002,0.0
2019-10-27 18:45:20,259001,0.0
2019-10-27 18:45:21,260001,0.0
2019-10-27 18:45:22,261002,0.0
2019-10-27 18:45:23,262001,0.0
2019-10-27 18:45:24,263001,0.0
2019-10-27 18:45:25,264002,0.0
2019-10-27 18:45:26,265001,0.0
2019-10-27 18:45:27,266001,0.0
2019-10-27 18:45:28,267001,0.0
2019-10-27 18:45:29,268002,0.0
2019-10-27 18:45:30,269001,0.0
2019-10-27 18:45:31,270001,0.0
2019-10-27 18:45:32,271002,0.0
2019-10-27 18:45:33,272001,0.0
2019-10-27 18:45:34,273002,0.0
2019-10-27 18:45:35,274001,0.0
2019-10-27 18:45:36,275001,0.0
2019-10-27 18:45:37,276001,0.0
2019-10-27 18:45:38,277002,0.0
2019-10-27 18:45:39,278001,0.0
2019-10-27 18:45:40,279001,0.0
2019-10-27 18:45:41,280001,0.0
2019-10-27 18:45:42,281002,0.0
2019-10-27 18:45:43,282002,0.0
2019-10-27 18:45:44,283001,0.0
2019-10-27 18:45:45,284001,0.0
2019-10-27 18:45:46,285002,0.0
2019-10-27 18:45:47,286001,0.0
2019-10-27 18:45:48,287001,0.0
2019-10-27 18:45:49,288002,0.0
2019-10-27 18:45:50,289001,0.0
2019-10-27 18:45:51,290001,0.0
2019-10-27 18:45:52,291001,0.0
2019-10-27 18:45:53,292002,0.0
2019-10-27 18:45:54,293001,2.0
2019-10-27 18:45:55,294001,0.0
2019-10-27 18:45:56,295001,0.0
2019-10-27 18:45:57,296002,0.0
2019-10-27 18:45:58,297001,0.0
2019-10-27 18:45:59,298002,0.0
2019-10-27 18:46:00,299001,0.0
2019-10-27 18:46:01,300002,0.0
2019-10-27 18:46:02,301001,0.0
2019-10-27 18:46:03,302002,0.0
2019-10-27 18:46:04,303001,0.0
2019-10-27 18:46:05,304001,0.0
2019-10-27 18:46:06,305002,0.0
2019-10-27 18:46:07,306001,0.0
2019-10-27 18:46:08,307001,0.0
2019-10-27 18:46:09,308002,0.0
2019-10-27 18:46:10,309001,0.0
2019-10-27 18:46:11,310001,0.0
2019-10-27 18:46:12,311001,0.0
2019-10-27 18:46:13,312002,0.0
2019-10-27 18:46:14,313001,0.0
2019-10-27 18:46:15,314001,0.0
2019-10-27 18:46:16,315001,0.0
2019-10-27 18:46:17,316001,0.0
2019-10-27 18:46:18,317001,0.0
2019-10-27 18:46:19,318001,0.0
2019-10-27 18:46:20,319001,0.0
2019-10-27 18:46:21,320002,0.0
2019-10-27 18:46:22,321001,0.0
2019-10-27 18:46:23,322001,0.0
2019-10-27 18:46:24,323001,0.0
2019-10-27 18:46:25,324002,0.0
2019-10-27 18:46:26,325001,0.0
2019-10-27 18:46:27,326001,0.0
2019-10-27 18:46:28,327002,0.0
2019-10-27 18:46:29,328001,0.0
2019-10-27 18:46:30,329001,0.0
2019-10-27 18:46:31,330002,0.0
2019-10-27 18:46:32,331001,0.0
2019-10-27 18:46:33,332001,0.0
2019-10-27 18:46:34,333008,0.0
2019-10-27 18:46:35,334002,0.0
2019-10-27 18:46:36,335002,0.0
2019-10-27 18:46:37,336001,0.0
2019-10-27 18:46:38,337001,0.0
2019-10-27 18:46:39,338001,0.0
2019-10-27 18:46:40,339002,0.0
2019-10-27 18:46:41,340001,0.0
2019-10-27 18:46:42,341002,0.0
2019-10-27 18:46:43,342001,0.0
2019-10-27 18:46:44,343001,0.0
2019-10-27 18:46:45,344001,0.0
2019-10-27 18:46:46,345001,0.0
2019-10-27 18:46:47,346002,0.0
2019-10-27 18:46:48,347001,0.0
2019-10-27 18:46:49,348002,0.0
2019-10-27 18:46:50,349001,0.0
2019-10-27 18:46:51,350001,0.0
2019-10-27 18:46:52,351002,0.0
2019-10-27 18:46:53,352001,0.0
2019-10-27 18:46:54,353001,0.0
2019-10-27 18:46:55,354002,0.0
2019-10-27 18:46:56,355001,0.0
2019-10-27 18:46:57,356001,0.0
2019-10-27 18:46:58,357001,0.0
2019-10-27 18:46:59,358001,0.0
2019-10-27 18:47:00,359002,0.0
2019-10-27 18:47:01,360001,0.0
2019-10-27 18:47:02,361001,0.0
2019-10-27 18:47:03,362002,0.0
2019-10-27 18:47:04,363001,0.0
2019-10-27 18:47:05,364002,0.0
2019-10-27 18:47:06,365001,0.0
2019-10-27 18:47:07,366002,0.0
2019-10-27 18:47:08,367001,0.0
2019-10-27 18:47:09,368001,0.0
2019-10-27 18:47:10,369001,0.0
2019-10-27 18:47:11,370001,0.0
2019-10-27 18:47:12,371001,0.0
2019-10-27 18:47:13,372001,0.0
2019-10-27 18:47:14,373001,0.0
2019-10-27 18:47:15,374001,0.0
2019-10-27 18:47:16,375001,0.0
2019-10-27 18:47:17,376002,0.0
2019-10-27 18:47:18,377001,0.0
2019-10-27 18:47:19,378001,0.0
2019-10-27 18:47:20,379001,0.0
2019-10-27 18:47:21,380001,4.0
2019-10-27 18:47:22,381002,1.0
2019-10-27 18:47:23,382001,2.0
2019-10-27 18:47:24,383001,97.0
2019-10-27 18:47:25,384001,0.0
2019-10-27 18:47:26,385001,0.0
2019-10-27 18:47:27,386024,3.0
2019-10-27 18:47:29,387041,4.0
2019-10-27 18:47:30,388032,2.0
2019-10-27 18:47:31,389041,4.0
2019-10-27 18:47:32,390037,0.0
2019-10-27 18:47:32,391004,2.0
2019-10-27 18:47:34,392041,15.0
2019-10-27 18:47:35,393038,2.0
2019-10-27 18:47:36,394041,2.0
2019-10-27 18:47:37,395041,0.0
2019-10-27 18:47:38,396032,0.0
2019-10-27 18:47:39,397032,2.0
2019-10-27 18:47:40,398041,10.0
2019-10-27 18:47:41,399040,23.0
2019-10-27 18:47:42,400037,0.0
2019-10-27 18:47:43,401037,1.0
2019-10-27 18:47:44,402040,53.0
2019-10-27 18:47:45,403040,0.0
2019-10-27 18:47:46,404037,3.0
2019-10-27 18:47:47,405038,3.0
2019-10-27 18:47:48,406041,32.0
2019-10-27 18:47:49,407038,5.0
2019-10-27 18:47:50,408034,0.0
2019-10-27 18:47:51,409038,6.0
2019-10-27 18:47:52,410038,3.0
2019-10-27 18:47:53,411052,22.0
2019-10-27 18:47:54,412032,0.0
2019-10-27 18:47:55,413041,2.0
2019-10-27 18:47:56,414038,15.0
2019-10-27 18:47:57,415052,0.0
2019-10-27 18:47:58,416040,0.0
2019-10-27 18:47:59,417038,0.0
2019-10-27 18:48:00,418040,0.0
2019-10-27 18:48:00,419021,0.0
2019-10-27 18:48:01,420015,0.0
2019-10-27 18:48:02,421004,0.0
2019-10-27 18:48:04,422052,0.0
2019-10-27 18:48:04,423015,0.0
2019-10-27 18:48:05,424016,0.0
2019-10-27 18:48:07,425041,0.0
2019-10-27 18:48:07,426016,0.0
2019-10-27 18:48:09,427039,0.0
2019-10-27 18:48:09,428013,0.0
2019-10-27 18:48:11,429038,0.0
2019-10-27 18:48:12,430041,0.0
2019-10-27 18:48:12,431017,0.0
2019-10-27 18:48:14,432040,0.0
2019-10-27 18:48:15,433040,0.0
2019-10-27 18:48:16,434041,0.0
2019-10-27 18:48:17,435042,0.0
2019-10-27 18:48:18,436041,0.0
2019-10-27 18:48:19,437052,0.0
2019-10-27 18:48:20,438039,0.0
2019-10-27 18:48:21,439041,0.0
2019-10-27 18:48:22,440037,0.0
2019-10-27 18:48:23,441032,0.0
2019-10-27 18:48:24,442040,0.0
2019-10-27 18:48:25,443040,0.0
2019-10-27 18:48:26,444042,0.0
2019-10-27 18:48:27,445037,0.0
2019-10-27 18:48:28,446040,0.0
2019-10-27 18:48:29,447036,0.0
2019-10-27 18:48:30,448041,0.0
2019-10-27 18:48:31,449037,0.0
2019-10-27 18:48:31,450006,0.0
2019-10-27 18:48:33,451039,0.0
2019-10-27 18:48:33,452002,0.0
2019-10-27 18:48:34,453002,0.0
2019-10-27 18:48:36,454039,0.0
2019-10-27 18:48:36,455004,0.0
2019-10-27 18:48:37,456009,0.0
2019-10-27 18:48:39,457037,0.0
2019-10-27 18:48:40,458032,0.0
2019-10-27 18:48:41,459027,0.0
2019-10-27 18:48:42,460040,0.0
2019-10-27 18:48:42,461025,0.0
2019-10-27 18:48:44,462041,0.0
2019-10-27 18:48:45,463052,0.0
2019-10-27 18:48:46,464037,0.0
2019-10-27 18:48:47,465040,0.0
2019-10-27 18:48:48,466042,0.0
2019-10-27 18:48:48,467013,0.0
2019-10-27 18:48:50,468038,0.0
2019-10-27 18:48:51,469032,0.0
2019-10-27 18:48:52,470037,0.0
2019-10-27 18:48:53,471038,0.0
2019-10-27 18:48:53,472012,0.0
2019-10-27 18:48:54,473004,0.0
2019-10-27 18:48:56,474039,0.0
2019-10-27 18:48:57,475040,0.0
2019-10-27 18:48:58,476052,0.0
2019-10-27 18:48:58,477016,0.0
2019-10-27 18:49:00,478038,0.0
2019-10-27 18:49:01,479037,0.0
2019-10-27 18:49:02,480052,0.0
2019-10-27 18:49:03,481040,0.0
2019-10-27 18:49:04,482032,0.0
2019-10-27 18:49:05,483040,0.0
2019-10-27 18:49:06,484040,0.0
2019-10-27 18:49:07,485037,0.0
2019-10-27 18:49:08,486041,0.0
2019-10-27 18:49:09,487037,0.0
2019-10-27 18:49:10,488041,0.0
2019-10-27 18:49:11,489038,0.0
2019-10-27 18:49:12,490038,0.0
2019-10-27 18:49:13,491040,0.0
2019-10-27 18:49:14,492052,0.0
2019-10-27 18:49:15,493032,0.0
2019-10-27 18:49:16,494052,0.0
2019-10-27 18:49:17,495052,0.0
2019-10-27 18:49:18,496052,0.0
2019-10-27 18:49:19,497037,0.0
2019-10-27 18:49:20,498037,0.0
2019-10-27 18:49:21,499039,0.0
2019-10-27 18:49:22,500039,0.0
2019-10-27 18:49:23,501041,0.0
2019-10-27 18:49:23,502008,0.0
2019-10-27 18:49:25,503038,0.0
2019-10-27 18:49:26,504052,0.0
2019-10-27 18:49:27,505037,0.0
2019-10-27 18:49:28,506032,0.0
2019-10-27 18:49:29,507040,0.0
2019-10-27 18:49:29,508023,0.0
2019-10-27 18:49:30,509023,0.0
2019-10-27 18:49:32,510039,0.0
2019-10-27 18:49:33,511052,0.0
2019-10-27 18:49:34,512039,0.0
2019-10-27 18:49:35,513030,0.0
2019-10-27 18:49:36,514038,0.0
2019-10-27 18:49:37,515039,0.0
2019-10-27 18:49:38,516040,0.0
2019-10-27 18:49:39,517052,0.0
2019-10-27 18:49:40,518039,0.0
2019-10-27 18:49:41,519040,0.0
2019-10-27 18:49:42,520038,0.0
2019-10-27 18:49:43,521041,0.0
2019-10-27 18:49:43,522023,0.0
2019-10-27 18:49:44,523016,0.0
2019-10-27 18:49:46,524029,0.0
2019-10-27 18:49:47,525039,0.0
2019-10-27 18:49:48,526037,0.0
2019-10-27 18:49:49,527038,0.0
2019-10-27 18:49:50,528032,0.0
2019-10-27 18:49:51,529052,0.0
2019-10-27 18:49:51,530017,0.0
2019-10-27 18:49:53,531038,0.0
2019-10-27 18:49:54,532033,0.0
2019-10-27 18:49:55,533040,0.0
2019-10-27 18:49:55,534020,0.0
2019-10-27 18:49:56,535026,0.0
2019-10-27 18:49:58,536040,0.0
2019-10-27 18:49:59,537036,0.0
2019-10-27 18:49:59,538021,0.0
2019-10-27 18:50:01,539037,0.0
2019-10-27 18:50:02,540040,0.0
2019-10-27 18:50:03,541038,0.0
2019-10-27 18:50:04,542038,0.0
2019-10-27 18:50:05,543040,0.0
2019-10-27 18:50:06,544037,0.0
2019-10-27 18:50:06,545022,0.0
2019-10-27 18:50:08,546041,0.0
2019-10-27 18:50:09,547040,0.0
2019-10-27 18:50:10,548040,0.0
2019-10-27 18:50:11,549040,0.0
2019-10-27 18:50:12,550040,0.0
2019-10-27 18:50:12,551012,0.0
2019-10-27 18:50:14,552041,0.0
2019-10-27 18:50:15,553041,0.0
2019-10-27 18:50:16,554040,0.0
2019-10-27 18:50:17,555040,0.0
2019-10-27 18:50:18,556040,0.0
2019-10-27 18:50:19,557040,0.0
2019-10-27 18:50:20,558040,0.0
2019-10-27 18:50:21,559039,0.0
2019-10-27 18:50:21,560021,0.0
2019-10-27 18:50:23,561041,0.0
2019-10-27 18:50:24,562041,0.0
2019-10-27 18:50:25,563040,0.0
2019-10-27 18:50:26,564041,0.0
2019-10-27 18:50:27,565037,0.0
2019-10-27 18:50:28,566038,0.0
2019-10-27 18:50:29,567052,0.0
2019-10-27 18:50:30,568052,0.0
2019-10-27 18:50:31,569052,0.0
2019-10-27 18:50:32,570039,0.0
2019-10-27 18:50:33,571038,0.0
2019-10-27 18:50:34,572040,0.0
2019-10-27 18:50:35,573038,0.0
2019-10-27 18:50:36,574042,0.0
2019-10-27 18:50:37,575041,0.0
2019-10-27 18:50:38,576032,0.0
2019-10-27 18:50:39,577040,0.0
2019-10-27 18:50:40,578034,0.0
2019-10-27 18:50:41,579038,0.0
2019-10-27 18:50:41,580015,0.0
2019-10-27 18:50:42,581012,0.0
2019-10-27 18:50:44,582040,0.0
2019-10-27 18:50:45,583032,0.0
2019-10-27 18:50:45,584012,0.0
2019-10-27 18:50:47,585039,0.0
2019-10-27 18:50:48,586032,0.0
2019-10-27 18:50:49,587040,0.0
2019-10-27 18:50:50,588041,0.0
2019-10-27 18:50:50,589022,0.0
2019-10-27 18:50:52,590040,0.0
2019-10-27 18:50:53,591038,0.0
2019-10-27 18:50:54,592040,0.0
2019-10-27 18:50:55,593040,0.0
2019-10-27 18:50:56,594052,0.0
2019-10-27 18:50:57,595038,0.0
2019-10-27 18:50:58,596032,0.0
2019-10-27 18:50:59,597040,0.0
2019-10-27 18:51:00,598040,0.0
2019-10-27 18:51:01,599039,0.0
2019-10-27 18:51:02,600032,0.0
2019-10-27 18:51:02,601026,0.0
2019-10-27 18:51:04,602031,0.0
2019-10-27 18:51:05,603041,0.0
2019-10-27 18:51:06,604039,0.0
2019-10-27 18:51:06,605013,0.0
2019-10-27 18:51:08,606039,0.0
2019-10-27 18:51:09,607032,0.0
2019-10-27 18:51:10,608040,0.0
2019-10-27 18:51:11,609031,0.0
2019-10-27 18:51:12,610032,0.0
2019-10-27 18:51:13,611030,0.0
2019-10-27 18:51:14,612032,0.0
2019-10-27 18:51:15,613052,0.0
2019-10-27 18:51:16,614039,0.0
2019-10-27 18:51:17,615038,0.0
2019-10-27 18:51:18,616040,0.0
2019-10-27 18:51:19,617037,0.0
2019-10-27 18:51:20,618038,0.0
2019-10-27 18:51:21,619040,0.0
2019-10-27 18:51:22,620031,0.0
2019-10-27 18:51:23,621030,0.0
2019-10-27 18:51:24,622052,0.0
2019-10-27 18:51:25,623032,0.0
2019-10-27 18:51:25,624022,0.0
2019-10-27 18:51:27,625039,0.0
2019-10-27 18:51:28,626038,0.0
2019-10-27 18:51:29,627040,0.0
2019-10-27 18:51:29,628016,0.0
2019-10-27 18:51:31,629037,0.0
2019-10-27 18:51:31,630022,0.0
2019-10-27 18:51:33,631040,0.0
2019-10-27 18:51:34,632030,0.0
2019-10-27 18:51:34,633012,0.0
2019-10-27 18:51:36,634029,0.0
2019-10-27 18:51:37,635040,0.0
2019-10-27 18:51:38,636032,0.0
2019-10-27 18:51:39,637030,0.0
2019-10-27 18:51:40,638030,0.0
2019-10-27 18:51:41,639030,0.0
2019-10-27 18:51:42,640040,0.0
2019-10-27 18:51:43,641032,0.0
2019-10-27 18:51:44,642040,0.0
2019-10-27 18:51:45,643040,0.0
2019-10-27 18:51:46,644030,0.0
2019-10-27 18:51:47,645030,0.0
2019-10-27 18:51:48,646030,0.0
2019-10-27 18:51:49,647039,0.0
2019-10-27 18:51:50,648032,0.0
2019-10-27 18:51:50,649022,0.0
2019-10-27 18:51:52,650040,0.0
2019-10-27 18:51:53,651040,0.0
2019-10-27 18:51:54,652040,0.0
2019-10-27 18:51:55,653038,0.0
2019-10-27 18:51:56,654040,0.0
2019-10-27 18:51:57,655040,0.0
2019-10-27 18:51:58,656041,0.0
2019-10-27 18:51:59,657040,0.0
2019-10-27 18:52:00,658065,0.0
2019-10-27 18:52:01,659053,0.0
2019-10-27 18:52:02,660052,0.0
2019-10-27 18:52:03,661052,0.0
2019-10-27 18:52:04,662041,0.0
2019-10-27 18:52:05,663040,0.0
2019-10-27 18:52:05,664024,0.0
2019-10-27 18:52:07,665038,0.0
2019-10-27 18:52:08,666039,0.0
2019-10-27 18:52:08,667015,0.0
2019-10-27 18:52:10,668038,0.0
2019-10-27 18:52:10,669001,0.0
2019-10-27 18:52:12,670041,0.0
2019-10-27 18:52:13,671040,0.0
2019-10-27 18:52:14,672040,0.0
2019-10-27 18:52:15,673032,0.0
2019-10-27 18:52:16,674039,0.0
2019-10-27 18:52:17,675038,0.0
2019-10-27 18:52:18,676032,0.0
2019-10-27 18:52:18,677003,0.0
2019-10-27 18:52:20,678032,0.0
2019-10-27 18:52:21,679038,0.0
2019-10-27 18:52:22,680039,0.0
2019-10-27 18:52:23,681037,0.0
2019-10-27 18:52:24,682040,0.0
2019-10-27 18:52:24,683009,0.0
2019-10-27 18:52:26,684041,0.0
2019-10-27 18:52:27,685039,0.0
2019-10-27 18:52:28,686037,0.0
2019-10-27 18:52:29,687042,0.0
2019-10-27 18:52:30,688040,0.0
2019-10-27 18:52:31,689053,0.0
2019-10-27 18:52:32,690040,0.0
2019-10-27 18:52:32,691015,0.0
2019-10-27 18:52:34,692032,0.0
2019-10-27 18:52:35,693040,0.0
2019-10-27 18:52:36,694052,0.0
2019-10-27 18:52:37,695052,0.0
2019-10-27 18:52:38,696032,0.0
2019-10-27 18:52:39,697038,0.0
2019-10-27 18:52:39,698002,0.0
2019-10-27 18:52:41,699039,0.0
2019-10-27 18:52:41,700012,0.0
2019-10-27 18:52:43,701052,0.0
2019-10-27 18:52:44,702042,0.0
2019-10-27 18:52:45,703038,0.0
2019-10-27 18:52:45,704012,0.0
2019-10-27 18:52:47,705040,0.0
2019-10-27 18:52:48,706040,0.0
2019-10-27 18:52:49,707037,0.0
2019-10-27 18:52:50,708041,0.0
2019-10-27 18:52:51,709052,0.0
2019-10-27 18:52:52,710040,0.0
2019-10-27 18:52:53,711040,0.0
2019-10-27 18:52:54,712052,0.0
2019-10-27 18:52:55,713036,0.0
2019-10-27 18:52:56,714032,0.0
2019-10-27 18:52:57,715033,0.0
2019-10-27 18:52:58,716040,0.0
2019-10-27 18:52:59,717053,0.0
2019-10-27 18:53:00,718040,0.0
2019-10-27 18:53:01,719040,0.0
2019-10-27 18:53:02,720041,0.0
2019-10-27 18:53:03,721041,0.0
2019-10-27 18:53:03,722016,0.0
2019-10-27 18:53:04,723012,0.0
2019-10-27 18:53:05,724023,0.0
2019-10-27 18:53:07,725052,0.0
2019-10-27 18:53:08,726038,0.0
2019-10-27 18:53:09,727040,0.0
2019-10-27 18:53:10,728053,0.0
2019-10-27 18:53:10,729022,0.0
2019-10-27 18:53:12,730040,0.0
2019-10-27 18:53:13,731040,0.0
2019-10-27 18:53:14,732038,0.0
2019-10-27 18:53:14,733008,0.0
2019-10-27 18:53:15,734012,0.0
2019-10-27 18:53:17,735040,0.0
2019-10-27 18:53:18,736042,0.0
2019-10-27 18:53:19,737041,0.0
2019-10-27 18:53:20,738039,0.0
2019-10-27 18:53:21,739052,0.0
2019-10-27 18:53:22,740041,0.0
2019-10-27 18:53:23,741038,0.0
2019-10-27 18:53:23,742022,0.0
2019-10-27 18:53:25,743041,0.0
2019-10-27 18:53:25,744020,0.0
2019-10-27 18:53:26,745002,0.0
2019-10-27 18:53:28,746041,0.0
2019-10-27 18:53:29,747032,0.0
2019-10-27 18:53:29,748009,0.0
2019-10-27 18:53:31,749036,0.0
2019-10-27 18:53:31,750023,0.0
2019-10-27 18:53:33,751029,0.0
2019-10-27 18:53:34,752036,0.0
2019-10-27 18:53:35,753041,0.0
2019-10-27 18:53:36,754040,0.0
2019-10-27 18:53:36,755001,0.0
2019-10-27 18:53:37,756001,0.0
2019-10-27 18:53:38,757002,0.0
2019-10-27 18:53:39,758001,0.0
2019-10-27 18:53:40,759001,0.0
2019-10-27 18:53:41,760001,0.0
2019-10-27 18:53:42,761001,20.0
2019-10-27 18:53:43,762001,20.0
2019-10-27 18:53:44,763001,20.0
2019-10-27 18:53:45,764001,20.0
2019-10-27 18:53:46,765001,21.0
2019-10-27 18:53:47,766001,22.0
2019-10-27 18:53:48,767002,22.0
2019-10-27 18:53:49,768001,22.0
2019-10-27 18:53:50,769001,22.0
2019-10-27 18:53:51,770001,21.0
2019-10-27 18:53:52,771002,21.0
2019-10-27 18:53:53,772001,21.0
2019-10-27 18:53:54,773001,20.0
2019-10-27 18:53:55,774001,20.0
2019-10-27 18:53:56,775002,20.0
2019-10-27 18:53:57,776001,20.0
2019-10-27 18:53:58,777001,20.0
2019-10-27 18:53:59,778001,20.0
2019-10-27 18:54:00,779002,21.0
2019-10-27 18:54:01,780001,19.0
2019-10-27 18:54:02,781001,35.0
2019-10-27 18:54:03,782001,30.0
2019-10-27 18:54:04,783001,20.0
2019-10-27 18:54:05,784002,7.0
2019-10-27 18:54:06,785001,11.0
2019-10-27 18:54:07,786001,4.0
2019-10-27 18:54:08,787001,21.0
2019-10-27 18:54:09,788001,8.0
2019-10-27 18:54:10,789002,23.0
2019-10-27 18:54:11,790001,21.0
2019-10-27 18:54:12,791002,14.0
2019-10-27 18:54:13,792001,31.0
2019-10-27 18:54:14,793001,10.0
2019-10-27 18:54:15,794001,4.0
2019-10-27 18:54:16,795002,23.0
2019-10-27 18:54:17,796001,4.0
2019-10-27 18:54:18,797001,27.0
2019-10-27 18:54:19,798002,3.0
2019-10-27 18:54:20,799002,10.0
2019-10-27 18:54:21,800001,9.0
2019-10-27 18:54:22,801001,5.0
2019-10-27 18:54:23,802001,23.0
2019-10-27 18:54:24,803002,21.0
2019-10-27 18:54:25,804001,6.0
2019-10-27 18:54:26,805001,31.0
2019-10-27 18:54:27,806001,8.0
2019-10-27 18:54:28,807001,7.0
2019-10-27 18:54:29,808002,21.0
2019-10-27 18:54:30,809001,6.0
2019-10-27 18:54:31,810001,6.0
2019-10-27 18:54:32,811001,32.0
2019-10-27 18:54:33,812001,13.0
2019-10-27 18:54:34,813001,10.0
2019-10-27 18:54:35,814002,9.0
2019-10-27 18:54:36,815001,2.0
2019-10-27 18:54:37,816001,5.0
2019-10-27 18:54:38,817001,34.0
2019-10-27 18:54:39,818001,3.0
2019-10-27 18:54:40,819002,31.0
2019-10-27 18:54:41,820002,2.0
2019-10-27 18:54:42,821001,19.0
2019-10-27 18:54:43,822001,2.0
2019-10-27 18:54:44,823002,21.0
2019-10-27 18:54:45,824001,4.0
2019-10-27 18:54:46,825001,11.0
2019-10-27 18:54:47,826001,15.0
2019-10-27 18:54:48,827002,10.0
2019-10-27 18:54:49,828001,8.0
2019-10-27 18:54:50,829001,5.0
2019-10-27 18:54:51,830001,5.0
2019-10-27 18:54:52,831001,4.0
2019-10-27 18:54:53,832001,4.0
2019-10-27 18:54:54,833002,5.0
2019-10-27 18:54:55,834001,5.0
2019-10-27 18:54:56,835001,6.0
2019-10-27 18:54:57,836001,5.0
2019-10-27 18:54:58,837001,5.0
2019-10-27 18:54:59,838001,4.0
2019-10-27 18:55:00,839002,3.0
2019-10-27 18:55:01,840001,13.0
2019-10-27 18:55:02,841001,11.0
2019-10-27 18:55:03,842001,4.0
2019-10-27 18:55:04,843002,13.0
2019-10-27 18:55:05,844001,4.0
2019-10-27 18:55:06,845001,13.0
2019-10-27 18:55:07,846002,6.0
2019-10-27 18:55:08,847001,6.0
2019-10-27 18:55:09,848001,29.0
2019-10-27 18:55:10,849001,24.0
2019-10-27 18:55:11,850002,1.0
2019-10-27 18:55:12,851001,13.0
2019-10-27 18:55:13,852001,2.0
2019-10-27 18:55:14,853001,0.0
2019-10-27 18:55:15,854001,22.0
2019-10-27 18:55:16,855002,3.0
2019-10-27 18:55:17,856001,26.0
2019-10-27 18:55:18,857001,8.0
2019-10-27 18:55:19,858001,2.0
2019-10-27 18:55:20,859002,9.0
2019-10-27 18:55:21,860001,2.0
2019-10-27 18:55:22,861001,19.0
2019-10-27 18:55:23,862001,2.0
2019-10-27 18:55:24,863002,24.0
2019-10-27 18:55:25,864001,1.0
2019-10-27 18:55:26,865001,25.0
2019-10-27 18:55:27,866001,22.0
2019-10-27 18:55:28,867001,25.0
2019-10-27 18:55:29,868001,3.0
2019-10-27 18:55:30,869002,8.0
2019-10-27 18:55:31,870001,6.0
2019-10-27 18:55:32,871001,2.0
2019-10-27 18:55:33,872001,4.0
2019-10-27 18:55:34,873001,2.0
2019-10-27 18:55:35,874002,11.0
2019-10-27 18:55:36,875001,23.0
2019-10-27 18:55:37,876001,10.0
2019-10-27 18:55:38,877001,21.0
2019-10-27 18:55:39,878001,8.0
2019-10-27 18:55:40,879002,7.0
2019-10-27 18:55:41,880001,3.0
2019-10-27 18:55:42,881001,21.0
2019-10-27 18:55:43,882001,2.0
2019-10-27 18:55:44,883002,30.0
2019-10-27 18:55:45,884001,3.0
2019-10-27 18:55:46,885001,18.0
2019-10-27 18:55:47,886001,27.0
2019-10-27 18:55:48,887001,2.0
2019-10-27 18:55:49,888002,16.0
2019-10-27 18:55:50,889001,4.0
2019-10-27 18:55:51,890001,14.0
2019-10-27 18:55:52,891001,8.0
2019-10-27 18:55:53,892002,8.0
2019-10-27 18:55:54,893001,18.0
2019-10-27 18:55:55,894002,2.0
2019-10-27 18:55:56,895001,19.0
2019-10-27 18:55:57,896001,4.0
2019-10-27 18:55:58,897001,11.0
2019-10-27 18:55:59,898001,21.0
2019-10-27 18:56:00,899002,2.0
2019-10-27 18:56:01,900001,19.0
2019-10-27 18:56:02,901001,3.0
2019-10-27 18:56:03,902001,12.0
2019-10-27 18:56:04,903002,12.0
2019-10-27 18:56:05,904001,5.0
2019-10-27 18:56:06,905001,24.0
2019-10-27 18:56:07,906001,5.0
2019-10-27 18:56:08,907002,15.0
2019-10-27 18:56:09,908001,25.0
2019-10-27 18:56:10,909001,7.0
2019-10-27 18:56:11,910001,35.0
2019-10-27 18:56:12,911002,7.0
2019-10-27 18:56:13,912001,38.0
2019-10-27 18:56:14,913001,2.0
2019-10-27 18:56:15,914001,26.0
2019-10-27 18:56:16,915001,10.0
2019-10-27 18:56:17,916002,15.0
2019-10-27 18:56:18,917001,20.0
2019-10-27 18:56:19,918001,10.0
2019-10-27 18:56:20,919001,19.0
2019-10-27 18:56:21,920002,4.0
2019-10-27 18:56:22,921001,18.0
2019-10-27 18:56:23,922001,2.0
2019-10-27 18:56:24,923001,9.0
2019-10-27 18:56:25,924002,7.0
2019-10-27 18:56:26,925001,8.0
2019-10-27 18:56:27,926001,16.0
2019-10-27 18:56:28,927001,4.0
2019-10-27 18:56:29,928002,10.0
2019-10-27 18:56:30,929002,9.0
2019-10-27 18:56:31,930002,7.0
2019-10-27 18:56:32,931001,28.0
2019-10-27 18:56:33,932001,3.0
2019-10-27 18:56:34,933002,18.0
2019-10-27 18:56:35,934001,2.0
2019-10-27 18:56:36,935001,20.0
2019-10-27 18:56:37,936004,3.0
2019-10-27 18:56:38,937001,18.0
2019-10-27 18:56:39,938001,4.0
2019-10-27 18:56:40,939002,5.0
2019-10-27 18:56:41,940001,14.0
2019-10-27 18:56:42,941001,4.0
2019-10-27 18:56:43,942001,14.0
2019-10-27 18:56:44,943002,3.0
2019-10-27 18:56:45,944001,8.0
2019-10-27 18:56:46,945001,14.0
2019-10-27 18:56:47,946001,5.0
2019-10-27 18:56:48,947001,21.0
2019-10-27 18:56:49,948002,3.0
2019-10-27 18:56:50,949001,24.0
2019-10-27 18:56:51,950001,2.0
2019-10-27 18:56:52,951002,23.0
2019-10-27 18:56:53,952001,20.0
2019-10-27 18:56:54,953001,8.0
2019-10-27 18:56:55,954001,3.0
2019-10-27 18:56:56,955001,19.0
2019-10-27 18:56:57,956002,2.0
2019-10-27 18:56:58,957001,2.0
2019-10-27 18:56:59,958001,3.0
2019-10-27 18:57:00,959002,3.0
2019-10-27 18:57:01,960001,3.0
2019-10-27 18:57:02,961001,2.0
2019-10-27 18:57:03,962002,2.0
2019-10-27 18:57:04,963001,2.0
2019-10-27 18:57:05,964001,2.0
2019-10-27 18:57:06,965001,2.0
2019-10-27 18:57:07,966001,2.0
2019-10-27 18:57:08,967002,2.0
2019-10-27 18:57:09,968001,2.0
2019-10-27 18:57:10,969001,2.0
2019-10-27 18:57:11,970001,2.0
2019-10-27 18:57:12,971001,2.0
2019-10-27 18:57:13,972001,2.0
2019-10-27 18:57:14,973002,2.0
2019-10-27 18:57:15,974001,2.0
2019-10-27 18:57:16,975001,2.0
2019-10-27 18:57:17,976001,2.0
2019-10-27 18:57:18,977001,2.0
2019-10-27 18:57:19,978002,2.0
2019-10-27 18:57:20,979001,2.0
2019-10-27 18:57:21,980001,2.0
2019-10-27 18:57:22,981001,2.0
2019-10-27 18:57:23,982001,2.0
2019-10-27 18:57:24,983002,3.0
2019-10-27 18:57:25,984001,24.0
2019-10-27 18:57:26,985001,23.0
2019-10-27 18:57:27,986002,7.0
2019-10-27 18:57:28,987001,34.0
2019-10-27 18:57:29,988001,3.0
2019-10-27 18:57:30,989002,8.0
2019-10-27 18:57:31,990001,10.0
2019-10-27 18:57:32,991002,5.0
2019-10-27 18:57:33,992001,11.0
2019-10-27 18:57:34,993001,5.0
2019-10-27 18:57:35,994001,12.0
2019-10-27 18:57:36,995001,29.0
2019-10-27 18:57:37,996002,13.0
2019-10-27 18:57:38,997001,24.0
2019-10-27 18:57:39,998001,15.0
2019-10-27 18:57:40,999002,22.0
2019-10-27 18:57:41,1000001,15.0
2019-10-27 18:57:42,1001001,19.0
2019-10-27 18:57:43,1002001,23.0
2019-10-27 18:57:44,1003001,12.0
2019-10-27 18:57:45,1004001,22.0
2019-10-27 18:57:46,1005001,16.0
2019-10-27 18:57:47,1006002,6.0
2019-10-27 18:57:48,1007001,20.0
2019-10-27 18:57:49,1008001,12.0
2019-10-27 18:57:50,1009001,9.0
2019-10-27 18:57:51,1010002,9.0
2019-10-27 18:57:52,1011001,18.0
2019-10-27 18:57:53,1012001,18.0
2019-10-27 18:57:54,1013001,16.0
2019-10-27 18:57:55,1014002,15.0
2019-10-27 18:57:56,1015001,15.0
2019-10-27 18:57:57,1016001,15.0
2019-10-27 18:57:58,1017001,14.0
2019-10-27 18:57:59,1018001,14.0
2019-10-27 18:58:00,1019002,15.0
2019-10-27 18:58:01,1020001,15.0
2019-10-27 18:58:02,1021001,14.0
2019-10-27 18:58:03,1022001,15.0
2019-10-27 18:58:04,1023001,14.0
2019-10-27 18:58:05,1024002,14.0
2019-10-27 18:58:06,1025001,14.0
2019-10-27 18:58:07,1026001,14.0
2019-10-27 18:58:08,1027001,14.0
2019-10-27 18:58:09,1028002,14.0
2019-10-27 18:58:10,1029001,14.0
2019-10-27 18:58:11,1030001,14.0
2019-10-27 18:58:12,1031001,15.0
2019-10-27 18:58:13,1032001,15.0
2019-10-27 18:58:14,1033002,15.0
2019-10-27 18:58:15,1034001,15.0
2019-10-27 18:58:16,1035001,15.0
2019-10-27 18:58:17,1036002,15.0
2019-10-27 18:58:18,1037001,15.0
2019-10-27 18:58:19,1038001,15.0
2019-10-27 18:58:20,1039001,15.0
2019-10-27 18:58:21,1040002,15.0
2019-10-27 18:58:22,1041002,15.0
2019-10-27 18:58:23,1042001,15.0
2019-10-27 18:58:24,1043001,15.0
2019-10-27 18:58:25,1044002,15.0
2019-10-27 18:58:26,1045001,15.0
2019-10-27 18:58:27,1046001,15.0
2019-10-27 18:58:28,1047001,15.0
2019-10-27 18:58:29,1048001,14.0
2019-10-27 18:58:30,1049001,13.0
2019-10-27 18:58:31,1050002,13.0
2019-10-27 18:58:32,1051001,13.0
2019-10-27 18:58:33,1052001,13.0
2019-10-27 18:58:34,1053001,13.0
2019-10-27 18:58:35,1054002,13.0
2019-10-27 18:58:36,1055001,13.0
2019-10-27 18:58:37,1056001,14.0
2019-10-27 18:58:38,1057001,13.0
2019-10-27 18:58:39,1058002,13.0
2019-10-27 18:58:40,1059001,13.0
2019-10-27 18:58:41,1060001,13.0
2019-10-27 18:58:42,1061001,13.0
2019-10-27 18:58:43,1062002,13.0
2019-10-27 18:58:44,1063001,13.0
2019-10-27 18:58:45,1064001,13.0
2019-10-27 18:58:46,1065001,13.0
2019-10-27 18:58:47,1066002,13.0
2019-10-27 18:58:48,1067001,13.0
2019-10-27 18:58:49,1068001,13.0
2019-10-27 18:58:50,1069001,13.0
2019-10-27 18:58:51,1070001,13.0
2019-10-27 18:58:52,1071002,13.0
2019-10-27 18:58:53,1072001,13.0
2019-10-27 18:58:54,1073001,14.0
2019-10-27 18:58:55,1074002,14.0
2019-10-27 18:58:56,1075001,13.0
2019-10-27 18:58:57,1076001,13.0
2019-10-27 18:58:58,1077002,13.0
2019-10-27 18:58:59,1078001,13.0
2019-10-27 18:59:00,1079001,14.0
2019-10-27 18:59:01,1080001,14.0
2019-10-27 18:59:02,1081001,14.0
2019-10-27 18:59:03,1082002,14.0
2019-10-27 18:59:04,1083001,14.0
2019-10-27 18:59:05,1084001,14.0
2019-10-27 18:59:06,1085002,14.0
2019-10-27 18:59:07,1086001,14.0
2019-10-27 18:59:08,1087001,13.0
2019-10-27 18:59:09,1088001,14.0
2019-10-27 18:59:10,1089002,14.0
2019-10-27 18:59:11,1090001,14.0
2019-10-27 18:59:12,1091002,14.0
2019-10-27 18:59:13,1092002,14.0
2019-10-27 18:59:14,1093001,14.0
2019-10-27 18:59:15,1094001,5.0
2019-10-27 18:59:16,1095001,10.0
2019-10-27 18:59:17,1096002,14.0
2019-10-27 18:59:18,1097001,7.0
2019-10-27 18:59:19,1098001,7.0
2019-10-27 18:59:20,1099002,9.0
2019-10-27 18:59:21,1100001,14.0
2019-10-27 18:59:22,1101001,13.0
2019-10-27 18:59:23,1102001,14.0
2019-10-27 18:59:24,1103001,13.0
2019-10-27 18:59:25,1104002,14.0
2019-10-27 18:59:26,1105001,13.0
2019-10-27 18:59:27,1106001,14.0
2019-10-27 18:59:28,1107002,13.0
2019-10-27 18:59:29,1108001,14.0
2019-10-27 18:59:30,1109001,13.0
2019-10-27 18:59:31,1110001,13.0
2019-10-27 18:59:32,1111002,14.0
2019-10-27 18:59:33,1112001,18.0
2019-10-27 18:59:34,1113002,12.0
2019-10-27 18:59:35,1114001,8.0
2019-10-27 18:59:36,1115002,8.0
2019-10-27 18:59:37,1116001,4.0
2019-10-27 18:59:38,1117001,2.0
2019-10-27 18:59:39,1118001,6.0
2019-10-27 18:59:40,1119002,4.0
2019-10-27 18:59:41,1120001,3.0
2019-10-27 18:59:42,1121001,1.0
2019-10-27 18:59:43,1122001,17.0
2019-10-27 18:59:44,1123001,18.0
2019-10-27 18:59:45,1124002,14.0
2019-10-27 18:59:46,1125001,6.0
2019-10-27 18:59:47,1126001,20.0
2019-10-27 18:59:48,1127001,25.0
2019-10-27 18:59:49,1128001,4.0
2019-10-27 18:59:50,1129001,25.0
2019-10-27 18:59:51,1130002,30.0
2019-10-27 18:59:52,1131001,7.0
2019-10-27 18:59:53,1132001,10.0
2019-10-27 18:59:54,1133002,34.0
2019-10-27 18:59:55,1134001,4.0
2019-10-27 18:59:56,1135001,1.0
2019-10-27 18:59:57,1136001,2.0
2019-10-27 18:59:58,1137001,23.0
2019-10-27 18:59:59,1138002,5.0
2019-10-27 19:00:00,1139001,6.0
2019-10-27 19:00:01,1140001,14.0
2019-10-27 19:00:02,1141001,4.0
2019-10-27 19:00:03,1142002,6.0
2019-10-27 19:00:04,1143001,14.0
2019-10-27 19:00:05,1144001,11.0
2019-10-27 19:00:06,1145001,2.0
2019-10-27 19:00:07,1146002,15.0
2019-10-27 19:00:08,1147001,21.0
2019-10-27 19:00:09,1148001,6.0
2019-10-27 19:00:10,1149001,30.0
2019-10-27 19:00:11,1150001,12.0
2019-10-27 19:00:12,1151002,25.0
2019-10-27 19:00:13,1152001,17.0
2019-10-27 19:00:14,1153001,24.0
2019-10-27 19:00:15,1154002,9.0
2019-10-27 19:00:16,1155001,1.0
2019-10-27 19:00:17,1156001,10.0
2019-10-27 19:00:18,1157001,10.0
2019-10-27 19:00:19,1158002,4.0
2019-10-27 19:00:20,1159001,3.0
2019-10-27 19:00:21,1160001,0.0
2019-10-27 19:00:22,1161001,12.0
2019-10-27 19:00:23,1162002,2.0
2019-10-27 19:00:24,1163001,9.0
2019-10-27 19:00:25,1164001,2.0
2019-10-27 19:00:26,1165001,0.0
2019-10-27 19:00:27,1166001,15.0
2019-10-27 19:00:28,1167002,0.0
2019-10-27 19:00:29,1168001,1.0
2019-10-27 19:00:30,1169002,0.0
2019-10-27 19:00:31,1170001,0.0
2019-10-27 19:00:32,1171001,0.0
2019-10-27 19:00:33,1172001,2.0
2019-10-27 19:00:34,1173002,25.0
2019-10-27 19:00:35,1174001,6.0
2019-10-27 19:00:36,1175001,0.0
2019-10-27 19:00:37,1176001,1.0
2019-10-27 19:00:38,1177001,2.0
2019-10-27 19:00:39,1178001,28.0
2019-10-27 19:00:40,1179001,7.0
2019-10-27 19:00:41,1180001,0.0
2019-10-27 19:00:42,1181001,0.0
2019-10-27 19:00:43,1182002,1.0
2019-10-27 19:00:44,1183001,18.0
2019-10-27 19:00:45,1184001,7.0
2019-10-27 19:00:46,1185001,1.0
2019-10-27 19:00:47,1186001,11.0
2019-10-27 19:00:48,1187002,8.0
2019-10-27 19:00:49,1188001,2.0
2019-10-27 19:00:50,1189001,0.0
2019-10-27 19:00:51,1190001,0.0
2019-10-27 19:00:52,1191001,30.0
2019-10-27 19:00:53,1192001,8.0
2019-10-27 19:00:54,1193002,1.0
2019-10-27 19:00:55,1194001,0.0
2019-10-27 19:00:56,1195001,5.0
2019-10-27 19:00:57,1196001,21.0
2019-10-27 19:00:58,1197001,11.0
2019-10-27 19:00:59,1198001,3.0
2019-10-27 19:01:00,1199001,39.0
2019-10-27 19:01:01,1200001,9.0
2019-10-27 19:01:02,1201001,3.0
2019-10-27 19:01:03,1202001,2.0
2019-10-27 19:01:04,1203002,3.0
2019-10-27 19:01:05,1204001,31.0
2019-10-27 19:01:06,1205001,9.0
2019-10-27 19:01:07,1206001,2.0
2019-10-27 19:01:08,1207001,0.0
2019-10-27 19:01:09,1208002,2.0
2019-10-27 19:01:10,1209001,22.0
2019-10-27 19:01:11,1210001,74.0
2019-10-27 19:01:12,1211001,46.0
2019-10-27 19:01:13,1212001,51.0
2019-10-27 19:01:14,1213002,13.0
2019-10-27 19:01:15,1214001,9.0
2019-10-27 19:01:16,1215001,163.0
2019-10-27 19:01:17,1216001,92.0
2019-10-27 19:01:18,1217001,11.0
2019-10-27 19:01:19,1218001,11.0
2019-10-27 19:01:20,1219001,70.0
2019-10-27 19:01:21,1220002,113.0
2019-10-27 19:01:22,1221001,12.0
2019-10-27 19:01:23,1222002,7.0
2019-10-27 19:01:24,1223001,10.0
2019-10-27 19:01:25,1224001,5.0
2019-10-27 19:01:26,1225002,2.0
2019-10-27 19:01:27,1226001,0.0
2019-10-27 19:01:28,1227001,2.0
2019-10-27 19:01:29,1228001,3.0
2019-10-27 19:01:30,1229002,2.0
2019-10-27 19:01:31,1230001,2.0
2019-10-27 19:01:32,1231001,32.0
2019-10-27 19:01:33,1232001,8.0
2019-10-27 19:01:34,1233001,1.0
2019-10-27 19:01:35,1234001,4.0
2019-10-27 19:01:36,1235002,3.0
2019-10-27 19:01:37,1236001,2.0
2019-10-27 19:01:38,1237001,0.0
2019-10-27 19:01:39,1238001,4.0
2019-10-27 19:01:40,1239002,1.0
2019-10-27 19:01:41,1240001,0.0
2019-10-27 19:01:42,1241001,2.0
2019-10-27 19:01:43,1242002,0.0
2019-10-27 19:01:44,1243001,0.0
2019-10-27 19:01:45,1244001,1.0
2019-10-27 19:01:46,1245002,0.0
2019-10-27 19:01:47,1246001,2.0
2019-10-27 19:01:48,1247001,6.0
2019-10-27 19:01:49,1248001,2.0
2019-10-27 19:01:50,1249001,1.0
2019-10-27 19:01:51,1250001,15.0
2019-10-27 19:01:52,1251002,10.0
2019-10-27 19:01:53,1252001,4.0
2019-10-27 19:01:54,1253001,2.0
2019-10-27 19:01:55,1254002,13.0
2019-10-27 19:01:56,1255001,8.0
2019-10-27 19:01:57,1256001,15.0
2019-10-27 19:01:58,1257001,0.0
2019-10-27 19:01:59,1258002,0.0
2019-10-27 19:02:00,1259001,12.0
2019-10-27 19:02:01,1260001,10.0
2019-10-27 19:02:02,1261001,2.0
2019-10-27 19:02:03,1262001,28.0
2019-10-27 19:02:04,1263002,5.0
2019-10-27 19:02:05,1264001,2.0
2019-10-27 19:02:06,1265001,14.0
2019-10-27 19:02:07,1266001,32.0
2019-10-27 19:02:08,1267001,3.0
2019-10-27 19:02:09,1268002,2.0
2019-10-27 19:02:10,1269001,1.0
2019-10-27 19:02:11,1270001,3.0
2019-10-27 19:02:12,1271001,5.0
2019-10-27 19:02:13,1272001,17.0
2019-10-27 19:02:14,1273002,27.0
2019-10-27 19:02:15,1274001,28.0
2019-10-27 19:02:16,1275001,32.0
2019-10-27 19:02:17,1276001,33.0
2019-10-27 19:02:18,1277002,33.0
2019-10-27 19:02:19,1278001,33.0
2019-10-27 19:02:20,1279001,33.0
2019-10-27 19:02:21,1280001,33.0
2019-10-27 19:02:22,1281002,32.0
2019-10-27 19:02:23,1282001,31.0
2019-10-27 19:02:24,1283002,31.0
2019-10-27 19:02:25,1284001,31.0
2019-10-27 19:02:26,1285001,31.0
2019-10-27 19:02:27,1286001,6.0
2019-10-27 19:02:28,1287002,2.0
2019-10-27 19:02:29,1288001,3.0
2019-10-27 19:02:30,1289001,3.0
2019-10-27 19:02:31,1290002,3.0
2019-10-27 19:02:32,1291001,25.0
2019-10-27 19:02:33,1292001,8.0
2019-10-27 19:02:34,1293001,4.0
2019-10-27 19:02:35,1294001,19.0
2019-10-27 19:02:36,1295002,37.0
2019-10-27 19:02:37,1296001,2.0
2019-10-27 19:02:38,1297004,16.0
2019-10-27 19:02:39,1298001,28.0
2019-10-27 19:02:40,1299002,2.0
2019-10-27 19:02:41,1300001,15.0
2019-10-27 19:02:42,1301001,15.0
2019-10-27 19:02:43,1302001,2.0
2019-10-27 19:02:44,1303002,0.0
2019-10-27 19:02:45,1304001,7.0
2019-10-27 19:02:46,1305001,12.0
2019-10-27 19:02:47,1306001,0.0
2019-10-27 19:02:48,1307001,0.0
2019-10-27 19:02:49,1308002,1.0
2019-10-27 19:02:50,1309001,0.0
2019-10-27 19:02:51,1310001,5.0
2019-10-27 19:02:52,1311001,16.0
2019-10-27 19:02:53,1312001,0.0
2019-10-27 19:02:54,1313001,0.0
2019-10-27 19:02:55,1314002,0.0
2019-10-27 19:02:56,1315001,28.0
2019-10-27 19:02:57,1316001,0.0
2019-10-27 19:02:58,1317001,0.0
2019-10-27 19:02:59,1318002,12.0
2019-10-27 19:03:00,1319001,12.0
2019-10-27 19:03:01,1320001,3.0
2019-10-27 19:03:02,1321001,10.0
2019-10-27 19:03:03,1322001,5.0
2019-10-27 19:03:04,1323001,3.0
2019-10-27 19:03:05,1324002,3.0
2019-10-27 19:03:06,1325001,2.0
2019-10-27 19:03:07,1326001,0.0
2019-10-27 19:03:08,1327001,0.0
2019-10-27 19:03:09,1328002,0.0
2019-10-27 19:03:10,1329002,1.0
2019-10-27 19:03:11,1330001,0.0
2019-10-27 19:03:12,1331001,0.0
2019-10-27 19:03:13,1332001,1.0
2019-10-27 19:03:14,1333001,1.0
2019-10-27 19:03:15,1334002,2.0
2019-10-27 19:03:16,1335001,1.0
2019-10-27 19:03:17,1336001,1.0
2019-10-27 19:03:18,1337001,2.0
2019-10-27 19:03:19,1338001,2.0
2019-10-27 19:03:20,1339002,2.0
2019-10-27 19:03:21,1340001,2.0
2019-10-27 19:03:22,1341001,1.0
2019-10-27 19:03:23,1342001,0.0
2019-10-27 19:03:24,1343002,2.0
2019-10-27 19:03:25,1344001,4.0
2019-10-27 19:03:26,1345001,2.0
2019-10-27 19:03:27,1346001,2.0
2019-10-27 19:03:28,1347001,4.0
2019-10-27 19:03:29,1348002,3.0
2019-10-27 19:03:30,1349001,22.0
2019-10-27 19:03:31,1350001,6.0
2019-10-27 19:03:32,1351001,3.0
2019-10-27 19:03:33,1352001,9.0
2019-10-27 19:03:34,1353002,2.0
2019-10-27 19:03:35,1354001,17.0
2019-10-27 19:03:36,1355001,4.0
2019-10-27 19:03:37,1356001,1.0
2019-10-27 19:03:38,1357001,25.0
2019-10-27 19:03:39,1358001,9.0
2019-10-27 19:03:40,1359001,2.0
2019-10-27 19:03:41,1360001,8.0
2019-10-27 19:03:42,1361002,2.0
2019-10-27 19:03:43,1362001,10.0
2019-10-27 19:03:44,1363002,3.0
2019-10-27 19:03:45,1364001,0.0
2019-10-27 19:03:46,1365001,16.0
2019-10-27 19:03:47,1366001,12.0
2019-10-27 19:03:48,1367001,3.0
2019-10-27 19:03:49,1368002,72.0
2019-10-27 19:03:50,1369001,4.0
2019-10-27 19:03:51,1370001,21.0
2019-10-27 19:03:52,1371001,30.0
2019-10-27 19:03:53,1372002,29.0
2019-10-27 19:03:54,1373001,30.0
2019-10-27 19:03:55,1374001,29.0
2019-10-27 19:03:56,1375001,30.0
2019-10-27 19:03:57,1376002,30.0
2019-10-27 19:03:58,1377001,30.0
2019-10-27 19:03:59,1378001,30.0
2019-10-27 19:04:00,1379002,30.0
2019-10-27 19:04:01,1380001,29.0
2019-10-27 19:04:02,1381001,30.0
2019-10-27 19:04:03,1382001,30.0
2019-10-27 19:04:04,1383002,30.0
2019-10-27 19:04:05,1384001,29.0
2019-10-27 19:04:06,1385001,30.0
2019-10-27 19:04:07,1386001,30.0
2019-10-27 19:04:08,1387001,31.0
2019-10-27 19:04:09,1388001,31.0
2019-10-27 19:04:10,1389002,31.0
2019-10-27 19:04:11,1390001,31.0
2019-10-27 19:04:12,1391001,30.0
2019-10-27 19:04:13,1392001,31.0
2019-10-27 19:04:14,1393001,31.0
2019-10-27 19:04:15,1394002,32.0
2019-10-27 19:04:16,1395001,30.0
2019-10-27 19:04:17,1396001,30.0
2019-10-27 19:04:18,1397002,30.0
2019-10-27 19:04:19,1398001,30.0
2019-10-27 19:04:20,1399001,30.0
2019-10-27 19:04:21,1400001,30.0
2019-10-27 19:04:22,1401001,30.0
2019-10-27 19:04:23,1402001,32.0
2019-10-27 19:04:24,1403001,31.0
2019-10-27 19:04:25,1404001,30.0
2019-10-27 19:04:26,1405002,31.0
2019-10-27 19:04:27,1406001,30.0
2019-10-27 19:04:28,1407001,30.0
2019-10-27 19:04:29,1408001,31.0
2019-10-27 19:04:30,1409001,31.0
2019-10-27 19:04:31,1410001,31.0
2019-10-27 19:04:32,1411001,31.0
2019-10-27 19:04:33,1412001,31.0
2019-10-27 19:04:34,1413002,31.0
2019-10-27 19:04:35,1414001,30.0
2019-10-27 19:04:36,1415001,30.0
2019-10-27 19:04:37,1416001,30.0
2019-10-27 19:04:38,1417001,32.0
2019-10-27 19:04:39,1418001,30.0
2019-10-27 19:04:40,1419001,30.0
2019-10-27 19:04:41,1420002,31.0
2019-10-27 19:04:42,1421001,31.0
2019-10-27 19:04:43,1422001,30.0
2019-10-27 19:04:44,1423001,30.0
2019-10-27 19:04:45,1424002,31.0
2019-10-27 19:04:46,1425001,31.0
2019-10-27 19:04:47,1426001,31.0
2019-10-27 19:04:48,1427001,30.0
2019-10-27 19:04:49,1428001,30.0
2019-10-27 19:04:50,1429001,31.0
2019-10-27 19:04:51,1430001,30.0
2019-10-27 19:04:52,1431001,31.0
2019-10-27 19:04:53,1432001,31.0
2019-10-27 19:04:54,1433002,31.0
2019-10-27 19:04:55,1434001,31.0
2019-10-27 19:04:56,1435001,31.0
2019-10-27 19:04:57,1436001,31.0
2019-10-27 19:04:58,1437001,31.0
2019-10-27 19:04:59,1438001,31.0
2019-10-27 19:05:00,1439001,30.0
2019-10-27 19:05:01,1440001,30.0
2019-10-27 19:05:02,1441002,30.0
2019-10-27 19:05:03,1442001,31.0
2019-10-27 19:05:04,1443001,30.0
2019-10-27 19:05:05,1444001,31.0
2019-10-27 19:05:06,1445001,31.0
2019-10-27 19:05:07,1446001,31.0
2019-10-27 19:05:08,1447001,31.0
2019-10-27 19:05:09,1448002,30.0
2019-10-27 19:05:10,1449001,31.0
2019-10-27 19:05:11,1450001,31.0
2019-10-27 19:05:12,1451001,30.0
2019-10-27 19:05:13,1452001,26.0
2019-10-27 19:05:14,1453001,30.0
2019-10-27 19:05:15,1454001,43.0
2019-10-27 19:05:16,1455001,17.0
2019-10-27 19:05:17,1456001,53.0
2019-10-27 19:05:18,1457001,26.0
2019-10-27 19:05:19,1458001,29.0
2019-10-27 19:05:20,1459001,31.0
2019-10-27 19:05:21,1460001,8.0
2019-10-27 19:05:22,1461002,5.0
2019-10-27 19:05:23,1462001,2.0
2019-10-27 19:05:24,1463001,3.0
2019-10-27 19:05:25,1464001,4.0
2019-10-27 19:05:26,1465001,27.0
2019-10-27 19:05:27,1466001,4.0
2019-10-27 19:05:28,1467001,17.0
2019-10-27 19:05:29,1468002,4.0
2019-10-27 19:05:30,1469001,10.0
2019-10-27 19:05:31,1470001,3.0
2019-10-27 19:05:32,1471001,21.0
2019-10-27 19:05:33,1472001,7.0
2019-10-27 19:05:34,1473001,6.0
2019-10-27 19:05:35,1474001,5.0
2019-10-27 19:05:36,1475002,9.0
2019-10-27 19:05:37,1476001,7.0
2019-10-27 19:05:38,1477001,39.0
2019-10-27 19:05:39,1478001,50.0
2019-10-27 19:05:40,1479001,57.0
2019-10-27 19:05:41,1480001,54.0
2019-10-27 19:05:42,1481001,54.0
2019-10-27 19:05:43,1482002,55.0
2019-10-27 19:05:44,1483001,55.0
2019-10-27 19:05:45,1484001,55.0
2019-10-27 19:05:46,1485001,55.0
2019-10-27 19:05:47,1486001,55.0
2019-10-27 19:05:48,1487001,56.0
2019-10-27 19:05:49,1488001,55.0
2019-10-27 19:05:50,1489001,56.0
2019-10-27 19:05:51,1490002,56.0
2019-10-27 19:05:52,1491001,56.0
2019-10-27 19:05:53,1492001,55.0
2019-10-27 19:05:54,1493001,55.0
2019-10-27 19:05:55,1494001,56.0
2019-10-27 19:05:56,1495001,55.0
2019-10-27 19:05:57,1496001,56.0
2019-10-27 19:05:58,1497002,52.0
2019-10-27 19:05:59,1498001,8.0
2019-10-27 19:06:00,1499001,2.0
2019-10-27 19:06:01,1500001,2.0
2019-10-27 19:06:02,1501001,3.0
2019-10-27 19:06:03,1502001,2.0
2019-10-27 19:06:04,1503002,2.0
2019-10-27 19:06:05,1504001,16.0
2019-10-27 19:06:06,1505001,55.0
2019-10-27 19:06:07,1506001,7.0
2019-10-27 19:06:08,1507001,2.0
2019-10-27 19:06:09,1508001,0.0
2019-10-27 19:06:10,1509001,1.0
2019-10-27 19:06:11,1510002,7.0
2019-10-27 19:06:12,1511001,2.0
2019-10-27 19:06:13,1512001,2.0
2019-10-27 19:06:14,1513001,32.0
2019-10-27 19:06:15,1514001,2.0
2019-10-27 19:06:16,1515001,0.0
2019-10-27 19:06:17,1516002,2.0
2019-10-27 19:06:18,1517001,37.0
2019-10-27 19:06:19,1518001,2.0
2019-10-27 19:06:20,1519001,2.0
2019-10-27 19:06:21,1520001,14.0
2019-10-27 19:06:22,1521001,0.0
2019-10-27 19:06:23,1522001,19.0
2019-10-27 19:06:24,1523001,0.0
2019-10-27 19:06:25,1524002,0.0
2019-10-27 19:06:26,1525001,1.0
2019-10-27 19:06:27,1526001,16.0
2019-10-27 19:06:28,1527001,6.0
2019-10-27 19:06:29,1528001,3.0
2019-10-27 19:06:30,1529001,37.0
2019-10-27 19:06:31,1530002,2.0
2019-10-27 19:06:32,1531001,10.0
2019-10-27 19:06:33,1532001,95.0
2019-10-27 19:06:34,1533001,0.0
2019-10-27 19:06:35,1534001,0.0
2019-10-27 19:06:36,1535001,0.0
2019-10-27 19:06:37,1536001,0.0
2019-10-27 19:06:38,1537002,0.0
2019-10-27 19:06:39,1538001,4.0
2019-10-27 19:06:40,1539001,0.0
2019-10-27 19:06:41,1540001,0.0
2019-10-27 19:06:42,1541001,0.0
2019-10-27 19:06:43,1542001,0.0
2019-10-27 19:06:44,1543001,2.0
2019-10-27 19:06:45,1544002,0.0
2019-10-27 19:06:46,1545001,6.0
2019-10-27 19:06:47,1546001,0.0
2019-10-27 19:06:48,1547001,0.0
2019-10-27 19:06:49,1548001,2.0
2019-10-27 19:06:50,1549001,3.0
2019-10-27 19:06:51,1550001,0.0
2019-10-27 19:06:52,1551002,0.0
2019-10-27 19:06:53,1552001,0.0
2019-10-27 19:06:54,1553001,0.0
2019-10-27 19:06:55,1554001,2.0
2019-10-27 19:06:56,1555001,119.0
2019-10-27 19:06:57,1556002,0.0
2019-10-27 19:06:58,1557001,1.0
2019-10-27 19:06:59,1558001,0.0
2019-10-27 19:07:00,1559001,0.0
2019-10-27 19:07:01,1560001,0.0
2019-10-27 19:07:02,1561001,1.0
2019-10-27 19:07:03,1562001,2.0
2019-10-27 19:07:04,1563002,120.0
2019-10-27 19:07:05,1564001,0.0
2019-10-27 19:07:06,1565001,4.0
2019-10-27 19:07:07,1566001,4.0
2019-10-27 19:07:08,1567001,0.0
2019-10-27 19:07:09,1568002,0.0
2019-10-27 19:07:10,1569001,0.0
2019-10-27 19:07:11,1570001,8.0
2019-10-27 19:07:12,1571001,0.0
2019-10-27 19:07:13,1572001,0.0
2019-10-27 19:07:14,1573002,0.0
2019-10-27 19:07:15,1574001,3.0
2019-10-27 19:07:16,1575001,0.0
2019-10-27 19:07:17,1576001,0.0
2019-10-27 19:07:18,1577001,4.0
2019-10-27 19:07:19,1578001,0.0
2019-10-27 19:07:20,1579001,2.0
2019-10-27 19:07:21,1580001,0.0
2019-10-27 19:07:22,1581002,0.0
2019-10-27 19:07:23,1582001,14.0
2019-10-27 19:07:24,1583001,9.0
2019-10-27 19:07:25,1584001,10.0
2019-10-27 19:07:26,1585001,0.0
2019-10-27 19:07:27,1586001,2.0
2019-10-27 19:07:28,1587001,15.0
2019-10-27 19:07:29,1588002,35.0
2019-10-27 19:07:30,1589001,3.0
2019-10-27 19:07:31,1590001,16.0
2019-10-27 19:07:32,1591001,11.0
2019-10-27 19:07:33,1592001,5.0
2019-10-27 19:07:34,1593002,16.0
2019-10-27 19:07:35,1594001,5.0
2019-10-27 19:07:36,1595001,4.0
2019-10-27 19:07:37,1596001,0.0
2019-10-27 19:07:38,1597001,2.0
2019-10-27 19:07:39,1598001,33.0
2019-10-27 19:07:40,1599002,11.0
2019-10-27 19:07:41,1600001,3.0
2019-10-27 19:07:42,1601001,4.0
2019-10-27 19:07:43,1602001,1.0
2019-10-27 19:07:44,1603001,3.0
2019-10-27 19:07:45,1604001,9.0
2019-10-27 19:07:46,1605001,16.0
2019-10-27 19:07:47,1606001,8.0
2019-10-27 19:07:48,1607002,3.0
2019-10-27 19:07:49,1608001,2.0
2019-10-27 19:07:50,1609001,26.0
2019-10-27 19:07:51,1610001,33.0
2019-10-27 19:07:52,1611001,66.0
2019-10-27 19:07:53,1612001,55.0
2019-10-27 19:07:54,1613001,58.0
2019-10-27 19:07:55,1614002,57.0
2019-10-27 19:07:56,1615001,59.0
2019-10-27 19:07:57,1616001,60.0
2019-10-27 19:07:58,1617001,59.0
2019-10-27 19:07:59,1618001,62.0
2019-10-27 19:08:00,1619001,62.0
2019-10-27 19:08:01,1620001,61.0
2019-10-27 19:08:02,1621002,61.0
2019-10-27 19:08:03,1622001,61.0
2019-10-27 19:08:04,1623001,61.0
2019-10-27 19:08:05,1624001,60.0
2019-10-27 19:08:06,1625001,60.0
2019-10-27 19:08:07,1626001,60.0
2019-10-27 19:08:08,1627001,59.0
2019-10-27 19:08:09,1628001,60.0
2019-10-27 19:08:10,1629002,59.0
2019-10-27 19:08:11,1630001,58.0
2019-10-27 19:08:12,1631001,62.0
2019-10-27 19:08:13,1632001,61.0
2019-10-27 19:08:14,1633001,60.0
2019-10-27 19:08:15,1634001,60.0
2019-10-27 19:08:16,1635001,35.0
2019-10-27 19:08:17,1636002,61.0
2019-10-27 19:08:18,1637001,62.0
2019-10-27 19:08:19,1638001,61.0
2019-10-27 19:08:20,1639001,61.0
2019-10-27 19:08:21,1640001,61.0
2019-10-27 19:08:22,1641002,61.0
2019-10-27 19:08:23,1642001,61.0
2019-10-27 19:08:24,1643001,61.0
2019-10-27 19:08:25,1644001,61.0
2019-10-27 19:08:26,1645001,61.0
2019-10-27 19:08:27,1646001,60.0
2019-10-27 19:08:28,1647002,60.0
2019-10-27 19:08:29,1648001,61.0
2019-10-27 19:08:30,1649001,62.0
2019-10-27 19:08:31,1650001,62.0
2019-10-27 19:08:32,1651001,61.0
2019-10-27 19:08:33,1652001,61.0
2019-10-27 19:08:34,1653001,61.0
2019-10-27 19:08:35,1654002,66.0
2019-10-27 19:08:36,1655001,68.0
2019-10-27 19:08:37,1656001,4.0
2019-10-27 19:08:38,1657001,8.0
2019-10-27 19:08:39,1658001,7.0
2019-10-27 19:08:40,1659001,5.0
2019-10-27 19:08:41,1660001,4.0
2019-10-27 19:08:42,1661002,3.0
2019-10-27 19:08:43,1662001,3.0
2019-10-27 19:08:44,1663001,4.0
2019-10-27 19:08:45,1664001,45.0
2019-10-27 19:08:46,1665001,2.0
2019-10-27 19:08:47,1666001,4.0
2019-10-27 19:08:48,1667002,2.0
2019-10-27 19:08:49,1668001,3.0
2019-10-27 19:08:50,1669001,2.0
2019-10-27 19:08:51,1670001,2.0
2019-10-27 19:08:52,1671001,5.0
2019-10-27 19:08:53,1672001,86.0
2019-10-27 19:08:54,1673001,21.0
2019-10-27 19:08:55,1674002,8.0
2019-10-27 19:08:56,1675001,3.0
2019-10-27 19:08:57,1676001,9.0
2019-10-27 19:08:58,1677001,11.0
2019-10-27 19:08:59,1678002,16.0
2019-10-27 19:09:00,1679001,85.0
2019-10-27 19:09:01,1680001,5.0
2019-10-27 19:09:02,1681002,9.0
2019-10-27 19:09:03,1682001,9.0
2019-10-27 19:09:04,1683001,7.0
2019-10-27 19:09:05,1684001,10.0
2019-10-27 19:09:06,1685001,5.0
2019-10-27 19:09:07,1686001,9.0
2019-10-27 19:09:08,1687001,54.0
2019-10-27 19:09:09,1688002,96.0
2019-10-27 19:09:10,1689001,13.0
2019-10-27 19:09:11,1690001,12.0
2019-10-27 19:09:12,1691001,10.0
2019-10-27 19:09:13,1692001,9.0
2019-10-27 19:09:14,1693001,12.0
2019-10-27 19:09:15,1694001,7.0
2019-10-27 19:09:16,1695001,6.0
2019-10-27 19:09:17,1696002,75.0
2019-10-27 19:09:18,1697001,7.0
2019-10-27 19:09:19,1698001,25.0
2019-10-27 19:09:20,1699001,13.0
2019-10-27 19:09:21,1700001,11.0
2019-10-27 19:09:22,1701001,36.0
2019-10-27 19:09:23,1702001,7.0
2019-10-27 19:09:24,1703002,9.0
2019-10-27 19:09:25,1704001,8.0
2019-10-27 19:09:26,1705001,12.0
2019-10-27 19:09:27,1706001,13.0
2019-10-27 19:09:28,1707001,27.0
2019-10-27 19:09:29,1708001,74.0
2019-10-27 19:09:30,1709001,11.0
2019-10-27 19:09:31,1710002,14.0
2019-10-27 19:09:32,1711001,25.0
2019-10-27 19:09:33,1712001,15.0
2019-10-27 19:09:34,1713001,19.0
2019-10-27 19:09:35,1714001,29.0
2019-10-27 19:09:36,1715001,22.0
2019-10-27 19:09:37,1716001,26.0
2019-10-27 19:09:38,1717002,70.0
2019-10-27 19:09:39,1718001,3.0
2019-10-27 19:09:40,1719001,4.0
2019-10-27 19:09:41,1720001,14.0
2019-10-27 19:09:42,1721001,10.0
2019-10-27 19:09:43,1722001,7.0
2019-10-27 19:09:44,1723002,6.0
2019-10-27 19:09:45,1724001,7.0
2019-10-27 19:09:46,1725001,8.0
2019-10-27 19:09:47,1726001,20.0
2019-10-27 19:09:48,1727001,71.0
2019-10-27 19:09:49,1728001,85.0
2019-10-27 19:09:50,1729001,88.0
2019-10-27 19:09:51,1730002,87.0
2019-10-27 19:09:52,1731001,86.0
2019-10-27 19:09:53,1732001,83.0
2019-10-27 19:09:54,1733001,83.0
2019-10-27 19:09:55,1734001,83.0
2019-10-27 19:09:56,1735001,83.0
2019-10-27 19:09:57,1736001,83.0
2019-10-27 19:09:58,1737002,83.0
2019-10-27 19:09:59,1738001,83.0
2019-10-27 19:10:00,1739001,82.0
2019-10-27 19:10:01,1740001,82.0
2019-10-27 19:10:02,1741001,82.0
2019-10-27 19:10:03,1742001,83.0
2019-10-27 19:10:04,1743001,82.0
2019-10-27 19:10:05,1744002,83.0
2019-10-27 19:10:06,1745001,83.0
2019-10-27 19:10:07,1746001,83.0
2019-10-27 19:10:08,1747001,83.0
2019-10-27 19:10:09,1748001,82.0
2019-10-27 19:10:10,1749001,81.0
2019-10-27 19:10:11,1750001,83.0
2019-10-27 19:10:12,1751001,83.0
2019-10-27 19:10:13,1752002,82.0
2019-10-27 19:10:14,1753001,82.0
2019-10-27 19:10:15,1754001,82.0
2019-10-27 19:10:16,1755001,83.0
2019-10-27 19:10:17,1756001,85.0
2019-10-27 19:10:18,1757001,84.0
2019-10-27 19:10:19,1758001,85.0
2019-10-27 19:10:20,1759002,84.0
2019-10-27 19:10:21,1760001,7.0
2019-10-27 19:10:22,1761001,10.0
2019-10-27 19:10:23,1762001,6.0
2019-10-27 19:10:24,1763001,6.0
2019-10-27 19:10:25,1764001,6.0
2019-10-27 19:10:26,1765001,8.0
2019-10-27 19:10:27,1766002,24.0
2019-10-27 19:10:28,1767001,31.0
2019-10-27 19:10:29,1768001,20.0
2019-10-27 19:10:30,1769001,89.0
2019-10-27 19:10:31,1770001,12.0
2019-10-27 19:10:32,1771001,12.0
2019-10-27 19:10:33,1772002,38.0
2019-10-27 19:10:34,1773001,13.0
2019-10-27 19:10:35,1774001,11.0
2019-10-27 19:10:36,1775001,9.0
2019-10-27 19:10:37,1776001,23.0
2019-10-27 19:10:38,1777001,52.0
2019-10-27 19:10:39,1778002,39.0
2019-10-27 19:10:40,1779001,7.0
2019-10-27 19:10:41,1780001,17.0
2019-10-27 19:10:42,1781001,8.0
2019-10-27 19:10:43,1782001,20.0
2019-10-27 19:10:44,1783001,26.0
2019-10-27 19:10:45,1784001,89.0
2019-10-27 19:10:46,1785001,10.0
2019-10-27 19:10:47,1786001,10.0
2019-10-27 19:10:48,1787001,13.0
2019-10-27 19:10:49,1788001,28.0
2019-10-27 19:10:50,1789001,14.0
2019-10-27 19:10:51,1790001,11.0
2019-10-27 19:10:52,1791002,56.0
2019-10-27 19:10:53,1792001,10.0
2019-10-27 19:10:54,1793001,12.0
2019-10-27 19:10:55,1794001,8.0
2019-10-27 19:10:56,1795001,5.0
2019-10-27 19:10:57,1796001,10.0
2019-10-27 19:10:58,1797002,19.0
2019-10-27 19:10:59,1798001,20.0
2019-10-27 19:11:00,1799001,11.0
2019-10-27 19:11:01,1800001,26.0
2019-10-27 19:11:02,1801001,20.0
2019-10-27 19:11:03,1802001,13.0
2019-10-27 19:11:04,1803002,21.0
2019-10-27 19:11:05,1804001,19.0
2019-10-27 19:11:06,1805001,12.0
2019-10-27 19:11:07,1806001,87.0
2019-10-27 19:11:08,1807001,57.0
2019-10-27 19:11:09,1808002,23.0
2019-10-27 19:11:10,1809001,28.0
2019-10-27 19:11:11,1810001,29.0
2019-10-27 19:11:12,1811002,24.0
2019-10-27 19:11:13,1812001,31.0
2019-10-27 19:11:14,1813001,25.0
2019-10-27 19:11:15,1814001,37.0
2019-10-27 19:11:16,1815002,81.0
2019-10-27 19:11:17,1816001,81.0
2019-10-27 19:11:18,1817001,9.0
2019-10-27 19:11:19,1818001,10.0
2019-10-27 19:11:20,1819001,25.0
2019-10-27 19:11:21,1820001,13.0
2019-10-27 19:11:22,1821001,12.0
2019-10-27 19:11:23,1822001,35.0
2019-10-27 19:11:24,1823002,15.0
2019-10-27 19:11:25,1824001,12.0
2019-10-27 19:11:26,1825001,9.0
2019-10-27 19:11:27,1826001,66.0
2019-10-27 19:11:28,1827001,13.0
2019-10-27 19:11:29,1828001,6.0
2019-10-27 19:11:30,1829001,12.0
2019-10-27 19:11:31,1830002,4.0
2019-10-27 19:11:32,1831001,5.0
2019-10-27 19:11:33,1832001,8.0
2019-10-27 19:11:34,1833001,10.0
2019-10-27 19:11:35,1834001,35.0
2019-10-27 19:11:36,1835001,59.0
2019-10-27 19:11:37,1836001,5.0
2019-10-27 19:11:38,1837002,7.0
2019-10-27 19:11:39,1838001,9.0
2019-10-27 19:11:40,1839001,9.0
2019-10-27 19:11:41,1840001,19.0
2019-10-27 19:11:42,1841001,11.0
2019-10-27 19:11:43,1842001,19.0
2019-10-27 19:11:44,1843001,20.0
2019-10-27 19:11:45,1844002,13.0
2019-10-27 19:11:46,1845001,6.0
2019-10-27 19:11:47,1846001,11.0
2019-10-27 19:11:48,1847001,14.0
2019-10-27 19:11:49,1848001,29.0
2019-10-27 19:11:50,1849002,20.0
2019-10-27 19:11:51,1850001,10.0
2019-10-27 19:11:52,1851001,16.0
2019-10-27 19:11:53,1852001,23.0
2019-10-27 19:11:54,1853001,18.0
2019-10-27 19:11:55,1854001,8.0
2019-10-27 19:11:56,1855001,10.0
2019-10-27 19:11:57,1856002,18.0
2019-10-27 19:11:58,1857001,13.0
2019-10-27 19:11:59,1858001,15.0
2019-10-27 19:12:00,1859001,18.0
2019-10-27 19:12:01,1860001,24.0
2019-10-27 19:12:02,1861001,5.0
2019-10-27 19:12:03,1862002,14.0
2019-10-27 19:12:04,1863001,43.0
2019-10-27 19:12:05,1864001,15.0
2019-10-27 19:12:06,1865001,8.0
2019-10-27 19:12:07,1866001,7.0
2019-10-27 19:12:08,1867001,9.0
2019-10-27 19:12:09,1868001,7.0
2019-10-27 19:12:10,1869002,6.0
2019-10-27 19:12:11,1870001,13.0
2019-10-27 19:12:12,1871001,11.0
2019-10-27 19:12:13,1872001,19.0
2019-10-27 19:12:14,1873001,30.0
2019-10-27 19:12:15,1874001,12.0
2019-10-27 19:12:16,1875001,11.0
2019-10-27 19:12:17,1876002,9.0
2019-10-27 19:12:18,1877001,9.0
2019-10-27 19:12:19,1878001,19.0
2019-10-27 19:12:20,1879001,12.0
2019-10-27 19:12:21,1880001,8.0
2019-10-27 19:12:22,1881001,20.0
2019-10-27 19:12:23,1882002,22.0
2019-10-27 19:12:24,1883001,8.0
2019-10-27 19:12:25,1884001,8.0
2019-10-27 19:12:26,1885001,6.0
2019-10-27 19:12:27,1886001,4.0
2019-10-27 19:12:28,1887001,4.0
2019-10-27 19:12:29,1888001,2.0
2019-10-27 19:12:30,1889001,2.0
2019-10-27 19:12:31,1890001,3.0
2019-10-27 19:12:32,1891001,17.0
2019-10-27 19:12:33,1892001,6.0
2019-10-27 19:12:34,1893001,3.0
2019-10-27 19:12:35,1894001,10.0
2019-10-27 19:12:36,1895001,4.0
2019-10-27 19:12:37,1896002,4.0
2019-10-27 19:12:38,1897001,11.0
2019-10-27 19:12:39,1898001,11.0
2019-10-27 19:12:40,1899001,5.0
2019-10-27 19:12:41,1900001,6.0
2019-10-27 19:12:42,1901001,3.0
2019-10-27 19:12:43,1902002,3.0
2019-10-27 19:12:44,1903001,4.0
2019-10-27 19:12:45,1904001,2.0
2019-10-27 19:12:46,1905001,1.0
2019-10-27 19:12:47,1906001,1.0
2019-10-27 19:12:48,1907001,2.0
2019-10-27 19:12:49,1908001,2.0
2019-10-27 19:12:50,1909002,2.0
2019-10-27 19:12:51,1910001,2.0
2019-10-27 19:12:52,1911001,2.0
2019-10-27 19:12:53,1912001,2.0
2019-10-27 19:12:54,1913001,3.0
2019-10-27 19:12:55,1914001,2.0
2019-10-27 19:12:56,1915001,2.0
2019-10-27 19:12:57,1916002,2.0
2019-10-27 19:12:58,1917001,2.0
2019-10-27 19:12:59,1918001,3.0
2019-10-27 19:13:00,1919001,2.0
2019-10-27 19:13:01,1920001,2.0
2019-10-27 19:13:02,1921001,2.0
2019-10-27 19:13:03,1922001,2.0
2019-10-27 19:13:04,1923001,2.0
2019-10-27 19:13:05,1924002,2.0
2019-10-27 19:13:06,1925001,2.0
2019-10-27 19:13:07,1926001,2.0
2019-10-27 19:13:08,1927001,2.0
2019-10-27 19:13:09,1928001,2.0
2019-10-27 19:13:10,1929001,2.0
2019-10-27 19:13:11,1930001,2.0
2019-10-27 19:13:12,1931002,2.0
2019-10-27 19:13:13,1932001,2.0
2019-10-27 19:13:14,1933001,2.0
2019-10-27 19:13:15,1934001,2.0
2019-10-27 19:13:16,1935002,2.0
2019-10-27 19:13:17,1936001,2.0
2019-10-27 19:13:18,1937001,2.0
2019-10-27 19:13:19,1938001,2.0
2019-10-27 19:13:20,1939001,2.0
2019-10-27 19:13:21,1940001,2.0
2019-10-27 19:13:22,1941002,2.0
2019-10-27 19:13:23,1942001,2.0
2019-10-27 19:13:24,1943001,2.0
2019-10-27 19:13:25,1944001,3.0
2019-10-27 19:13:26,1945001,2.0
2019-10-27 19:13:27,1946002,2.0
2019-10-27 19:13:28,1947001,2.0
2019-10-27 19:13:29,1948001,2.0
2019-10-27 19:13:30,1949001,2.0
2019-10-27 19:13:31,1950001,2.0
2019-10-27 19:13:32,1951001,2.0
2019-10-27 19:13:33,1952001,4.0
2019-10-27 19:13:34,1953001,2.0
2019-10-27 19:13:35,1954001,11.0
2019-10-27 19:13:36,1955001,4.0
2019-10-27 19:13:37,1956002,12.0
2019-10-27 19:13:38,1957001,2.0
2019-10-27 19:13:39,1958001,4.0
2019-10-27 19:13:40,1959001,13.0
2019-10-27 19:13:41,1960001,7.0
2019-10-27 19:13:42,1961001,41.0
2019-10-27 19:13:43,1962002,45.0
2019-10-27 19:13:44,1963001,4.0
2019-10-27 19:13:45,1964001,7.0
2019-10-27 19:13:46,1965001,8.0
2019-10-27 19:13:47,1966001,51.0
2019-10-27 19:13:48,1967001,28.0
2019-10-27 19:13:49,1968001,13.0
2019-10-27 19:13:50,1969002,3.0
2019-10-27 19:13:51,1970001,29.0
2019-10-27 19:13:52,1971001,31.0
2019-10-27 19:13:53,1972001,13.0
2019-10-27 19:13:54,1973001,6.0
2019-10-27 19:13:55,1974002,5.0
2019-10-27 19:13:56,1975001,34.0
2019-10-27 19:13:57,1976001,11.0
2019-10-27 19:13:58,1977001,5.0
2019-10-27 19:13:59,1978001,14.0
2019-10-27 19:14:00,1979001,49.0
2019-10-27 19:14:01,1980001,16.0
2019-10-27 19:14:02,1981002,3.0
2019-10-27 19:14:03,1982001,4.0
2019-10-27 19:14:04,1983001,2.0
2019-10-27 19:14:05,1984001,3.0
2019-10-27 19:14:06,1985001,21.0
2019-10-27 19:14:07,1986001,11.0
2019-10-27 19:14:08,1987001,5.0
2019-10-27 19:14:09,1988001,32.0
2019-10-27 19:14:10,1989002,13.0
2019-10-27 19:14:11,1990001,7.0
2019-10-27 19:14:12,1991001,26.0
2019-10-27 19:14:13,1992001,19.0
2019-10-27 19:14:14,1993001,9.0
2019-10-27 19:14:15,1994001,12.0
2019-10-27 19:14:16,1995001,21.0
2019-10-27 19:14:17,1996002,9.0
2019-10-27 19:14:18,1997001,5.0
2019-10-27 19:14:19,1998001,13.0
2019-10-27 19:14:20,1999001,5.0
2019-10-27 19:14:21,2000001,10.0
2019-10-27 19:14:22,2001002,6.0
2019-10-27 19:14:23,2002001,5.0
2019-10-27 19:14:24,2003001,4.0
2019-10-27 19:14:25,2004001,4.0
2019-10-27 19:14:26,2005001,5.0
2019-10-27 19:14:27,2006002,15.0
2019-10-27 19:14:28,2007001,19.0
2019-10-27 19:14:29,2008001,18.0
2019-10-27 19:14:30,2009001,8.0
2019-10-27 19:14:31,2010001,15.0
2019-10-27 19:14:32,2011001,13.0
2019-10-27 19:14:33,2012001,25.0
2019-10-27 19:14:34,2013001,27.0
2019-10-27 19:14:35,2014002,14.0
2019-10-27 19:14:36,2015001,6.0
2019-10-27 19:14:37,2016001,7.0
2019-10-27 19:14:38,2017001,8.0
2019-10-27 19:14:39,2018001,5.0
2019-10-27 19:14:40,2019002,8.0
2019-10-27 19:14:41,2020001,5.0
2019-10-27 19:14:42,2021001,18.0
2019-10-27 19:14:43,2022001,8.0
2019-10-27 19:14:44,2023001,5.0
2019-10-27 19:14:45,2024001,24.0
2019-10-27 19:14:46,2025001,9.0
2019-10-27 19:14:47,2026001,4.0
2019-10-27 19:14:48,2027002,23.0
2019-10-27 19:14:49,2028001,12.0
2019-10-27 19:14:50,2029001,8.0
2019-10-27 19:14:51,2030001,15.0
2019-10-27 19:14:52,2031001,7.0
2019-10-27 19:14:53,2032001,11.0
2019-10-27 19:14:54,2033002,14.0
2019-10-27 19:14:55,2034001,26.0
2019-10-27 19:14:56,2035001,11.0
2019-10-27 19:14:57,2036001,19.0
2019-10-27 19:14:58,2037001,8.0
2019-10-27 19:14:59,2038001,30.0
2019-10-27 19:15:00,2039001,15.0
2019-10-27 19:15:01,2040002,34.0
2019-10-27 19:15:02,2041001,9.0
2019-10-27 19:15:03,2042001,29.0
2019-10-27 19:15:04,2043001,12.0
2019-10-27 19:15:05,2044001,38.0
2019-10-27 19:15:06,2045001,6.0
2019-10-27 19:15:07,2046001,37.0
2019-10-27 19:15:08,2047001,11.0
2019-10-27 19:15:09,2048002,59.0
2019-10-27 19:15:10,2049001,14.0
2019-10-27 19:15:11,2050001,53.0
2019-10-27 19:15:12,2051001,8.0
2019-10-27 19:15:13,2052001,46.0
2019-10-27 19:15:14,2053001,15.0
2019-10-27 19:15:15,2054001,6.0
2019-10-27 19:15:16,2055002,41.0
2019-10-27 19:15:17,2056001,18.0
2019-10-27 19:15:18,2057001,43.0
2019-10-27 19:15:19,2058001,31.0
2019-10-27 19:15:20,2059001,16.0
2019-10-27 19:15:21,2060001,13.0
2019-10-27 19:15:22,2061002,10.0
2019-10-27 19:15:23,2062001,11.0
2019-10-27 19:15:24,2063001,43.0
2019-10-27 19:15:25,2064001,49.0
2019-10-27 19:15:26,2065001,43.0
2019-10-27 19:15:27,2066001,40.0
2019-10-27 19:15:28,2067001,39.0
2019-10-27 19:15:29,2068001,36.0
2019-10-27 19:15:30,2069002,30.0
2019-10-27 19:15:31,2070001,27.0
2019-10-27 19:15:32,2071001,22.0
2019-10-27 19:15:33,2072001,11.0
2019-10-27 19:15:34,2073001,21.0
2019-10-27 19:15:35,2074001,23.0
2019-10-27 19:15:36,2075001,21.0
2019-10-27 19:15:37,2076001,21.0
2019-10-27 19:15:38,2077001,20.0
2019-10-27 19:15:39,2078001,20.0
2019-10-27 19:15:40,2079001,23.0
2019-10-27 19:15:41,2080001,23.0
2019-10-27 19:15:42,2081001,20.0
2019-10-27 19:15:43,2082002,21.0
2019-10-27 19:15:44,2083001,20.0
2019-10-27 19:15:45,2084001,21.0
2019-10-27 19:15:46,2085001,21.0
2019-10-27 19:15:47,2086001,20.0
2019-10-27 19:15:48,2087001,20.0
2019-10-27 19:15:49,2088001,20.0
2019-10-27 19:15:50,2089001,19.0
2019-10-27 19:15:51,2090002,20.0
2019-10-27 19:15:52,2091001,19.0
2019-10-27 19:15:53,2092001,19.0
2019-10-27 19:15:54,2093001,19.0
2019-10-27 19:15:55,2094001,19.0
2019-10-27 19:15:56,2095001,19.0
2019-10-27 19:15:57,2096001,19.0
2019-10-27 19:15:58,2097001,19.0
2019-10-27 19:15:59,2098002,18.0
2019-10-27 19:16:00,2099001,18.0
2019-10-27 19:16:01,2100001,16.0
2019-10-27 19:16:02,2101001,16.0
2019-10-27 19:16:03,2102001,20.0
2019-10-27 19:16:04,2103001,16.0
2019-10-27 19:16:05,2104001,16.0
2019-10-27 19:16:06,2105002,40.0
2019-10-27 19:16:07,2106001,34.0
2019-10-27 19:16:08,2107001,32.0
2019-10-27 19:16:09,2108001,28.0
2019-10-27 19:16:10,2109001,14.0
2019-10-27 19:16:11,2110001,10.0
2019-10-27 19:16:12,2111001,26.0
2019-10-27 19:16:13,2112002,11.0
2019-10-27 19:16:14,2113001,19.0
2019-10-27 19:16:15,2114001,29.0
2019-10-27 19:16:16,2115001,13.0
2019-10-27 19:16:17,2116001,11.0
2019-10-27 19:16:18,2117001,35.0
2019-10-27 19:16:19,2118002,14.0
2019-10-27 19:16:20,2119001,16.0
2019-10-27 19:16:21,2120001,23.0
2019-10-27 19:16:22,2121001,8.0
2019-10-27 19:16:23,2122001,3.0
2019-10-27 19:16:24,2123001,28.0
2019-10-27 19:16:25,2124001,10.0
2019-10-27 19:16:26,2125002,6.0
2019-10-27 19:16:27,2126001,5.0
2019-10-27 19:16:28,2127001,26.0
2019-10-27 19:16:29,2128001,14.0
2019-10-27 19:16:30,2129001,19.0
2019-10-27 19:16:31,2130001,12.0
2019-10-27 19:16:32,2131001,7.0
2019-10-27 19:16:33,2132001,34.0
2019-10-27 19:16:34,2133002,8.0
2019-10-27 19:16:35,2134001,7.0
2019-10-27 19:16:36,2135001,28.0
2019-10-27 19:16:37,2136001,28.0
2019-10-27 19:16:38,2137001,8.0
2019-10-27 19:16:39,2138001,5.0
2019-10-27 19:16:40,2139001,29.0
2019-10-27 19:16:41,2140002,17.0
2019-10-27 19:16:42,2141001,8.0
2019-10-27 19:16:43,2142001,29.0
2019-10-27 19:16:44,2143001,15.0
2019-10-27 19:16:45,2144001,9.0
2019-10-27 19:16:46,2145001,7.0
2019-10-27 19:16:47,2146001,3.0
2019-10-27 19:16:48,2147001,23.0
2019-10-27 19:16:49,2148002,11.0
2019-10-27 19:16:50,2149001,8.0
2019-10-27 19:16:51,2150001,6.0
2019-10-27 19:16:52,2151001,7.0
2019-10-27 19:16:53,2152001,30.0
2019-10-27 19:16:54,2153001,12.0
2019-10-27 19:16:55,2154001,16.0
2019-10-27 19:16:56,2155001,23.0
2019-10-27 19:16:57,2156002,16.0
2019-10-27 19:16:58,2157001,6.0
2019-10-27 19:16:59,2158001,35.0
2019-10-27 19:17:00,2159001,28.0
2019-10-27 19:17:01,2160001,38.0
2019-10-27 19:17:02,2161001,27.0
2019-10-27 19:17:03,2162002,15.0
2019-10-27 19:17:04,2163001,28.0
2019-10-27 19:17:05,2164001,14.0
2019-10-27 19:17:06,2165001,14.0
2019-10-27 19:17:07,2166001,7.0
2019-10-27 19:17:08,2167002,22.0
2019-10-27 19:17:09,2168001,14.0
2019-10-27 19:17:10,2169001,19.0
2019-10-27 19:17:11,2170001,23.0
2019-10-27 19:17:12,2171001,16.0
2019-10-27 19:17:13,2172002,6.0
2019-10-27 19:17:14,2173001,5.0
2019-10-27 19:17:15,2174001,6.0
2019-10-27 19:17:16,2175001,62.0
2019-10-27 19:17:17,2176001,54.0
2019-10-27 19:17:18,2177001,36.0
2019-10-27 19:17:19,2178002,3.0
2019-10-27 19:17:20,2179001,7.0
2019-10-27 19:17:21,2180001,3.0
2019-10-27 19:17:22,2181001,3.0
2019-10-27 19:17:23,2182002,3.0
2019-10-27 19:17:24,2183001,3.0
2019-10-27 19:17:25,2184001,3.0
2019-10-27 19:17:26,2185001,3.0
2019-10-27 19:17:27,2186001,4.0
2019-10-27 19:17:28,2187002,4.0
2019-10-27 19:17:29,2188001,4.0
2019-10-27 19:17:30,2189001,4.0
2019-10-27 19:17:31,2190001,4.0
2019-10-27 19:17:32,2191001,4.0
2019-10-27 19:17:33,2192001,4.0
2019-10-27 19:17:34,2193002,4.0
2019-10-27 19:17:35,2194001,4.0
2019-10-27 19:17:36,2195001,4.0
2019-10-27 19:17:37,2196002,4.0
2019-10-27 19:17:38,2197001,4.0
2019-10-27 19:17:39,2198001,4.0
2019-10-27 19:17:40,2199001,4.0
2019-10-27 19:17:41,2200001,4.0
2019-10-27 19:17:42,2201002,4.0
2019-10-27 19:17:43,2202001,3.0
2019-10-27 19:17:44,2203002,4.0
2019-10-27 19:17:45,2204001,4.0
2019-10-27 19:17:46,2205001,4.0
2019-10-27 19:17:47,2206001,4.0
2019-10-27 19:17:48,2207001,4.0
2019-10-27 19:17:49,2208002,4.0
2019-10-27 19:17:50,2209001,4.0
2019-10-27 19:17:51,2210001,4.0
2019-10-27 19:17:52,2211002,4.0
2019-10-27 19:17:53,2212001,4.0
2019-10-27 19:17:54,2213002,5.0
2019-10-27 19:17:55,2214001,5.0
2019-10-27 19:17:56,2215001,7.0
2019-10-27 19:17:57,2216001,9.0
2019-10-27 19:17:58,2217001,6.0
2019-10-27 19:17:59,2218002,9.0
2019-10-27 19:18:00,2219001,48.0
2019-10-27 19:18:01,2220001,5.0
2019-10-27 19:18:02,2221002,4.0
2019-10-27 19:18:03,2222001,3.0
2019-10-27 19:18:04,2223001,3.0
2019-10-27 19:18:05,2224001,3.0
2019-10-27 19:18:06,2225001,5.0
2019-10-27 19:18:07,2226001,6.0
2019-10-27 19:18:08,2227002,4.0
2019-10-27 19:18:09,2228001,7.0
2019-10-27 19:18:10,2229001,12.0
2019-10-27 19:18:11,2230001,11.0
2019-10-27 19:18:12,2231001,7.0
2019-10-27 19:18:13,2232001,7.0
2019-10-27 19:18:14,2233001,7.0
2019-10-27 19:18:15,2234001,8.0
2019-10-27 19:18:16,2235002,31.0
2019-10-27 19:18:17,2236001,5.0
2019-10-27 19:18:18,2237001,5.0
2019-10-27 19:18:19,2238002,4.0
2019-10-27 19:18:20,2239001,4.0
2019-10-27 19:18:21,2240001,3.0
2019-10-27 19:18:22,2241001,2.0
2019-10-27 19:18:23,2242001,4.0
2019-10-27 19:18:24,2243002,4.0
2019-10-27 19:18:25,2244001,6.0
2019-10-27 19:18:26,2245001,7.0
2019-10-27 19:18:27,2246001,7.0
2019-10-27 19:18:28,2247001,7.0
2019-10-27 19:18:29,2248002,7.0
2019-10-27 19:18:30,2249001,7.0
2019-10-27 19:18:31,2250001,7.0
2019-10-27 19:18:32,2251001,7.0
2019-10-27 19:18:33,2252001,7.0
2019-10-27 19:18:34,2253002,7.0
2019-10-27 19:18:35,2254001,7.0
2019-10-27 19:18:36,2255001,7.0
2019-10-27 19:18:37,2256001,7.0
2019-10-27 19:18:38,2257001,7.0
2019-10-27 19:18:39,2258002,7.0
2019-10-27 19:18:40,2259001,7.0
2019-10-27 19:18:41,2260001,7.0
2019-10-27 19:18:42,2261002,7.0
2019-10-27 19:18:43,2262002,7.0
2019-10-27 19:18:44,2263001,6.0
2019-10-27 19:18:45,2264001,3.0
2019-10-27 19:18:46,2265001,2.0
2019-10-27 19:18:47,2266002,2.0
2019-10-27 19:18:48,2267001,17.0
2019-10-27 19:18:49,2268001,3.0
2019-10-27 19:18:50,2269001,3.0
2019-10-27 19:18:51,2270001,5.0
2019-10-27 19:18:52,2271002,6.0
2019-10-27 19:18:53,2272001,10.0
2019-10-27 19:18:54,2273001,22.0
2019-10-27 19:18:55,2274002,36.0
2019-10-27 19:18:56,2275001,12.0
2019-10-27 19:18:57,2276001,8.0
2019-10-27 19:18:58,2277002,7.0
2019-10-27 19:18:59,2278001,8.0
2019-10-27 19:19:00,2279001,31.0
2019-10-27 19:19:01,2280001,5.0
2019-10-27 19:19:02,2281001,6.0
2019-10-27 19:19:03,2282002,58.0
2019-10-27 19:19:04,2283001,4.0
2019-10-27 19:19:05,2284001,11.0
2019-10-27 19:19:06,2285001,4.0
2019-10-27 19:19:07,2286002,4.0
2019-10-27 19:19:08,2287001,68.0
2019-10-27 19:19:09,2288001,6.0
2019-10-27 19:19:10,2289001,15.0
2019-10-27 19:19:11,2290002,15.0
2019-10-27 19:19:12,2291001,3.0
2019-10-27 19:19:13,2292001,65.0
2019-10-27 19:19:14,2293001,18.0
2019-10-27 19:19:15,2294002,22.0
2019-10-27 19:19:16,2295001,10.0
2019-10-27 19:19:17,2296001,18.0
2019-10-27 19:19:18,2297001,22.0
2019-10-27 19:19:19,2298001,13.0
2019-10-27 19:19:20,2299002,27.0
2019-10-27 19:19:21,2300001,18.0
2019-10-27 19:19:22,2301001,29.0
2019-10-27 19:19:23,2302001,20.0
2019-10-27 19:19:24,2303002,9.0
2019-10-27 19:19:25,2304001,11.0
2019-10-27 19:19:26,2305001,16.0
2019-10-27 19:19:27,2306001,76.0
2019-10-27 19:19:28,2307001,30.0
2019-10-27 19:19:29,2308002,36.0
2019-10-27 19:19:30,2309001,41.0
2019-10-27 19:19:31,2310001,24.0
2019-10-27 19:19:32,2311001,18.0
2019-10-27 19:19:33,2312002,21.0
2019-10-27 19:19:34,2313001,33.0
2019-10-27 19:19:35,2314001,16.0
2019-10-27 19:19:36,2315001,19.0
2019-10-27 19:19:37,2316001,23.0
2019-10-27 19:19:38,2317002,9.0
2019-10-27 19:19:39,2318001,6.0
2019-10-27 19:19:40,2319001,8.0
2019-10-27 19:19:41,2320001,7.0
2019-10-27 19:19:42,2321002,6.0
2019-10-27 19:19:43,2322001,5.0
2019-10-27 19:19:44,2323001,9.0
2019-10-27 19:19:45,2324002,62.0
2019-10-27 19:19:46,2325001,137.0
2019-10-27 19:19:47,2326001,19.0
2019-10-27 19:19:48,2327002,14.0
2019-10-27 19:19:49,2328001,8.0
2019-10-27 19:19:50,2329001,36.0
2019-10-27 19:19:51,2330001,81.0
2019-10-27 19:19:52,2331001,14.0
2019-10-27 19:19:53,2332002,8.0
2019-10-27 19:19:54,2333001,9.0
2019-10-27 19:19:55,2334001,18.0
2019-10-27 19:19:56,2335001,9.0
2019-10-27 19:19:57,2336002,40.0
2019-10-27 19:19:58,2337001,16.0
2019-10-27 19:19:59,2338001,23.0
2019-10-27 19:20:00,2339001,6.0
2019-10-27 19:20:01,2340001,8.0
2019-10-27 19:20:02,2341002,21.0
2019-10-27 19:20:03,2342001,3.0
2019-10-27 19:20:04,2343001,2.0
2019-10-27 19:20:05,2344002,5.0
2019-10-27 19:20:06,2345001,36.0
2019-10-27 19:20:07,2346001,2.0
2019-10-27 19:20:08,2347001,0.0
2019-10-27 19:20:09,2348002,0.0
2019-10-27 19:20:10,2349001,1.0
2019-10-27 19:20:11,2350001,3.0
2019-10-27 19:20:12,2351001,4.0
2019-10-27 19:20:13,2352001,11.0
2019-10-27 19:20:14,2353002,25.0
2019-10-27 19:20:15,2354001,32.0
2019-10-27 19:20:16,2355001,2.0
2019-10-27 19:20:17,2356001,1.0
2019-10-27 19:20:18,2357002,1.0
2019-10-27 19:20:19,2358001,0.0
2019-10-27 19:20:20,2359001,1.0
2019-10-27 19:20:21,2360001,2.0
2019-10-27 19:20:22,2361002,6.0
2019-10-27 19:20:23,2362001,10.0
2019-10-27 19:20:24,2363001,34.0
2019-10-27 19:20:25,2364001,6.0
2019-10-27 19:20:26,2365002,5.0
2019-10-27 19:20:27,2366001,2.0
2019-10-27 19:20:28,2367001,4.0
2019-10-27 19:20:29,2368001,3.0
2019-10-27 19:20:30,2369002,5.0
2019-10-27 19:20:31,2370001,4.0
2019-10-27 19:20:32,2371001,5.0
2019-10-27 19:20:33,2372002,4.0
2019-10-27 19:20:34,2373001,0.0
2019-10-27 19:20:35,2374001,2.0
2019-10-27 19:20:36,2375001,0.0
2019-10-27 19:20:37,2376001,0.0
2019-10-27 19:20:38,2377002,4.0
2019-10-27 19:20:39,2378001,0.0
2019-10-27 19:20:40,2379001,2.0
2019-10-27 19:20:41,2380002,0.0
2019-10-27 19:20:42,2381001,0.0
2019-10-27 19:20:43,2382001,0.0
2019-10-27 19:20:44,2383001,0.0
2019-10-27 19:20:45,2384002,0.0
2019-10-27 19:20:46,2385001,0.0
2019-10-27 19:20:47,2386001,0.0
2019-10-27 19:20:48,2387002,0.0
2019-10-27 19:20:49,2388001,0.0
2019-10-27 19:20:50,2389001,0.0
2019-10-27 19:20:51,2390001,0.0
2019-10-27 19:20:52,2391002,0.0
2019-10-27 19:20:53,2392001,0.0
2019-10-27 19:20:54,2393001,0.0
2019-10-27 19:20:55,2394002,0.0
2019-10-27 19:20:56,2395001,0.0
2019-10-27 19:20:57,2396001,0.0
2019-10-27 19:20:58,2397001,0.0
2019-10-27 19:20:59,2398001,0.0
2019-10-27 19:21:00,2399002,0.0
2019-10-27 19:21:01,2400001,0.0
2019-10-27 19:21:02,2401001,0.0
2019-10-27 19:21:03,2402002,0.0
2019-10-27 19:21:04,2403001,0.0
2019-10-27 19:21:05,2404001,0.0
2019-10-27 19:21:06,2405001,0.0
2019-10-27 19:21:07,2406002,0.0
2019-10-27 19:21:08,2407001,0.0
2019-10-27 19:21:09,2408001,0.0
2019-10-27 19:21:10,2409001,0.0
2019-10-27 19:21:11,2410001,0.0
2019-10-27 19:21:12,2411002,0.0
2019-10-27 19:21:13,2412001,0.0
2019-10-27 19:21:14,2413001,0.0
2019-10-27 19:21:15,2414002,0.0
2019-10-27 19:21:16,2415001,0.0
2019-10-27 19:21:17,2416001,0.0
2019-10-27 19:21:18,2417001,0.0
2019-10-27 19:21:19,2418001,0.0
2019-10-27 19:21:20,2419002,0.0
2019-10-27 19:21:21,2420001,4.0
2019-10-27 19:21:22,2421001,6.0
2019-10-27 19:21:23,2422001,6.0
2019-10-27 19:21:24,2423002,7.0
2019-10-27 19:21:25,2424001,0.0
2019-10-27 19:21:26,2425001,0.0
2019-10-27 19:21:27,2426002,0.0
2019-10-27 19:21:28,2427001,0.0
2019-10-27 19:21:29,2428001,0.0
2019-10-27 19:21:30,2429001,0.0
2019-10-27 19:21:31,2430001,0.0
2019-10-27 19:21:32,2431001,0.0
2019-10-27 19:21:33,2432002,0.0
2019-10-27 19:21:34,2433001,0.0
2019-10-27 19:21:35,2434002,0.0
2019-10-27 19:21:36,2435001,0.0
2019-10-27 19:21:37,2436001,0.0
2019-10-27 19:21:38,2437002,0.0
2019-10-27 19:21:39,2438001,0.0
2019-10-27 19:21:40,2439001,0.0
2019-10-27 19:21:41,2440002,0.0
2019-10-27 19:21:42,2441001,0.0
2019-10-27 19:21:43,2442001,0.0
2019-10-27 19:21:44,2443001,0.0
2019-10-27 19:21:45,2444002,0.0
2019-10-27 19:21:46,2445001,0.0
2019-10-27 19:21:47,2446002,0.0
2019-10-27 19:21:48,2447001,0.0
2019-10-27 19:21:49,2448001,0.0
2019-10-27 19:21:50,2449001,0.0
2019-10-27 19:21:51,2450002,0.0
2019-10-27 19:21:52,2451001,0.0
2019-10-27 19:21:53,2452001,0.0
2019-10-27 19:21:54,2453001,0.0
2019-10-27 19:21:55,2454002,0.0
2019-10-27 19:21:56,2455002,0.0
2019-10-27 19:21:57,2456001,0.0
2019-10-27 19:21:58,2457001,0.0
2019-10-27 19:21:59,2458001,0.0
2019-10-27 19:22:00,2459001,0.0
2019-10-27 19:22:01,2460002,0.0
2019-10-27 19:22:02,2461001,0.0
2019-10-27 19:22:03,2462001,3.0
2019-10-27 19:22:04,2463001,0.0
2019-10-27 19:22:05,2464002,0.0
2019-10-27 19:22:06,2465001,0.0
2019-10-27 19:22:07,2466001,0.0
2019-10-27 19:22:08,2467001,0.0
2019-10-27 19:22:09,2468001,0.0
2019-10-27 19:22:10,2469002,0.0
2019-10-27 19:22:11,2470001,0.0
2019-10-27 19:22:12,2471001,0.0
2019-10-27 19:22:13,2472001,0.0
2019-10-27 19:22:14,2473001,0.0
2019-10-27 19:22:15,2474002,0.0
2019-10-27 19:22:16,2475001,1.0
2019-10-27 19:22:17,2476001,0.0
2019-10-27 19:22:18,2477001,0.0
2019-10-27 19:22:19,2478001,1.0
2019-10-27 19:22:20,2479002,1.0
2019-10-27 19:22:21,2480001,2.0
2019-10-27 19:22:22,2481001,2.0
2019-10-27 19:22:23,2482002,4.0
2019-10-27 19:22:24,2483001,5.0
2019-10-27 19:22:25,2484001,6.0
2019-10-27 19:22:26,2485001,11.0
2019-10-27 19:22:27,2486002,26.0
2019-10-27 19:22:28,2487001,51.0
2019-10-27 19:22:29,2488003,81.0
2019-10-27 19:22:30,2489001,88.0
2019-10-27 19:22:31,2490001,61.0
2019-10-27 19:22:32,2491002,54.0
2019-10-27 19:22:33,2492001,9.0
2019-10-27 19:22:34,2493001,53.0
2019-10-27 19:22:35,2494001,60.0
2019-10-27 19:22:36,2495002,76.0
2019-10-27 19:22:37,2496001,54.0
2019-10-27 19:22:38,2497002,48.0
2019-10-27 19:22:39,2498001,44.0
2019-10-27 19:22:40,2499001,29.0
2019-10-27 19:22:41,2500001,21.0
2019-10-27 19:22:42,2501002,19.0
2019-10-27 19:22:43,2502001,20.0
2019-10-27 19:22:44,2503001,21.0
2019-10-27 19:22:45,2504002,17.0
2019-10-27 19:22:46,2505001,17.0
2019-10-27 19:22:47,2506001,18.0
2019-10-27 19:22:48,2507001,8.0
2019-10-27 19:22:49,2508002,13.0
2019-10-27 19:22:50,2509001,13.0
2019-10-27 19:22:51,2510001,18.0
2019-10-27 19:22:52,2511001,24.0
2019-10-27 19:22:53,2512002,45.0
2019-10-27 19:22:54,2513001,32.0
2019-10-27 19:22:55,2514001,40.0
2019-10-27 19:22:56,2515001,62.0
2019-10-27 19:22:57,2516002,36.0
2019-10-27 19:22:58,2517001,19.0
2019-10-27 19:22:59,2518001,18.0
2019-10-27 19:23:00,2519001,25.0
2019-10-27 19:23:01,2520001,36.0
2019-10-27 19:23:02,2521002,35.0
2019-10-27 19:23:03,2522001,42.0
2019-10-27 19:23:04,2523001,19.0
2019-10-27 19:23:05,2524001,21.0
2019-10-27 19:23:06,2525002,48.0
2019-10-27 19:23:07,2526001,38.0
